date,value
2007-01-05,24.270000457763672
2007-01-08,24.329999923706055
2007-01-09,24.100000381469727
2007-01-10,23.100000381469727
2007-01-11,22.389999389648438
2007-01-12,22.780000686645508
2007-01-16,22.030000686645508
2007-01-17,22.350000381469727
2007-01-18,21.959999084472656
2007-01-19,22.790000915527344
2007-01-22,22.43000030517578
2007-01-23,23.149999618530273
2007-01-24,23.299999237060547
2007-01-25,23.010000228881836
2007-01-26,23.489999771118164
2007-01-29,22.81999969482422
2007-01-30,23.8700008392334
2007-01-31,24.440000534057617
2007-02-01,24.059999465942383
2007-02-02,24.780000686645508
2007-02-05,24.809999465942383
2007-02-06,24.59000015258789
2007-02-07,24.260000228881836
2007-02-08,25.1299991607666
2007-02-09,25.079999923706055
2007-02-12,24.399999618530273
2007-02-13,24.959999084472656
2007-02-14,24.440000534057617
2007-02-15,24.299999237060547
2007-02-16,24.889999389648438
2007-02-20,24.549999237060547
2007-02-21,24.950000762939453
2007-02-22,25.469999313354492
2007-02-23,25.6200008392334
2007-02-26,25.850000381469727
2007-02-27,25.25
2007-02-28,26.100000381469727
2007-03-01,25.959999084472656
2007-03-02,25.850000381469727
2007-03-05,25.110000610351562
2007-03-06,25.43000030517578
2007-03-07,26.149999618530273
2007-03-08,26.079999923706055
2007-03-09,25.450000762939453
2007-03-12,25.0
2007-03-13,24.920000076293945
2007-03-14,25.030000686645508
2007-03-15,24.90999984741211
2007-03-16,24.739999771118164
2007-03-19,24.8700008392334
2007-03-20,24.760000228881836
2007-03-21,24.75
2007-03-22,25.520000457763672
2007-03-23,25.639999389648438
2007-03-26,26.049999237060547
2007-03-27,26.0
2007-03-28,26.489999771118164
2007-03-29,27.399999618530273
2007-03-30,27.149999618530273
2007-04-02,27.229999542236328
2007-04-03,26.719999313354492
2007-04-04,26.520000457763672
2007-04-05,26.579999923706055
2007-04-09,25.75
2007-04-10,26.329999923706055
2007-04-11,26.299999237060547
2007-04-12,26.559999465942383
2007-04-13,26.579999923706055
2007-04-16,26.43000030517578
2007-04-17,25.969999313354492
2007-04-18,26.010000228881836
2007-04-19,25.739999771118164
2007-04-20,25.920000076293945
2007-04-23,26.479999542236328
2007-04-24,26.010000228881836
2007-04-25,26.639999389648438
2007-04-26,26.329999923706055
2007-04-27,26.639999389648438
2007-04-30,26.510000228881836
2007-05-01,26.350000381469727
2007-05-02,26.260000228881836
2007-05-03,26.290000915527344
2007-05-04,26.020000457763672
2007-05-07,25.780000686645508
2007-05-08,25.899999618530273
2007-05-09,25.75
2007-05-10,25.93000030517578
2007-05-11,26.030000686645508
2007-05-14,25.8799991607666
2007-05-15,26.25
2007-05-16,25.899999618530273
2007-05-17,26.549999237060547
2007-05-18,26.510000228881836
2007-05-21,26.780000686645508
2007-05-22,26.3700008392334
2007-05-23,26.559999465942383
2007-05-24,26.3700008392334
2007-05-25,26.530000686645508
2007-05-29,25.8799991607666
2007-05-30,25.940000534057617
2007-05-31,26.010000228881836
2007-06-01,26.31999969482422
2007-06-04,26.700000762939453
2007-06-05,26.530000686645508
2007-06-06,26.56999969482422
2007-06-07,26.790000915527344
2007-06-08,26.030000686645508
2007-06-11,26.5
2007-06-12,26.3700008392334
2007-06-13,26.729999542236328
2007-06-14,26.959999084472656
2007-06-15,27.1299991607666
2007-06-18,27.40999984741211
2007-06-19,27.239999771118164
2007-06-20,26.84000015258789
2007-06-21,26.90999984741211
2007-06-22,27.219999313354492
2007-06-25,27.280000686645508
2007-06-26,26.760000228881836
2007-06-27,26.729999542236328
2007-06-28,26.829999923706055
2007-06-29,27.100000381469727
2007-07-02,27.309999465942383
2007-07-03,27.399999618530273
2007-07-05,27.459999084472656
2007-07-06,27.6299991607666
2007-07-09,27.670000076293945
2007-07-10,27.790000915527344
2007-07-11,27.700000762939453
2007-07-12,27.639999389648438
2007-07-13,27.75
2007-07-16,27.479999542236328
2007-07-17,27.200000762939453
2007-07-18,27.65999984741211
2007-07-19,27.899999618530273
2007-07-20,27.68000030517578
2007-07-23,27.719999313354492
2007-07-24,27.219999313354492
2007-07-25,27.8700008392334
2007-07-26,27.190000534057617
2007-07-27,27.65999984741211
2007-07-30,27.549999237060547
2007-07-31,27.84000015258789
2007-08-01,27.709999084472656
2007-08-02,27.950000762939453
2007-08-03,27.540000915527344
2007-08-06,26.760000228881836
2007-08-07,26.899999618530273
2007-08-08,26.68000030517578
2007-08-09,26.520000457763672
2007-08-10,26.40999984741211
2007-08-13,26.239999771118164
2007-08-14,26.3700008392334
2007-08-15,26.65999984741211
2007-08-16,26.040000915527344
2007-08-17,26.34000015258789
2007-08-20,26.100000381469727
2007-08-21,25.799999237060547
2007-08-22,25.670000076293945
2007-08-23,26.030000686645508
2007-08-24,26.34000015258789
2007-08-27,26.610000610351562
2007-08-28,26.260000228881836
2007-08-29,26.690000534057617
2007-08-30,26.459999084472656
2007-08-31,26.6200008392334
2007-09-04,26.920000076293945
2007-09-05,26.90999984741211
2007-09-06,27.049999237060547
2007-09-07,27.329999923706055
2007-09-10,27.59000015258789
2007-09-11,27.75
2007-09-12,28.15999984741211
2007-09-13,28.229999542236328
2007-09-14,28.15999984741211
2007-09-17,28.549999237060547
2007-09-18,28.8799991607666
2007-09-19,28.81999969482422
2007-09-20,29.40999984741211
2007-09-21,29.59000015258789
2007-09-24,29.440000534057617
2007-09-25,28.93000030517578
2007-09-26,28.84000015258789
2007-09-27,29.56999969482422
2007-09-28,29.3700008392334
2007-10-01,28.979999542236328
2007-10-02,28.84000015258789
2007-10-03,28.649999618530273
2007-10-04,29.440000534057617
2007-10-05,29.469999313354492
2007-10-08,28.739999771118164
2007-10-09,29.229999542236328
2007-10-10,29.5
2007-10-11,30.049999237060547
2007-10-12,30.170000076293945
2007-10-15,30.940000534057617
2007-10-16,31.209999084472656
2007-10-17,30.8700008392334
2007-10-18,31.6200008392334
2007-10-19,31.3799991607666
2007-10-22,31.200000762939453
2007-10-23,30.989999771118164
2007-10-24,31.350000381469727
2007-10-25,32.38999938964844
2007-10-26,32.880001068115234
2007-10-29,33.900001525878906
2007-10-30,32.70000076293945
2007-10-31,33.79999923706055
2007-11-01,33.45000076293945
2007-11-02,34.439998626708984
2007-11-05,34.20000076293945
2007-11-06,34.779998779296875
2007-11-07,34.75
2007-11-08,34.79999923706055
2007-11-09,34.869998931884766
2007-11-12,34.279998779296875
2007-11-13,33.0
2007-11-14,33.75
2007-11-15,33.650001525878906
2007-11-16,34.189998626708984
2007-11-19,34.560001373291016
2007-11-20,35.84000015258789
2007-11-21,35.36000061035156
2007-11-23,35.59000015258789
2007-11-26,35.599998474121094
2007-11-27,34.65999984741211
2007-11-28,33.810001373291016
2007-11-29,33.619998931884766
2007-11-30,33.15999984741211
2007-12-03,33.529998779296875
2007-12-04,33.150001525878906
2007-12-05,32.849998474121094
2007-12-06,33.68000030517578
2007-12-07,33.04999923706055
2007-12-10,33.25
2007-12-11,33.61000061035156
2007-12-12,35.18000030517578
2007-12-13,34.86000061035156
2007-12-14,34.4900016784668
2007-12-17,32.900001525878906
2007-12-18,33.029998779296875
2007-12-19,33.08000183105469
2007-12-20,33.150001525878906
2007-12-21,33.599998474121094
2007-12-24,33.54999923706055
2007-12-26,34.400001525878906
2007-12-27,34.790000915527344
2007-12-28,34.709999084472656
2007-12-31,34.709999084472656
2008-01-02,35.79999923706055
2008-01-03,35.83000183105469
2008-01-04,35.459999084472656
2008-01-07,34.599998474121094
2008-01-08,34.810001373291016
2008-01-09,34.5099983215332
2008-01-10,33.97999954223633
2008-01-11,33.4900016784668
2008-01-14,34.0
2008-01-15,33.41999816894531
2008-01-16,32.790000915527344
2008-01-17,32.470001220703125
2008-01-18,32.83000183105469
2008-01-22,32.43000030517578
2008-01-23,31.780000686645508
2008-01-24,32.40999984741211
2008-01-25,33.06999969482422
2008-01-28,33.400001525878906
2008-01-29,33.369998931884766
2008-01-30,33.459999084472656
2008-01-31,33.369998931884766
2008-02-01,32.56999969482422
2008-02-04,32.9900016784668
2008-02-05,32.40999984741211
2008-02-06,31.8799991607666
2008-02-07,32.36000061035156
2008-02-08,33.5099983215332
2008-02-11,34.4900016784668
2008-02-12,33.869998931884766
2008-02-13,34.13999938964844
2008-02-14,34.88999938964844
2008-02-15,35.040000915527344
2008-02-19,36.31999969482422
2008-02-20,36.470001220703125
2008-02-21,35.58000183105469
2008-02-22,36.18000030517578
2008-02-25,36.369998931884766
2008-02-26,37.0
2008-02-27,36.439998626708984
2008-02-28,37.58000183105469
2008-02-29,37.22999954223633
2008-03-03,37.529998779296875
2008-03-04,36.459999084472656
2008-03-05,38.18000030517578
2008-03-06,38.400001525878906
2008-03-07,38.66999816894531
2008-03-10,39.279998779296875
2008-03-11,39.45000076293945
2008-03-12,39.9900016784668
2008-03-13,39.970001220703125
2008-03-14,39.900001525878906
2008-03-17,38.439998626708984
2008-03-18,39.470001220703125
2008-03-19,37.599998474121094
2008-03-20,37.31999969482422
2008-03-24,36.93000030517578
2008-03-25,37.5
2008-03-26,38.900001525878906
2008-03-27,39.459999084472656
2008-03-28,38.689998626708984
2008-03-31,37.439998626708984
2008-04-01,37.04999923706055
2008-04-02,38.29999923706055
2008-04-03,38.31999969482422
2008-04-04,38.959999084472656
2008-04-07,40.20000076293945
2008-04-08,40.150001525878906
2008-04-09,41.02000045776367
2008-04-10,40.54999923706055
2008-04-11,40.75
2008-04-14,41.34000015258789
2008-04-15,42.08000183105469
2008-04-16,42.33000183105469
2008-04-17,42.349998474121094
2008-04-18,43.130001068115234
2008-04-21,43.38999938964844
2008-04-22,43.720001220703125
2008-04-23,43.88999938964844
2008-04-24,42.86000061035156
2008-04-25,43.849998474121094
2008-04-28,44.099998474121094
2008-04-29,42.7400016784668
2008-04-30,42.619998931884766
2008-05-01,41.529998779296875
2008-05-02,43.130001068115234
2008-05-05,44.5
2008-05-06,45.119998931884766
2008-05-07,45.90999984741211
2008-05-08,46.369998931884766
2008-05-09,46.9900016784668
2008-05-12,46.150001525878906
2008-05-13,46.810001373291016
2008-05-14,46.11000061035156
2008-05-15,46.06999969482422
2008-05-16,46.9900016784668
2008-05-19,47.150001525878906
2008-05-20,48.029998779296875
2008-05-21,49.70000076293945
2008-05-22,48.52000045776367
2008-05-23,49.0
2008-05-27,47.79999923706055
2008-05-28,48.52000045776367
2008-05-29,46.97999954223633
2008-05-30,47.400001525878906
2008-06-02,47.439998626708984
2008-06-03,46.13999938964844
2008-06-04,45.2599983215332
2008-06-05,47.380001068115234
2008-06-06,50.54999923706055
2008-06-09,49.849998474121094
2008-06-10,48.90999984741211
2008-06-11,51.09000015258789
2008-06-12,51.150001525878906
2008-06-13,50.58000183105469
2008-06-16,50.560001373291016
2008-06-17,50.630001068115234
2008-06-18,51.25
2008-06-19,49.689998626708984
2008-06-20,50.220001220703125
2008-06-23,53.0
2008-06-24,51.349998474121094
2008-06-25,50.4900016784668
2008-06-26,52.63999938964844
2008-06-27,52.81999969482422
2008-06-30,52.88999938964844
2008-07-01,53.38999938964844
2008-07-02,54.43000030517578
2008-07-03,54.790000915527344
2008-07-07,53.810001373291016
2008-07-08,51.84000015258789
2008-07-09,51.720001220703125
2008-07-10,53.619998931884766
2008-07-11,54.93000030517578
2008-07-14,55.0099983215332
2008-07-15,53.0
2008-07-16,51.11000061035156
2008-07-17,49.65999984741211
2008-07-18,49.2400016784668
2008-07-21,50.11000061035156
2008-07-22,48.880001068115234
2008-07-23,47.43000030517578
2008-07-24,47.61000061035156
2008-07-25,46.810001373291016
2008-07-28,47.43000030517578
2008-07-29,45.2599983215332
2008-07-30,48.029998779296875
2008-07-31,46.88999938964844
2008-08-01,47.150001525878906
2008-08-04,45.619998931884766
2008-08-05,44.560001373291016
2008-08-06,44.31999969482422
2008-08-07,44.459999084472656
2008-08-08,43.380001068115234
2008-08-11,43.36000061035156
2008-08-12,42.77000045776367
2008-08-13,43.79999923706055
2008-08-14,43.56999969482422
2008-08-15,43.2599983215332
2008-08-18,42.880001068115234
2008-08-19,43.65999984741211
2008-08-20,44.36000061035156
2008-08-21,46.529998779296875
2008-08-22,44.209999084472656
2008-08-25,44.4900016784668
2008-08-26,44.650001525878906
2008-08-27,45.25
2008-08-28,44.220001220703125
2008-08-29,44.150001525878906
2008-09-02,42.90999984741211
2008-09-03,42.58000183105469
2008-09-04,41.65999984741211
2008-09-05,40.91999816894531
2008-09-08,41.18000030517578
2008-09-09,39.25
2008-09-10,39.810001373291016
2008-09-11,38.81999969482422
2008-09-12,38.810001373291016
2008-09-15,36.599998474121094
2008-09-16,35.560001373291016
2008-09-17,36.91999816894531
2008-09-18,38.04999923706055
2008-09-19,40.0
2008-09-22,40.9900016784668
2008-09-23,40.0099983215332
2008-09-24,39.54999923706055
2008-09-25,40.599998474121094
2008-09-26,40.349998474121094
2008-09-29,36.869998931884766
2008-09-30,38.41999816894531
2008-10-01,37.63999938964844
2008-10-02,35.959999084472656
2008-10-03,35.29999923706055
2008-10-06,33.63999938964844
2008-10-07,33.540000915527344
2008-10-08,33.58000183105469
2008-10-09,33.5
2008-10-10,31.479999542236328
2008-10-13,30.600000381469727
2008-10-14,31.0
2008-10-15,29.450000762939453
2008-10-16,28.579999923706055
2008-10-17,28.670000076293945
2008-10-20,29.93000030517578
2008-10-21,28.59000015258789
2008-10-22,26.0
2008-10-23,27.299999237060547
2008-10-24,25.610000610351562
2008-10-27,25.079999923706055
2008-10-28,25.6299991607666
2008-10-29,27.059999465942383
2008-10-30,26.299999237060547
2008-10-31,27.290000915527344
2008-11-03,25.950000762939453
2008-11-04,28.329999923706055
2008-11-05,26.93000030517578
2008-11-06,25.260000228881836
2008-11-07,25.190000534057617
2008-11-10,25.610000610351562
2008-11-11,24.530000686645508
2008-11-12,23.389999389648438
2008-11-13,24.610000610351562
2008-11-14,23.709999084472656
2008-11-17,23.0
2008-11-18,22.639999389648438
2008-11-19,22.350000381469727
2008-11-20,20.93000030517578
2008-11-21,21.170000076293945
2008-11-24,22.299999237060547
2008-11-25,21.729999542236328
2008-11-26,23.309999465942383
2008-11-28,22.399999618530273
2008-12-01,21.399999618530273
2008-12-02,20.770000457763672
2008-12-03,20.760000228881836
2008-12-04,19.739999771118164
2008-12-05,19.399999618530273
2008-12-08,20.3799991607666
2008-12-09,19.75
2008-12-10,19.75
2008-12-11,21.260000228881836
2008-12-12,21.239999771118164
2008-12-15,20.579999923706055
2008-12-16,20.489999771118164
2008-12-17,20.020000457763672
2008-12-18,19.420000076293945
2008-12-19,19.389999389648438
2008-12-22,18.219999313354492
2008-12-23,17.860000610351562
2008-12-24,17.31999969482422
2008-12-26,17.399999618530273
2008-12-29,18.18000030517578
2008-12-30,18.260000228881836
2008-12-31,19.290000915527344
2009-01-02,20.790000915527344
2009-01-05,21.700000762939453
2009-01-06,21.969999313354492
2009-01-07,20.399999618530273
2009-01-08,20.59000015258789
2009-01-09,20.25
2009-01-12,19.6200008392334
2009-01-13,20.260000228881836
2009-01-14,20.239999771118164
2009-01-15,19.959999084472656
2009-01-16,19.59000015258789
2009-01-20,18.56999969482422
2009-01-21,18.700000762939453
2009-01-22,18.579999923706055
2009-01-23,19.6299991607666
2009-01-26,19.5
2009-01-27,18.850000381469727
2009-01-28,19.219999313354492
2009-01-29,19.18000030517578
2009-01-30,19.200000762939453
2009-02-02,18.479999542236328
2009-02-03,18.329999923706055
2009-02-04,18.5
2009-02-05,18.989999771118164
2009-02-06,19.280000686645508
2009-02-09,19.31999969482422
2009-02-10,18.68000030517578
2009-02-11,18.520000457763672
2009-02-12,18.6200008392334
2009-02-13,18.079999923706055
2009-02-17,16.360000610351562
2009-02-18,15.829999923706055
2009-02-19,16.770000457763672
2009-02-20,16.6200008392334
2009-02-23,16.3799991607666
2009-02-24,16.940000534057617
2009-02-25,17.489999771118164
2009-02-26,18.299999237060547
2009-02-27,18.100000381469727
2009-03-02,16.649999618530273
2009-03-03,17.110000610351562
2009-03-04,18.149999618530273
2009-03-05,17.84000015258789
2009-03-06,18.43000030517578
2009-03-09,18.450000762939453
2009-03-10,18.239999771118164
2009-03-11,17.510000228881836
2009-03-12,18.530000686645508
2009-03-13,18.329999923706055
2009-03-16,18.469999313354492
2009-03-17,19.360000610351562
2009-03-18,19.770000457763672
2009-03-19,20.18000030517578
2009-03-20,20.59000015258789
2009-03-23,21.31999969482422
2009-03-24,21.139999389648438
2009-03-25,20.760000228881836
2009-03-26,21.209999084472656
2009-03-27,20.6200008392334
2009-03-30,19.360000610351562
2009-03-31,19.56999969482422
2009-04-01,19.299999237060547
2009-04-02,20.760000228881836
2009-04-03,21.020000457763672
2009-04-06,20.709999084472656
2009-04-07,20.270000457763672
2009-04-08,20.389999389648438
2009-04-09,21.190000534057617
2009-04-13,20.610000610351562
2009-04-14,20.360000610351562
2009-04-15,20.40999984741211
2009-04-16,20.299999237060547
2009-04-17,20.350000381469727
2009-04-20,18.959999084472656
2009-04-21,18.920000076293945
2009-04-22,18.850000381469727
2009-04-23,19.09000015258789
2009-04-24,19.670000076293945
2009-04-27,19.200000762939453
2009-04-28,18.959999084472656
2009-04-29,19.420000076293945
2009-04-30,19.420000076293945
2009-05-01,20.219999313354492
2009-05-04,20.940000534057617
2009-05-05,20.670000076293945
2009-05-06,21.440000534057617
2009-05-07,21.459999084472656
2009-05-08,22.149999618530273
2009-05-11,22.020000457763672
2009-05-12,22.299999237060547
2009-05-13,21.959999084472656
2009-05-14,22.09000015258789
2009-05-15,21.31999969482422
2009-05-18,22.280000686645508
2009-05-19,22.3700008392334
2009-05-20,23.09000015258789
2009-05-21,22.790000915527344
2009-05-22,22.979999542236328
2009-05-26,23.209999084472656
2009-05-27,23.549999237060547
2009-05-28,24.100000381469727
2009-05-29,24.920000076293945
2009-06-01,25.479999542236328
2009-06-02,25.59000015258789
2009-06-03,24.8799991607666
2009-06-04,25.6299991607666
2009-06-05,25.729999542236328
2009-06-08,25.889999389648438
2009-06-09,25.93000030517578
2009-06-10,26.1299991607666
2009-06-11,26.350000381469727
2009-06-12,26.170000076293945
2009-06-15,25.760000228881836
2009-06-16,25.639999389648438
2009-06-17,25.809999465942383
2009-06-18,25.780000686645508
2009-06-19,25.459999084472656
2009-06-22,24.40999984741211
2009-06-23,24.950000762939453
2009-06-24,24.93000030517578
2009-06-25,25.350000381469727
2009-06-26,25.030000686645508
2009-06-29,25.56999969482422
2009-06-30,25.290000915527344
2009-07-01,25.079999923706055
2009-07-02,24.420000076293945
2009-07-06,23.65999984741211
2009-07-07,23.15999984741211
2009-07-08,22.610000610351562
2009-07-09,22.920000076293945
2009-07-10,22.610000610351562
2009-07-13,22.579999923706055
2009-07-14,22.520000457763672
2009-07-15,23.350000381469727
2009-07-16,23.649999618530273
2009-07-17,24.110000610351562
2009-07-20,24.649999618530273
2009-07-21,24.690000534057617
2009-07-22,25.079999923706055
2009-07-23,25.559999465942383
2009-07-24,25.790000915527344
2009-07-27,25.579999923706055
2009-07-28,25.329999923706055
2009-07-29,24.43000030517578
2009-07-30,25.5
2009-07-31,25.84000015258789
2009-08-03,26.420000076293945
2009-08-04,26.719999313354492
2009-08-05,26.959999084472656
2009-08-06,26.81999969482422
2009-08-07,26.530000686645508
2009-08-10,26.719999313354492
2009-08-11,26.110000610351562
2009-08-12,26.299999237060547
2009-08-13,26.579999923706055
2009-08-14,25.690000534057617
2009-08-17,25.3700008392334
2009-08-18,25.989999771118164
2009-08-19,26.559999465942383
2009-08-20,26.219999313354492
2009-08-21,26.520000457763672
2009-08-24,26.5
2009-08-25,25.8799991607666
2009-08-26,25.829999923706055
2009-08-27,26.149999618530273
2009-08-28,26.100000381469727
2009-08-31,25.1299991607666
2009-09-01,24.719999313354492
2009-09-02,24.3799991607666
2009-09-03,24.459999084472656
2009-09-04,24.290000915527344
2009-09-08,25.190000534057617
2009-09-09,25.1299991607666
2009-09-10,25.389999389648438
2009-09-11,24.690000534057617
2009-09-14,24.65999984741211
2009-09-15,25.079999923706055
2009-09-16,25.520000457763672
2009-09-17,25.729999542236328
2009-09-18,25.520000457763672
2009-09-21,24.709999084472656
2009-09-22,25.329999923706055
2009-09-23,24.40999984741211
2009-09-24,23.68000030517578
2009-09-25,23.59000015258789
2009-09-28,23.899999618530273
2009-09-29,23.690000534057617
2009-09-30,24.8700008392334
2009-10-01,24.889999389648438
2009-10-02,24.549999237060547
2009-10-05,24.6200008392334
2009-10-06,24.84000015258789
2009-10-07,24.56999969482422
2009-10-08,25.170000076293945
2009-10-09,25.540000915527344
2009-10-12,25.790000915527344
2009-10-13,26.110000610351562
2009-10-14,26.3700008392334
2009-10-15,27.1299991607666
2009-10-16,27.459999084472656
2009-10-19,27.6200008392334
2009-10-20,27.5
2009-10-21,28.170000076293945
2009-10-22,28.229999542236328
2009-10-23,28.040000915527344
2009-10-26,27.600000381469727
2009-10-27,27.739999771118164
2009-10-28,27.040000915527344
2009-10-29,27.860000610351562
2009-10-30,26.959999084472656
2009-11-02,27.530000686645508
2009-11-03,27.950000762939453
2009-11-04,28.149999618530273
2009-11-05,28.040000915527344
2009-11-06,27.3700008392334
2009-11-09,27.850000381469727
2009-11-10,27.860000610351562
2009-11-11,27.940000534057617
2009-11-12,27.280000686645508
2009-11-13,27.079999923706055
2009-11-16,27.899999618530273
2009-11-17,28.0
2009-11-18,28.190000534057617
2009-11-19,27.59000015258789
2009-11-20,27.510000228881836
2009-11-23,27.489999771118164
2009-11-24,27.139999389648438
2009-11-25,27.760000228881836
2009-11-27,27.3700008392334
2009-11-30,27.700000762939453
2009-12-01,27.979999542236328
2009-12-02,27.719999313354492
2009-12-03,27.610000610351562
2009-12-04,27.540000915527344
2009-12-07,27.1299991607666
2009-12-08,26.6299991607666
2009-12-09,25.799999237060547
2009-12-10,25.65999984741211
2009-12-11,25.690000534057617
2009-12-14,25.719999313354492
2009-12-15,25.719999313354492
2009-12-16,26.190000534057617
2009-12-17,25.809999465942383
2009-12-18,26.170000076293945
2009-12-21,25.690000534057617
2009-12-22,25.829999923706055
2009-12-23,26.59000015258789
2009-12-24,26.940000534057617
2009-12-28,27.350000381469727
2009-12-29,27.389999389648438
2009-12-30,27.549999237060547
2009-12-31,27.56999969482422
2010-01-04,28.09000015258789
2010-01-05,28.350000381469727
2010-01-06,28.700000762939453
2010-01-07,28.5
2010-01-08,28.639999389648438
2010-01-11,28.479999542236328
2010-01-12,27.829999923706055
2010-01-13,27.549999237060547
2010-01-14,27.520000457763672
2010-01-15,27.1200008392334
2010-01-19,27.360000610351562
2010-01-20,26.75
2010-01-21,26.239999771118164
2010-01-22,25.549999237060547
2010-01-25,25.920000076293945
2010-01-26,25.690000534057617
2010-01-27,25.40999984741211
2010-01-28,25.420000076293945
2010-01-29,25.139999389648438
2010-02-01,25.829999923706055
2010-02-02,26.639999389648438
2010-02-03,26.5
2010-02-04,25.110000610351562
2010-02-05,24.700000762939453
2010-02-08,24.65999984741211
2010-02-09,25.389999389648438
2010-02-10,25.540000915527344
2010-02-11,25.790000915527344
2010-02-12,25.479999542236328
2010-02-16,26.40999984741211
2010-02-17,26.520000457763672
2010-02-18,26.969999313354492
2010-02-19,27.190000534057617
2010-02-22,27.200000762939453
2010-02-23,26.780000686645508
2010-02-24,27.15999984741211
2010-02-25,26.559999465942383
2010-02-26,27.0
2010-03-01,26.739999771118164
2010-03-02,27.020000457763672
2010-03-03,27.420000076293945
2010-03-04,27.31999969482422
2010-03-05,27.75
2010-03-08,27.780000686645508
2010-03-09,27.59000015258789
2010-03-10,27.760000228881836
2010-03-11,27.860000610351562
2010-03-12,27.530000686645508
2010-03-15,27.09000015258789
2010-03-16,27.639999389648438
2010-03-17,28.0
2010-03-18,27.799999237060547
2010-03-19,27.350000381469727
2010-03-22,27.540000915527344
2010-03-23,27.6299991607666
2010-03-24,27.15999984741211
2010-03-25,27.139999389648438
2010-03-26,27.1299991607666
2010-03-29,27.829999923706055
2010-03-30,27.860000610351562
2010-03-31,28.1200008392334
2010-04-01,28.760000228881836
2010-04-05,29.34000015258789
2010-04-06,29.399999618530273
2010-04-07,29.1200008392334
2010-04-08,29.030000686645508
2010-04-09,28.940000534057617
2010-04-12,28.8799991607666
2010-04-13,28.81999969482422
2010-04-14,29.3700008392334
2010-04-15,29.479999542236328
2010-04-16,28.81999969482422
2010-04-19,28.389999389648438
2010-04-20,28.520000457763672
2010-04-21,28.690000534057617
2010-04-22,28.649999618530273
2010-04-23,29.1299991607666
2010-04-26,28.8799991607666
2010-04-27,28.25
2010-04-28,28.639999389648438
2010-04-29,29.229999542236328
2010-04-30,29.530000686645508
2010-05-03,29.829999923706055
2010-05-04,28.65999984741211
2010-05-05,27.709999084472656
2010-05-06,26.760000228881836
2010-05-07,26.3799991607666
2010-05-10,27.110000610351562
2010-05-11,26.780000686645508
2010-05-12,26.790000915527344
2010-05-13,26.299999237060547
2010-05-14,25.31999969482422
2010-05-17,24.649999618530273
2010-05-18,24.350000381469727
2010-05-19,24.3700008392334
2010-05-20,23.3799991607666
2010-05-21,23.440000534057617
2010-05-24,23.399999618530273
2010-05-25,23.170000076293945
2010-05-26,23.700000762939453
2010-05-27,24.979999542236328
2010-05-28,24.739999771118164
2010-06-01,24.09000015258789
2010-06-02,24.579999923706055
2010-06-03,24.889999389648438
2010-06-04,23.75
2010-06-07,23.760000228881836
2010-06-08,23.93000030517578
2010-06-09,24.229999542236328
2010-06-10,24.850000381469727
2010-06-11,24.59000015258789
2010-06-14,24.520000457763672
2010-06-15,24.989999771118164
2010-06-16,25.1299991607666
2010-06-17,25.110000610351562
2010-06-18,25.149999618530273
2010-06-21,25.100000381469727
2010-06-22,24.899999618530273
2010-06-23,24.219999313354492
2010-06-24,24.25
2010-06-25,24.950000762939453
2010-06-28,24.81999969482422
2010-06-29,24.0
2010-06-30,23.809999465942383
2010-07-01,23.200000762939453
2010-07-02,23.020000457763672
2010-07-06,23.209999084472656
2010-07-07,23.84000015258789
2010-07-08,24.290000915527344
2010-07-09,24.260000228881836
2010-07-12,23.8799991607666
2010-07-13,24.510000228881836
2010-07-14,24.40999984741211
2010-07-15,24.34000015258789
2010-07-16,24.09000015258789
2010-07-19,24.229999542236328
2010-07-20,24.450000762939453
2010-07-21,24.190000534057617
2010-07-22,24.90999984741211
2010-07-23,24.84000015258789
2010-07-26,24.90999984741211
2010-07-27,24.489999771118164
2010-07-28,24.420000076293945
2010-07-29,24.850000381469727
2010-07-30,25.010000228881836
2010-08-02,25.65999984741211
2010-08-03,25.90999984741211
2010-08-04,25.889999389648438
2010-08-05,25.799999237060547
2010-08-06,25.610000610351562
2010-08-09,25.860000610351562
2010-08-10,25.450000762939453
2010-08-11,24.719999313354492
2010-08-12,24.020000457763672
2010-08-13,24.020000457763672
2010-08-16,23.959999084472656
2010-08-17,24.329999923706055
2010-08-18,24.200000762939453
2010-08-19,23.84000015258789
2010-08-20,23.670000076293945
2010-08-23,23.350000381469727
2010-08-24,23.040000915527344
2010-08-25,23.420000076293945
2010-08-26,23.790000915527344
2010-08-27,24.440000534057617
2010-08-30,24.239999771118164
2010-08-31,23.75
2010-09-01,24.31999969482422
2010-09-02,24.43000030517578
2010-09-03,24.350000381469727
2010-09-07,24.440000534057617
2010-09-08,24.610000610351562
2010-09-09,24.329999923706055
2010-09-10,24.530000686645508
2010-09-13,24.799999237060547
2010-09-14,24.739999771118164
2010-09-15,24.690000534057617
2010-09-16,24.399999618530273
2010-09-17,24.3799991607666
2010-09-20,24.690000534057617
2010-09-21,24.270000457763672
2010-09-22,24.200000762939453
2010-09-23,24.200000762939453
2010-09-24,24.5
2010-09-27,24.31999969482422
2010-09-28,24.469999313354492
2010-09-29,24.969999313354492
2010-09-30,25.299999237060547
2010-10-01,25.760000228881836
2010-10-04,25.65999984741211
2010-10-05,25.979999542236328
2010-10-06,26.09000015258789
2010-10-07,25.540000915527344
2010-10-08,25.950000762939453
2010-10-11,25.84000015258789
2010-10-12,25.770000457763672
2010-10-13,26.030000686645508
2010-10-14,25.899999618530273
2010-10-15,25.549999237060547
2010-10-18,26.040000915527344
2010-10-19,25.030000686645508
2010-10-20,25.56999969482422
2010-10-21,25.200000762939453
2010-10-22,25.559999465942383
2010-10-25,25.549999237060547
2010-10-26,25.6299991607666
2010-10-27,25.559999465942383
2010-10-28,25.579999923706055
2010-10-29,25.329999923706055
2010-11-01,25.739999771118164
2010-11-02,25.979999542236328
2010-11-03,26.329999923706055
2010-11-04,26.770000457763672
2010-11-05,26.90999984741211
2010-11-08,26.90999984741211
2010-11-09,26.610000610351562
2010-11-10,27.09000015258789
2010-11-11,26.989999771118164
2010-11-12,26.049999237060547
2010-11-15,26.1299991607666
2010-11-16,25.530000686645508
2010-11-17,25.09000015258789
2010-11-18,25.559999465942383
2010-11-19,25.25
2010-11-22,25.15999984741211
2010-11-23,25.1200008392334
2010-11-24,25.899999618530273
2010-11-26,25.739999771118164
2010-11-29,26.260000228881836
2010-11-30,25.75
2010-12-01,26.510000228881836
2010-12-02,26.770000457763672
2010-12-03,27.030000686645508
2010-12-06,26.989999771118164
2010-12-07,26.90999984741211
2010-12-08,27.059999465942383
2010-12-09,27.030000686645508
2010-12-10,26.899999618530273
2010-12-13,27.040000915527344
2010-12-14,27.15999984741211
2010-12-15,27.239999771118164
2010-12-16,27.219999313354492
2010-12-17,27.209999084472656
2010-12-20,27.469999313354492
2010-12-21,27.649999618530273
2010-12-22,27.829999923706055
2010-12-23,27.989999771118164
2010-12-27,27.899999618530273
2010-12-28,28.020000457763672
2010-12-29,28.049999237060547
2010-12-30,27.6200008392334
2010-12-31,28.219999313354492
2011-01-03,28.3799991607666
2011-01-04,27.90999984741211
2011-01-05,28.299999237060547
2011-01-06,27.8700008392334
2011-01-07,27.68000030517578
2011-01-10,28.170000076293945
2011-01-11,28.530000686645508
2011-01-12,28.540000915527344
2011-01-13,28.450000762939453
2011-01-14,28.690000534057617
2011-01-18,28.520000457763672
2011-01-19,28.5
2011-01-20,28.06999969482422
2011-01-21,28.18000030517578
2011-01-24,27.84000015258789
2011-01-25,27.420000076293945
2011-01-26,28.06999969482422
2011-01-27,27.790000915527344
2011-01-28,28.520000457763672
2011-01-31,29.06999969482422
2011-02-01,29.06999969482422
2011-02-02,29.270000457763672
2011-02-03,29.229999542236328
2011-02-04,28.81999969482422
2011-02-07,28.670000076293945
2011-02-08,28.850000381469727
2011-02-09,28.8799991607666
2011-02-10,28.760000228881836
2011-02-11,28.65999984741211
2011-02-14,28.639999389648438
2011-02-15,28.209999084472656
2011-02-16,28.260000228881836
2011-02-17,28.149999618530273
2011-02-18,28.5
2011-02-22,29.399999618530273
2011-02-23,30.43000030517578
2011-02-24,29.790000915527344
2011-02-25,30.229999542236328
2011-02-28,30.010000228881836
2011-03-01,30.889999389648438
2011-03-02,31.3700008392334
2011-03-03,31.229999542236328
2011-03-04,31.959999084472656
2011-03-07,32.130001068115234
2011-03-08,31.940000534057617
2011-03-09,31.940000534057617
2011-03-10,31.3799991607666
2011-03-11,30.860000610351562
2011-03-14,30.979999542236328
2011-03-15,29.850000381469727
2011-03-16,30.100000381469727
2011-03-17,31.079999923706055
2011-03-18,31.100000381469727
2011-03-21,31.25
2011-03-22,31.780000686645508
2011-03-23,31.860000610351562
2011-03-24,31.829999923706055
2011-03-25,31.920000076293945
2011-03-28,31.3799991607666
2011-03-29,31.65999984741211
2011-03-30,31.59000015258789
2011-03-31,32.2599983215332
2011-04-01,32.720001220703125
2011-04-04,32.790000915527344
2011-04-05,32.709999084472656
2011-04-06,32.91999816894531
2011-04-07,33.36000061035156
2011-04-08,34.2599983215332
2011-04-11,33.09000015258789
2011-04-12,32.08000183105469
2011-04-13,32.43000030517578
2011-04-14,32.81999969482422
2011-04-15,33.119998931884766
2011-04-18,32.470001220703125
2011-04-19,32.54999923706055
2011-04-20,33.540000915527344
2011-04-21,33.77000045776367
2011-04-25,33.77000045776367
2011-04-26,33.720001220703125
2011-04-27,34.13999938964844
2011-04-28,34.0
2011-04-29,34.220001220703125
2011-05-02,34.060001373291016
2011-05-03,33.439998626708984
2011-05-04,32.779998779296875
2011-05-05,29.75
2011-05-06,29.5
2011-05-09,31.030000686645508
2011-05-10,31.1299991607666
2011-05-11,29.829999923706055
2011-05-12,29.790000915527344
2011-05-13,29.90999984741211
2011-05-16,29.15999984741211
2011-05-17,29.200000762939453
2011-05-18,29.979999542236328
2011-05-19,29.59000015258789
2011-05-20,29.950000762939453
2011-05-23,29.1200008392334
2011-05-24,29.809999465942383
2011-05-25,30.260000228881836
2011-05-26,30.020000457763672
2011-05-27,30.1299991607666
2011-05-31,30.719999313354492
2011-06-01,29.93000030517578
2011-06-02,30.040000915527344
2011-06-03,30.079999923706055
2011-06-06,29.549999237060547
2011-06-07,29.690000534057617
2011-06-08,30.079999923706055
2011-06-09,30.170000076293945
2011-06-10,29.59000015258789
2011-06-13,29.1200008392334
2011-06-14,29.56999969482422
2011-06-15,28.489999771118164
2011-06-16,28.420000076293945
2011-06-17,27.959999084472656
2011-06-20,28.020000457763672
2011-06-21,28.049999237060547
2011-06-22,28.40999984741211
2011-06-23,27.829999923706055
2011-06-24,27.75
2011-06-27,27.530000686645508
2011-06-28,28.030000686645508
2011-06-29,28.649999618530273
2011-06-30,28.75
2011-07-01,28.739999771118164
2011-07-05,29.209999084472656
2011-07-06,29.06999969482422
2011-07-07,29.649999618530273
2011-07-08,29.149999618530273
2011-07-11,28.809999465942383
2011-07-12,29.18000030517578
2011-07-13,29.5
2011-07-14,29.0
2011-07-15,29.360000610351562
2011-07-18,28.920000076293945
2011-07-19,29.420000076293945
2011-07-20,29.510000228881836
2011-07-21,29.520000457763672
2011-07-22,29.65999984741211
2011-07-25,29.59000015258789
2011-07-26,29.670000076293945
2011-07-27,29.149999618530273
2011-07-28,29.200000762939453
2011-07-29,28.81999969482422
2011-08-01,28.670000076293945
2011-08-02,28.139999389648438
2011-08-03,27.739999771118164
2011-08-04,26.290000915527344
2011-08-05,26.450000762939453
2011-08-08,24.65999984741211
2011-08-09,24.649999618530273
2011-08-10,24.639999389648438
2011-08-11,25.68000030517578
2011-08-12,25.600000381469727
2011-08-15,26.350000381469727
2011-08-16,26.030000686645508
2011-08-17,26.170000076293945
2011-08-18,24.450000762939453
2011-08-19,24.93000030517578
2011-08-22,25.25
2011-08-23,25.84000015258789
2011-08-24,25.6200008392334
2011-08-25,25.5
2011-08-26,25.59000015258789
2011-08-29,26.049999237060547
2011-08-30,26.350000381469727
2011-08-31,26.25
2011-09-01,26.229999542236328
2011-09-02,25.600000381469727
2011-09-06,25.59000015258789
2011-09-07,26.239999771118164
2011-09-08,26.030000686645508
2011-09-09,25.649999618530273
2011-09-12,25.8799991607666
2011-09-13,26.190000534057617
2011-09-14,25.93000030517578
2011-09-15,26.190000534057617
2011-09-16,25.940000534057617
2011-09-19,25.290000915527344
2011-09-20,25.459999084472656
2011-09-21,25.06999969482422
2011-09-22,23.65999984741211
2011-09-23,23.760000228881836
2011-09-26,23.889999389648438
2011-09-27,24.59000015258789
2011-09-28,23.790000915527344
2011-09-29,24.200000762939453
2011-09-30,23.040000915527344
2011-10-03,22.56999969482422
2011-10-04,22.639999389648438
2011-10-05,23.25
2011-10-06,24.020000457763672
2011-10-07,23.989999771118164
2011-10-10,24.850000381469727
2011-10-11,24.760000228881836
2011-10-12,24.709999084472656
2011-10-13,24.600000381469727
2011-10-14,25.299999237060547
2011-10-17,25.09000015258789
2011-10-18,25.579999923706055
2011-10-19,24.959999084472656
2011-10-20,25.020000457763672
2011-10-21,25.309999465942383
2011-10-24,26.059999465942383
2011-10-25,26.149999618530273
2011-10-26,25.8799991607666
2011-10-27,26.709999084472656
2011-10-28,26.610000610351562
2011-10-31,26.350000381469727
2011-11-01,25.90999984741211
2011-11-02,26.229999542236328
2011-11-03,26.75
2011-11-04,26.950000762939453
2011-11-07,27.450000762939453
2011-11-08,27.649999618530273
2011-11-09,27.260000228881836
2011-11-10,27.780000686645508
2011-11-11,28.09000015258789
2011-11-14,27.940000534057617
2011-11-15,28.260000228881836
2011-11-16,28.969999313354492
2011-11-17,28.229999542236328
2011-11-18,28.030000686645508
2011-11-21,27.950000762939453
2011-11-22,28.260000228881836
2011-11-23,27.75
2011-11-25,27.700000762939453
2011-11-28,28.149999618530273
2011-11-29,28.479999542236328
2011-11-30,28.700000762939453
2011-12-01,28.700000762939453
2011-12-02,28.950000762939453
2011-12-05,28.979999542236328
2011-12-06,28.989999771118164
2011-12-07,28.920000076293945
2011-12-08,28.229999542236328
2011-12-09,28.719999313354492
2011-12-12,28.299999237060547
2011-12-13,28.770000457763672
2011-12-14,27.3799991607666
2011-12-15,27.06999969482422
2011-12-16,27.18000030517578
2011-12-19,27.030000686645508
2011-12-20,28.020000457763672
2011-12-21,28.420000076293945
2011-12-22,28.549999237060547
2011-12-23,28.65999984741211
2011-12-27,29.079999923706055
2011-12-28,28.639999389648438
2011-12-29,28.709999084472656
2011-12-30,28.56999969482422
2012-01-03,29.670000076293945
2012-01-04,29.809999465942383
2012-01-05,29.40999984741211
2012-01-06,29.530000686645508
2012-01-09,29.43000030517578
2012-01-10,29.579999923706055
2012-01-11,29.290000915527344
2012-01-12,28.729999542236328
2012-01-13,28.809999465942383
2012-01-17,29.25
2012-01-18,29.25
2012-01-19,29.209999084472656
2012-01-20,28.59000015258789
2012-01-23,28.979999542236328
2012-01-24,28.84000015258789
2012-01-25,29.0
2012-01-26,29.06999969482422
2012-01-27,28.989999771118164
2012-01-30,28.809999465942383
2012-01-31,28.690000534057617
2012-02-01,28.40999984741211
2012-02-02,28.209999084472656
2012-02-03,28.610000610351562
2012-02-06,28.59000015258789
2012-02-07,28.950000762939453
2012-02-08,29.1299991607666
2012-02-09,29.299999237060547
2012-02-10,29.059999465942383
2012-02-13,29.520000457763672
2012-02-14,29.600000381469727
2012-02-15,29.799999237060547
2012-02-16,29.93000030517578
2012-02-17,30.200000762939453
2012-02-21,30.850000381469727
2012-02-22,30.899999618530273
2012-02-23,31.399999618530273
2012-02-24,31.8799991607666
2012-02-27,31.329999923706055
2012-02-28,31.010000228881836
2012-02-29,31.110000610351562
2012-03-01,31.68000030517578
2012-03-02,31.059999465942383
2012-03-05,31.1200008392334
2012-03-06,30.559999465942383
2012-03-07,30.93000030517578
2012-03-08,31.079999923706055
2012-03-09,31.290000915527344
2012-03-12,31.0
2012-03-13,31.09000015258789
2012-03-14,30.81999969482422
2012-03-15,30.75
2012-03-16,31.270000457763672
2012-03-19,31.40999984741211
2012-03-20,30.81999969482422
2012-03-21,30.979999542236328
2012-03-22,30.549999237060547
2012-03-23,30.979999542236328
2012-03-26,31.059999465942383
2012-03-27,31.020000457763672
2012-03-28,30.6299991607666
2012-03-29,29.940000534057617
2012-03-30,29.90999984741211
2012-04-02,30.489999771118164
2012-04-03,30.219999313354492
2012-04-04,29.6299991607666
2012-04-05,29.899999618530273
2012-04-09,29.700000762939453
2012-04-10,29.329999923706055
2012-04-11,29.709999084472656
2012-04-12,30.020000457763672
2012-04-13,29.799999237060547
2012-04-16,29.809999465942383
2012-04-17,30.18000030517578
2012-04-18,29.729999542236328
2012-04-19,29.65999984741211
2012-04-20,29.959999084472656
2012-04-23,29.700000762939453
2012-04-24,29.809999465942383
2012-04-25,29.979999542236328
2012-04-26,30.09000015258789
2012-04-27,30.170000076293945
2012-04-30,30.190000534057617
2012-05-01,30.540000915527344
2012-05-02,30.34000015258789
2012-05-03,29.530000686645508
2012-05-04,28.34000015258789
2012-05-07,28.170000076293945
2012-05-08,28.030000686645508
2012-05-09,27.770000457763672
2012-05-10,27.81999969482422
2012-05-11,27.540000915527344
2012-05-14,27.049999237060547
2012-05-15,26.780000686645508
2012-05-16,26.59000015258789
2012-05-17,26.559999465942383
2012-05-18,26.110000610351562
2012-05-21,26.700000762939453
2012-05-22,26.15999984741211
2012-05-23,25.850000381469727
2012-05-24,25.989999771118164
2012-05-25,25.940000534057617
2012-05-29,25.950000762939453
2012-05-30,25.010000228881836
2012-05-31,24.700000762939453
2012-06-01,23.770000457763672
2012-06-04,24.020000457763672
2012-06-05,24.0
2012-06-06,24.3700008392334
2012-06-07,24.1200008392334
2012-06-08,24.270000457763672
2012-06-11,23.479999542236328
2012-06-12,23.969999313354492
2012-06-13,23.770000457763672
2012-06-14,24.059999465942383
2012-06-15,24.100000381469727
2012-06-18,23.81999969482422
2012-06-19,24.1299991607666
2012-06-20,23.510000228881836
2012-06-21,22.81999969482422
2012-06-22,23.15999984741211
2012-06-25,23.020000457763672
2012-06-26,23.09000015258789
2012-06-27,23.309999465942383
2012-06-28,22.950000762939453
2012-06-29,24.559999465942383
2012-07-02,24.170000076293945
2012-07-03,25.100000381469727
2012-07-05,24.93000030517578
2012-07-06,24.239999771118164
2012-07-09,24.639999389648438
2012-07-10,24.290000915527344
2012-07-11,24.809999465942383
2012-07-12,24.770000457763672
2012-07-13,25.09000015258789
2012-07-16,25.450000762939453
2012-07-17,25.530000686645508
2012-07-18,25.639999389648438
2012-07-19,26.09000015258789
2012-07-20,25.8700008392334
2012-07-23,25.06999969482422
2012-07-24,25.190000534057617
2012-07-25,25.31999969482422
2012-07-26,25.450000762939453
2012-07-27,25.6200008392334
2012-07-30,25.479999542236328
2012-07-31,24.989999771118164
2012-08-01,25.34000015258789
2012-08-02,24.829999923706055
2012-08-03,25.829999923706055
2012-08-06,26.15999984741211
2012-08-07,26.440000534057617
2012-08-08,26.459999084472656
2012-08-09,26.510000228881836
2012-08-10,26.5
2012-08-13,26.440000534057617
2012-08-14,26.56999969482422
2012-08-15,26.700000762939453
2012-08-16,26.850000381469727
2012-08-17,27.049999237060547
2012-08-20,27.059999465942383
2012-08-21,27.170000076293945
2012-08-22,27.299999237060547
2012-08-23,27.010000228881836
2012-08-24,26.860000610351562
2012-08-27,26.8799991607666
2012-08-28,26.950000762939453
2012-08-29,26.809999465942383
2012-08-30,26.780000686645508
2012-08-31,27.219999313354492
2012-09-04,27.059999465942383
2012-09-05,27.06999969482422
2012-09-06,26.8799991607666
2012-09-07,27.280000686645508
2012-09-10,27.299999237060547
2012-09-11,27.40999984741211
2012-09-12,27.389999389648438
2012-09-13,27.559999465942383
2012-09-14,27.81999969482422
2012-09-17,27.06999969482422
2012-09-18,26.90999984741211
2012-09-19,25.850000381469727
2012-09-20,26.209999084472656
2012-09-21,26.25
2012-09-24,25.969999313354492
2012-09-25,25.739999771118164
2012-09-26,25.5
2012-09-27,26.100000381469727
2012-09-28,26.110000610351562
2012-10-01,26.229999542236328
2012-10-02,26.100000381469727
2012-10-03,25.049999237060547
2012-10-04,25.989999771118164
2012-10-05,25.65999984741211
2012-10-08,25.579999923706055
2012-10-09,26.270000457763672
2012-10-10,26.100000381469727
2012-10-11,26.420000076293945
2012-10-12,26.209999084472656
2012-10-15,26.229999542236328
2012-10-16,26.280000686645508
2012-10-17,26.280000686645508
2012-10-18,26.229999542236328
2012-10-19,25.729999542236328
2012-10-22,25.459999084472656
2012-10-23,24.739999771118164
2012-10-24,24.489999771118164
2012-10-25,24.68000030517578
2012-10-26,24.68000030517578
2012-10-31,24.760000228881836
2012-11-01,24.979999542236328
2012-11-02,24.530000686645508
2012-11-05,24.760000228881836
2012-11-06,25.40999984741211
2012-11-07,24.389999389648438
2012-11-08,24.520000457763672
2012-11-09,24.8799991607666
2012-11-12,24.780000686645508
2012-11-13,24.649999618530273
2012-11-14,24.829999923706055
2012-11-15,24.6200008392334
2012-11-16,24.850000381469727
2012-11-19,25.3700008392334
2012-11-20,24.940000534057617
2012-11-21,25.059999465942383
2012-11-23,25.260000228881836
2012-11-26,25.110000610351562
2012-11-27,24.979999542236328
2012-11-28,24.860000610351562
2012-11-29,25.09000015258789
2012-11-30,25.350000381469727
2012-12-03,25.40999984741211
2012-12-04,25.290000915527344
2012-12-05,25.209999084472656
2012-12-06,24.770000457763672
2012-12-07,24.690000534057617
2012-12-10,24.559999465942383
2012-12-11,24.639999389648438
2012-12-12,24.829999923706055
2012-12-13,24.6200008392334
2012-12-14,24.829999923706055
2012-12-17,24.8700008392334
2012-12-18,25.040000915527344
2012-12-19,25.40999984741211
2012-12-20,25.469999313354492
2012-12-21,25.229999542236328
2012-12-24,25.139999389648438
2012-12-26,25.790000915527344
2012-12-27,25.84000015258789
2012-12-28,25.719999313354492
2012-12-31,25.940000534057617
2013-01-02,26.229999542236328
2013-01-03,26.149999618530273
2013-01-04,26.170000076293945
2013-01-07,26.219999313354492
2013-01-08,26.290000915527344
2013-01-09,26.270000457763672
2013-01-10,26.420000076293945
2013-01-11,26.34000015258789
2013-01-14,26.5
2013-01-15,26.270000457763672
2013-01-16,26.440000534057617
2013-01-17,26.799999237060547
2013-01-18,26.899999618530273
2013-01-22,27.06999969482422
2013-01-23,26.829999923706055
2013-01-24,27.0
2013-01-25,26.989999771118164
2013-01-28,27.110000610351562
2013-01-29,27.350000381469727
2013-01-30,27.520000457763672
2013-01-31,27.450000762939453
2013-02-01,27.510000228881836
2013-02-04,27.100000381469727
2013-02-05,27.270000457763672
2013-02-06,27.309999465942383
2013-02-07,27.079999923706055
2013-02-08,27.100000381469727
2013-02-11,27.399999618530273
2013-02-12,27.520000457763672
2013-02-13,27.440000534057617
2013-02-14,27.469999313354492
2013-02-15,27.09000015258789
2013-02-19,27.25
2013-02-20,26.610000610351562
2013-02-21,26.030000686645508
2013-02-22,26.190000534057617
2013-02-25,25.8799991607666
2013-02-26,25.959999084472656
2013-02-27,25.969999313354492
2013-02-28,25.709999084472656
2013-03-01,25.489999771118164
2013-03-04,25.229999542236328
2013-03-05,25.440000534057617
2013-03-06,25.360000610351562
2013-03-07,25.6200008392334
2013-03-08,25.719999313354492
2013-03-11,25.719999313354492
2013-03-12,25.829999923706055
2013-03-13,25.790000915527344
2013-03-14,25.969999313354492
2013-03-15,26.1200008392334
2013-03-18,26.15999984741211
2013-03-19,25.709999084472656
2013-03-20,25.979999542236328
2013-03-21,25.709999084472656
2013-03-22,26.06999969482422
2013-03-25,26.299999237060547
2013-03-26,26.799999237060547
2013-03-27,26.84000015258789
2013-03-28,27.0
2013-04-01,26.979999542236328
2013-04-02,26.950000762939453
2013-04-03,26.290000915527344
2013-04-04,25.969999313354492
2013-04-05,25.889999389648438
2013-04-08,26.049999237060547
2013-04-09,26.15999984741211
2013-04-10,26.34000015258789
2013-04-11,26.040000915527344
2013-04-12,25.329999923706055
2013-04-15,24.5
2013-04-16,24.690000534057617
2013-04-17,24.110000610351562
2013-04-18,24.579999923706055
2013-04-19,24.43000030517578
2013-04-22,24.739999771118164
2013-04-23,24.790000915527344
2013-04-24,25.389999389648438
2013-04-25,25.8700008392334
2013-04-26,25.770000457763672
2013-04-29,26.1299991607666
2013-04-30,25.799999237060547
2013-05-01,25.190000534057617
2013-05-02,26.06999969482422
2013-05-03,26.459999084472656
2013-05-06,26.59000015258789
2013-05-07,26.469999313354492
2013-05-08,26.780000686645508
2013-05-09,26.600000381469727
2013-05-10,26.59000015258789
2013-05-13,26.3700008392334
2013-05-14,26.139999389648438
2013-05-15,26.18000030517578
2013-05-16,26.350000381469727
2013-05-17,26.6299991607666
2013-05-20,26.829999923706055
2013-05-21,26.559999465942383
2013-05-22,26.040000915527344
2013-05-23,26.100000381469727
2013-05-24,25.979999542236328
2013-05-28,26.290000915527344
2013-05-29,25.770000457763672
2013-05-30,25.860000610351562
2013-05-31,25.360000610351562
2013-06-03,25.780000686645508
2013-06-04,25.860000610351562
2013-06-05,25.850000381469727
2013-06-06,26.09000015258789
2013-06-07,26.43000030517578
2013-06-10,26.360000610351562
2013-06-11,26.209999084472656
2013-06-12,26.329999923706055
2013-06-13,26.5
2013-06-14,26.729999542236328
2013-06-17,26.809999465942383
2013-06-18,26.899999618530273
2013-06-19,26.790000915527344
2013-06-20,25.799999237060547
2013-06-21,25.43000030517578
2013-06-24,25.489999771118164
2013-06-25,25.65999984741211
2013-06-26,25.690000534057617
2013-06-27,26.030000686645508
2013-06-28,25.920000076293945
2013-07-01,26.139999389648438
2013-07-02,26.329999923706055
2013-07-03,25.709999084472656
2013-07-05,26.829999923706055
2013-07-08,26.81999969482422
2013-07-09,26.90999984741211
2013-07-10,26.940000534057617
2013-07-11,27.040000915527344
2013-07-12,27.329999923706055
2013-07-15,27.290000915527344
2013-07-16,27.270000457763672
2013-07-17,27.40999984741211
2013-07-18,27.469999313354492
2013-07-19,27.299999237060547
2013-07-22,27.239999771118164
2013-07-23,27.329999923706055
2013-07-24,27.1200008392334
2013-07-25,27.399999618530273
2013-07-26,27.209999084472656
2013-07-29,27.280000686645508
2013-07-30,27.149999618530273
2013-07-31,27.280000686645508
2013-08-01,27.5
2013-08-02,27.520000457763672
2013-08-05,27.530000686645508
2013-08-06,27.329999923706055
2013-08-07,27.149999618530273
2013-08-08,27.030000686645508
2013-08-09,27.280000686645508
2013-08-12,27.520000457763672
2013-08-13,27.579999923706055
2013-08-14,27.690000534057617
2013-08-15,27.799999237060547
2013-08-16,27.989999771118164
2013-08-19,27.81999969482422
2013-08-20,27.719999313354492
2013-08-21,27.579999923706055
2013-08-22,27.610000610351562
2013-08-23,27.799999237060547
2013-08-26,27.809999465942383
2013-08-27,28.149999618530273
2013-08-28,28.190000534057617
2013-08-29,27.8799991607666
2013-08-30,27.520000457763672
2013-09-03,28.06999969482422
2013-09-04,27.90999984741211
2013-09-05,28.020000457763672
2013-09-06,28.15999984741211
2013-09-09,28.040000915527344
2013-09-10,27.770000457763672
2013-09-11,27.709999084472656
2013-09-12,27.950000762939453
2013-09-13,27.940000534057617
2013-09-16,27.690000534057617
2013-09-17,27.459999084472656
2013-09-18,27.93000030517578
2013-09-19,27.68000030517578
2013-09-20,27.75
2013-09-23,27.530000686645508
2013-09-24,27.510000228881836
2013-09-25,27.34000015258789
2013-09-26,27.579999923706055
2013-09-27,27.40999984741211
2013-09-30,27.440000534057617
2013-10-01,27.350000381469727
2013-10-02,27.729999542236328
2013-10-03,27.600000381469727
2013-10-04,27.889999389648438
2013-10-07,27.979999542236328
2013-10-08,28.059999465942383
2013-10-09,27.68000030517578
2013-10-10,28.139999389648438
2013-10-11,28.030000686645508
2013-10-14,28.09000015258789
2013-10-15,27.93000030517578
2013-10-16,28.209999084472656
2013-10-17,27.75
2013-10-18,27.979999542236328
2013-10-21,27.68000030517578
2013-10-22,27.469999313354492
2013-10-23,27.0
2013-10-24,26.979999542236328
2013-10-25,27.219999313354492
2013-10-28,27.360000610351562
2013-10-29,27.360000610351562
2013-10-30,27.15999984741211
2013-10-31,27.049999237060547
2013-11-01,26.770000457763672
2013-11-04,26.729999542236328
2013-11-05,26.6200008392334
2013-11-06,26.81999969482422
2013-11-07,26.739999771118164
2013-11-08,26.780000686645508
2013-11-11,26.940000534057617
2013-11-12,26.670000076293945
2013-11-13,26.950000762939453
2013-11-14,27.040000915527344
2013-11-15,27.020000457763672
2013-11-18,26.760000228881836
2013-11-19,26.690000534057617
2013-11-20,26.68000030517578
2013-11-21,27.06999969482422
2013-11-22,27.030000686645508
2013-11-25,26.93000030517578
2013-11-26,26.899999618530273
2013-11-27,26.56999969482422
2013-11-29,26.729999542236328
2013-12-02,26.860000610351562
2013-12-03,27.100000381469727
2013-12-04,27.3799991607666
2013-12-05,27.479999542236328
2013-12-06,27.540000915527344
2013-12-09,27.399999618530273
2013-12-10,27.600000381469727
2013-12-11,27.440000534057617
2013-12-12,27.389999389648438
2013-12-13,27.079999923706055
2013-12-16,27.270000457763672
2013-12-17,27.110000610351562
2013-12-18,27.15999984741211
2013-12-19,27.350000381469727
2013-12-20,27.450000762939453
2013-12-23,27.5
2013-12-24,27.670000076293945
2013-12-26,27.760000228881836
2013-12-27,27.8700008392334
2013-12-30,27.770000457763672
2013-12-31,27.700000762939453
2014-01-02,26.950000762939453
2014-01-03,26.6299991607666
2014-01-06,26.520000457763672
2014-01-07,26.450000762939453
2014-01-08,26.139999389648438
2014-01-09,26.139999389648438
2014-01-10,26.270000457763672
2014-01-13,25.940000534057617
2014-01-14,26.06999969482422
2014-01-15,26.520000457763672
2014-01-16,26.440000534057617
2014-01-17,26.469999313354492
2014-01-21,26.739999771118164
2014-01-22,27.079999923706055
2014-01-23,26.950000762939453
2014-01-24,26.899999618530273
2014-01-27,26.709999084472656
2014-01-28,27.059999465942383
2014-01-29,27.049999237060547
2014-01-30,27.110000610351562
2014-01-31,26.8799991607666
2014-02-03,26.709999084472656
2014-02-04,26.920000076293945
2014-02-05,26.979999542236328
2014-02-06,27.309999465942383
2014-02-07,27.780000686645508
2014-02-10,27.729999542236328
2014-02-11,27.799999237060547
2014-02-12,27.940000534057617
2014-02-13,28.020000457763672
2014-02-14,28.06999969482422
2014-02-18,28.479999542236328
2014-02-19,28.600000381469727
2014-02-20,28.690000534057617
2014-02-21,28.559999465942383
2014-02-24,28.68000030517578
2014-02-25,28.5
2014-02-26,28.59000015258789
2014-02-27,28.540000915527344
2014-02-28,28.649999618530273
2014-03-03,29.200000762939453
2014-03-04,28.850000381469727
2014-03-05,28.309999465942383
2014-03-06,28.56999969482422
2014-03-07,28.729999542236328
2014-03-10,28.360000610351562
2014-03-11,28.040000915527344
2014-03-12,27.739999771118164
2014-03-13,27.719999313354492
2014-03-14,27.90999984741211
2014-03-17,27.549999237060547
2014-03-18,27.809999465942383
2014-03-19,27.780000686645508
2014-03-20,27.790000915527344
2014-03-21,28.059999465942383
2014-03-24,28.010000228881836
2014-03-25,28.020000457763672
2014-03-26,28.229999542236328
2014-03-27,28.559999465942383
2014-03-28,28.639999389648438
2014-03-31,28.6200008392334
2014-04-01,28.049999237060547
2014-04-02,28.010000228881836
2014-04-03,28.34000015258789
2014-04-04,28.56999969482422
2014-04-07,28.440000534057617
2014-04-08,28.899999618530273
2014-04-09,29.110000610351562
2014-04-10,29.059999465942383
2014-04-11,29.020000457763672
2014-04-14,29.239999771118164
2014-04-15,29.239999771118164
2014-04-16,29.31999969482422
2014-04-17,29.469999313354492
2014-04-21,29.43000030517578
2014-04-22,29.0
2014-04-23,28.920000076293945
2014-04-24,29.079999923706055
2014-04-25,28.700000762939453
2014-04-28,28.760000228881836
2014-04-29,28.760000228881836
2014-04-30,28.459999084472656
2014-05-01,28.309999465942383
2014-05-02,28.399999618530273
2014-05-05,28.280000686645508
2014-05-06,28.299999237060547
2014-05-07,28.649999618530273
2014-05-08,28.530000686645508
2014-05-09,28.479999542236328
2014-05-12,28.670000076293945
2014-05-13,29.010000228881836
2014-05-14,29.1299991607666
2014-05-15,28.979999542236328
2014-05-16,29.139999389648438
2014-05-19,29.299999237060547
2014-05-20,29.440000534057617
2014-05-21,29.75
2014-05-22,29.790000915527344
2014-05-23,29.920000076293945
2014-05-27,29.860000610351562
2014-05-28,29.489999771118164
2014-05-29,29.68000030517578
2014-05-30,29.469999313354492
2014-06-02,29.360000610351562
2014-06-03,29.479999542236328
2014-06-04,29.3799991607666
2014-06-05,29.40999984741211
2014-06-06,29.450000762939453
2014-06-09,29.790000915527344
2014-06-10,29.850000381469727
2014-06-11,29.8799991607666
2014-06-12,30.43000030517578
2014-06-13,30.350000381469727
2014-06-16,30.530000686645508
2014-06-17,30.450000762939453
2014-06-18,30.600000381469727
2014-06-19,30.690000534057617
2014-06-20,30.81999969482422
2014-06-23,30.780000686645508
2014-06-24,30.81999969482422
2014-06-25,30.940000534057617
2014-06-26,30.75
2014-06-27,30.790000915527344
2014-06-30,30.760000228881836
2014-07-01,30.75
2014-07-02,30.43000030517578
2014-07-03,30.350000381469727
2014-07-07,30.280000686645508
2014-07-08,30.209999084472656
2014-07-09,29.90999984741211
2014-07-10,30.149999618530273
2014-07-11,29.610000610351562
2014-07-14,29.81999969482422
2014-07-15,29.440000534057617
2014-07-16,29.6299991607666
2014-07-17,29.799999237060547
2014-07-18,29.68000030517578
2014-07-21,29.969999313354492
2014-07-22,29.8799991607666
2014-07-23,29.959999084472656
2014-07-24,29.829999923706055
2014-07-25,29.860000610351562
2014-07-28,29.670000076293945
2014-07-29,29.520000457763672
2014-07-30,29.219999313354492
2014-07-31,28.899999618530273
2014-08-01,28.770000457763672
2014-08-04,28.989999771118164
2014-08-05,28.850000381469727
2014-08-06,28.799999237060547
2014-08-07,28.989999771118164
2014-08-08,28.889999389648438
2014-08-11,28.93000030517578
2014-08-12,28.739999771118164
2014-08-13,28.84000015258789
2014-08-14,28.1299991607666
2014-08-15,28.329999923706055
2014-08-18,27.979999542236328
2014-08-19,27.829999923706055
2014-08-20,27.889999389648438
2014-08-21,28.06999969482422
2014-08-22,28.0
2014-08-25,27.989999771118164
2014-08-26,28.09000015258789
2014-08-27,28.049999237060547
2014-08-28,28.15999984741211
2014-08-29,28.399999618530273
2014-09-02,27.760000228881836
2014-09-03,28.299999237060547
2014-09-04,28.15999984741211
2014-09-05,27.920000076293945
2014-09-08,27.670000076293945
2014-09-09,27.549999237060547
2014-09-10,27.270000457763672
2014-09-11,27.579999923706055
2014-09-12,27.290000915527344
2014-09-15,27.399999618530273
2014-09-16,27.90999984741211
2014-09-17,27.739999771118164
2014-09-18,27.459999084472656
2014-09-19,27.43000030517578
2014-09-22,27.1299991607666
2014-09-23,27.25
2014-09-24,27.649999618530273
2014-09-25,27.530000686645508
2014-09-26,27.739999771118164
2014-09-29,27.940000534057617
2014-09-30,27.1299991607666
2014-10-01,26.8700008392334
2014-10-02,26.90999984741211
2014-10-03,26.469999313354492
2014-10-06,26.729999542236328
2014-10-07,26.309999465942383
2014-10-08,26.010000228881836
2014-10-09,25.280000686645508
2014-10-10,25.389999389648438
2014-10-13,25.15999984741211
2014-10-14,24.219999313354492
2014-10-15,24.06999969482422
2014-10-16,24.469999313354492
2014-10-17,24.6299991607666
2014-10-20,24.459999084472656
2014-10-21,24.600000381469727
2014-10-22,24.0
2014-10-23,24.459999084472656
2014-10-24,24.34000015258789
2014-10-27,24.1299991607666
2014-10-28,24.280000686645508
2014-10-29,24.639999389648438
2014-10-30,24.229999542236328
2014-10-31,24.18000030517578
2014-11-03,23.489999771118164
2014-11-04,23.09000015258789
2014-11-05,23.6299991607666
2014-11-06,23.350000381469727
2014-11-07,23.479999542236328
2014-11-10,23.110000610351562
2014-11-11,23.18000030517578
2014-11-12,22.969999313354492
2014-11-13,22.280000686645508
2014-11-14,22.709999084472656
2014-11-17,22.56999969482422
2014-11-18,22.200000762939453
2014-11-19,22.219999313354492
2014-11-20,22.6200008392334
2014-11-21,22.920000076293945
2014-11-24,22.639999389648438
2014-11-25,22.040000915527344
2014-11-26,21.940000534057617
2014-11-28,20.030000686645508
2014-12-01,20.700000762939453
2014-12-02,20.040000915527344
2014-12-03,20.040000915527344
2014-12-04,19.81999969482422
2014-12-05,19.510000228881836
2014-12-08,18.649999618530273
2014-12-09,18.860000610351562
2014-12-10,18.1299991607666
2014-12-11,17.610000610351562
2014-12-12,17.030000686645508
2014-12-15,16.239999771118164
2014-12-16,16.489999771118164
2014-12-17,16.520000457763672
2014-12-18,16.049999237060547
2014-12-19,17.030000686645508
2014-12-22,16.15999984741211
2014-12-23,16.68000030517578
2014-12-24,16.280000686645508
2014-12-26,16.059999465942383
2014-12-29,15.65999984741211
2014-12-30,15.649999618530273
2014-12-31,15.699999809265137
2015-01-02,15.279999732971191
2015-01-05,14.430000305175781
2015-01-06,13.819999694824219
2015-01-07,14.050000190734863
2015-01-08,14.199999809265137
2015-01-09,14.0
2015-01-12,13.270000457763672
2015-01-13,13.430000305175781
2015-01-14,13.989999771118164
2015-01-15,13.300000190734863
2015-01-16,14.039999961853027
2015-01-20,13.319999694824219
2015-01-21,13.569999694824219
2015-01-22,13.270000457763672
2015-01-23,12.9399995803833
2015-01-26,12.819999694824219
2015-01-27,13.109999656677246
2015-01-28,12.569999694824219
2015-01-29,12.649999618530273
2015-01-30,13.619999885559082
2015-02-02,14.270000457763672
2015-02-03,15.09000015258789
2015-02-04,14.09000015258789
2015-02-05,14.5600004196167
2015-02-06,14.760000228881836
2015-02-09,14.979999542236328
2015-02-10,14.670000076293945
2015-02-11,14.479999542236328
2015-02-12,14.800000190734863
2015-02-13,14.880000114440918
2015-02-17,14.899999618530273
2015-02-18,14.600000381469727
2015-02-19,14.449999809265137
2015-02-20,14.399999618530273
2015-02-23,14.319999694824219
2015-02-24,14.3100004196167
2015-02-25,14.739999771118164
2015-02-26,14.420000076293945
2015-02-27,14.630000114440918
2015-03-02,14.510000228881836
2015-03-03,14.680000305175781
2015-03-04,14.550000190734863
2015-03-05,14.489999771118164
2015-03-06,14.319999694824219
2015-03-09,14.180000305175781
2015-03-10,13.899999618530273
2015-03-11,13.970000267028809
2015-03-12,13.890000343322754
2015-03-13,13.479999542236328
2015-03-16,13.3100004196167
2015-03-17,13.020000457763672
2015-03-18,13.65999984741211
2015-03-19,13.170000076293945
2015-03-20,13.390000343322754
2015-03-23,13.479999542236328
2015-03-24,13.430000305175781
2015-03-25,13.600000381469727
2015-03-26,14.039999961853027
2015-03-27,13.489999771118164
2015-03-30,13.640000343322754
2015-03-31,13.489999771118164
2015-04-01,13.800000190734863
2015-04-02,13.630000114440918
2015-04-06,14.050000190734863
2015-04-07,14.119999885559082
2015-04-08,13.75
2015-04-09,13.819999694824219
2015-04-10,13.989999771118164
2015-04-13,14.109999656677246
2015-04-14,14.149999618530273
2015-04-15,14.609999656677246
2015-04-16,14.789999961853027
2015-04-17,14.729999542236328
2015-04-20,14.829999923706055
2015-04-21,14.649999618530273
2015-04-22,14.739999771118164
2015-04-23,14.930000305175781
2015-04-24,14.979999542236328
2015-04-27,14.890000343322754
2015-04-28,14.880000114440918
2015-04-29,15.020000457763672
2015-04-30,15.180000305175781
2015-05-01,15.229999542236328
2015-05-04,15.210000038146973
2015-05-05,15.3100004196167
2015-05-06,15.300000190734863
2015-05-07,14.899999618530273
2015-05-08,15.010000228881836
2015-05-11,15.0600004196167
2015-05-12,15.229999542236328
2015-05-13,15.15999984741211
2015-05-14,15.140000343322754
2015-05-15,15.079999923706055
2015-05-18,14.979999542236328
2015-05-19,14.520000457763672
2015-05-20,14.609999656677246
2015-05-21,14.960000038146973
2015-05-22,14.8100004196167
2015-05-26,14.470000267028809
2015-05-27,14.25
2015-05-28,14.300000190734863
2015-05-29,14.739999771118164
2015-06-01,14.720000267028809
2015-06-02,14.970000267028809
2015-06-03,14.710000038146973
2015-06-04,14.420000076293945
2015-06-05,14.670000076293945
2015-06-08,14.529999732971191
2015-06-09,14.819999694824219
2015-06-10,15.010000228881836
2015-06-11,14.970000267028809
2015-06-12,14.770000457763672
2015-06-15,14.739999771118164
2015-06-16,14.84000015258789
2015-06-17,14.84000015258789
2015-06-18,14.9399995803833
2015-06-19,14.729999542236328
2015-06-22,14.84000015258789
2015-06-23,15.020000457763672
2015-06-24,14.819999694824219
2015-06-25,14.670000076293945
2015-06-26,14.6899995803833
2015-06-29,14.350000381469727
2015-06-30,14.600000381469727
2015-07-01,14.1899995803833
2015-07-02,14.079999923706055
2015-07-06,13.199999809265137
2015-07-07,13.25
2015-07-08,13.100000381469727
2015-07-09,13.3100004196167
2015-07-10,13.390000343322754
2015-07-13,13.289999961853027
2015-07-14,13.369999885559082
2015-07-15,13.029999732971191
2015-07-16,12.90999984741211
2015-07-17,12.880000114440918
2015-07-20,12.75
2015-07-21,12.920000076293945
2015-07-22,12.550000190734863
2015-07-23,12.390000343322754
2015-07-24,12.34000015258789
2015-07-27,12.079999923706055
2015-07-28,12.229999542236328
2015-07-29,12.430000305175781
2015-07-30,12.380000114440918
2015-07-31,12.079999923706055
2015-08-03,11.720000267028809
2015-08-04,11.789999961853027
2015-08-05,11.65999984741211
2015-08-06,11.609999656677246
2015-08-07,11.430000305175781
2015-08-10,11.729999542236328
2015-08-11,11.489999771118164
2015-08-12,11.5600004196167
2015-08-13,11.399999618530273
2015-08-14,11.3100004196167
2015-08-17,11.199999809265137
2015-08-18,11.170000076293945
2015-08-19,10.75
2015-08-20,10.5600004196167
2015-08-21,10.460000038146973
2015-08-24,9.899999618530273
2015-08-25,10.0600004196167
2015-08-26,10.220000267028809
2015-08-27,11.130000114440918
2015-08-28,11.729999542236328
2015-08-31,12.430000305175781
2015-09-01,11.520000457763672
2015-09-02,11.720000267028809
2015-09-03,11.880000114440918
2015-09-04,11.640000343322754
2015-09-08,11.670000076293945
2015-09-09,11.359999656677246
2015-09-10,11.600000381469727
2015-09-11,11.399999618530273
2015-09-14,11.109999656677246
2015-09-15,11.319999694824219
2015-09-16,11.8100004196167
2015-09-17,11.6899995803833
2015-09-18,11.300000190734863
2015-09-21,11.619999885559082
2015-09-22,11.59000015258789
2015-09-23,11.300000190734863
2015-09-24,11.369999885559082
2015-09-25,11.420000076293945
2015-09-28,11.100000381469727
2015-09-29,11.25
2015-09-30,11.350000381469727
2015-10-01,11.239999771118164
2015-10-02,11.420000076293945
2015-10-05,11.649999618530273
2015-10-06,12.140000343322754
2015-10-07,12.0600004196167
2015-10-08,12.359999656677246
2015-10-09,12.289999961853027
2015-10-12,11.819999694824219
2015-10-13,11.670000076293945
2015-10-14,11.729999542236328
2015-10-15,11.760000228881836
2015-10-16,11.819999694824219
2015-10-19,11.539999961853027
2015-10-20,11.470000267028809
2015-10-21,11.270000457763672
2015-10-22,11.390000343322754
2015-10-23,11.199999809265137
2015-10-26,11.029999732971191
2015-10-27,10.859999656677246
2015-10-28,11.510000228881836
2015-10-29,11.420000076293945
2015-10-30,11.59000015258789
2015-11-02,11.539999961853027
2015-11-03,11.970000267028809
2015-11-04,11.619999885559082
2015-11-05,11.390000343322754
2015-11-06,11.239999771118164
2015-11-09,11.180000305175781
2015-11-10,11.180000305175781
2015-11-11,10.90999984741211
2015-11-12,10.65999984741211
2015-11-13,10.420000076293945
2015-11-16,10.710000038146973
2015-11-17,10.420000076293945
2015-11-18,10.489999771118164
2015-11-19,10.449999809265137
2015-11-20,10.479999542236328
2015-11-23,10.550000190734863
2015-11-24,10.829999923706055
2015-11-25,10.819999694824219
2015-11-27,10.5600004196167
2015-11-30,10.460000038146973
2015-12-01,10.430000305175781
2015-12-02,10.130000114440918
2015-12-03,10.390000343322754
2015-12-04,10.15999984741211
2015-12-07,9.649999618530273
2015-12-08,9.579999923706055
2015-12-09,9.529999732971191
2015-12-10,9.390000343322754
2015-12-11,9.170000076293945
2015-12-14,9.210000038146973
2015-12-15,9.350000381469727
2015-12-16,9.0600004196167
2015-12-17,8.859999656677246
2015-12-18,8.8100004196167
2015-12-21,8.729999542236328
2015-12-22,8.819999694824219
2015-12-23,9.220000267028809
2015-12-24,9.279999732971191
2015-12-28,8.979999542236328
2015-12-29,9.25
2015-12-30,8.989999771118164
2015-12-31,9.050000190734863
2016-01-04,9.069999694824219
2016-01-05,8.800000190734863
2016-01-06,8.380000114440918
2016-01-07,8.1899995803833
2016-01-08,8.09000015258789
2016-01-11,7.659999847412109
2016-01-12,7.599999904632568
2016-01-13,7.5
2016-01-14,7.639999866485596
2016-01-15,7.28000020980835
2016-01-19,7.039999961853027
2016-01-20,6.800000190734863
2016-01-21,7.070000171661377
2016-01-22,7.679999828338623
2016-01-25,7.079999923706055
2016-01-26,7.440000057220459
2016-01-27,7.579999923706055
2016-01-28,8.020000457763672
2016-01-29,8.0
2016-02-01,7.449999809265137
2016-02-02,7.099999904632568
2016-02-03,7.659999847412109
2016-02-04,7.539999961853027
2016-02-05,7.46999979019165
2016-02-08,7.260000228881836
2016-02-09,6.949999809265137
2016-02-10,6.940000057220459
2016-02-11,7.039999961853027
2016-02-12,7.199999809265137
2016-02-16,7.070000171661377
2016-02-17,7.369999885559082
2016-02-18,7.21999979019165
2016-02-19,7.159999847412109
2016-02-22,7.329999923706055
2016-02-23,7.119999885559082
2016-02-24,7.25
2016-02-25,7.289999961853027
2016-02-26,7.239999771118164
2016-02-29,7.380000114440918
2016-03-01,7.389999866485596
2016-03-02,7.400000095367432
2016-03-03,7.420000076293945
2016-03-04,7.690000057220459
2016-03-07,7.940000057220459
2016-03-08,7.659999847412109
2016-03-09,7.889999866485596
2016-03-10,7.829999923706055
2016-03-11,7.880000114440918
2016-03-14,7.690000057220459
2016-03-15,7.590000152587891
2016-03-16,7.800000190734863
2016-03-17,7.960000038146973
2016-03-18,7.960000038146973
2016-03-21,8.029999732971191
2016-03-22,8.069999694824219
2016-03-23,7.869999885559082
2016-03-24,7.800000190734863
2016-03-28,7.789999961853027
2016-03-29,7.710000038146973
2016-03-30,7.760000228881836
2016-03-31,7.769999980926514
2016-04-01,7.480000019073486
2016-04-04,7.309999942779541
2016-04-05,7.269999980926514
2016-04-06,7.519999980926514
2016-04-07,7.460000038146973
2016-04-08,7.809999942779541
2016-04-11,8.010000228881836
2016-04-12,8.180000305175781
2016-04-13,8.15999984741211
2016-04-14,8.100000381469727
2016-04-15,7.929999828338623
2016-04-18,7.909999847412109
2016-04-19,8.079999923706055
2016-04-20,8.270000457763672
2016-04-21,8.25
2016-04-22,8.319999694824219
2016-04-25,8.260000228881836
2016-04-26,8.369999885559082
2016-04-27,8.569999694824219
2016-04-28,8.600000381469727
2016-04-29,8.600000381469727
2016-05-02,8.4399995803833
2016-05-03,8.319999694824219
2016-05-04,8.300000190734863
2016-05-05,8.350000381469727
2016-05-06,8.4399995803833
2016-05-09,8.229999542236328
2016-05-10,8.5
2016-05-11,8.739999771118164
2016-05-12,8.800000190734863
2016-05-13,8.720000267028809
2016-05-16,8.930000305175781
2016-05-17,9.050000190734863
2016-05-18,8.920000076293945
2016-05-19,8.949999809265137
2016-05-20,8.960000038146973
2016-05-23,8.90999984741211
2016-05-24,9.0
2016-05-25,9.15999984741211
2016-05-26,9.09000015258789
2016-05-27,9.149999618530273
2016-05-31,9.0600004196167
2016-06-01,9.119999885559082
2016-06-02,9.069999694824219
2016-06-03,9.0600004196167
2016-06-06,9.210000038146973
2016-06-07,9.359999656677246
2016-06-08,9.520000457763672
2016-06-09,9.430000305175781
2016-06-10,9.199999809265137
2016-06-13,9.130000114440918
2016-06-14,9.029999732971191
2016-06-15,8.920000076293945
2016-06-16,8.680000305175781
2016-06-17,9.050000190734863
2016-06-20,9.25
2016-06-21,9.279999732971191
2016-06-22,9.199999809265137
2016-06-23,9.369999885559082
2016-06-24,8.949999809265137
2016-06-27,8.850000381469727
2016-06-28,9.079999923706055
2016-06-29,9.34000015258789
2016-06-30,9.15999984741211
2016-07-01,9.34000015258789
2016-07-05,8.949999809265137
2016-07-06,9.0600004196167
2016-07-07,8.680000305175781
2016-07-08,8.710000038146973
2016-07-11,8.670000076293945
2016-07-12,9.010000228881836
2016-07-13,8.699999809265137
2016-07-14,8.800000190734863
2016-07-15,8.850000381469727
2016-07-18,8.739999771118164
2016-07-19,8.729999542236328
2016-07-20,8.760000228881836
2016-07-21,8.5600004196167
2016-07-22,8.470000267028809
2016-07-25,8.3100004196167
2016-07-26,8.279999732971191
2016-07-27,8.09000015258789
2016-07-28,7.960000038146973
2016-07-29,8.0600004196167
2016-08-01,7.849999904632568
2016-08-02,7.760000228881836
2016-08-03,7.989999771118164
2016-08-04,8.100000381469727
2016-08-05,8.130000114440918
2016-08-08,8.260000228881836
2016-08-09,8.239999771118164
2016-08-10,8.079999923706055
2016-08-11,8.380000114440918
2016-08-12,8.5600004196167
2016-08-15,8.739999771118164
2016-08-16,8.869999885559082
2016-08-17,8.9399995803833
2016-08-18,9.140000343322754
2016-08-19,9.130000114440918
2016-08-22,8.880000114440918
2016-08-23,8.989999771118164
2016-08-24,8.8100004196167
2016-08-25,8.90999984741211
2016-08-26,8.9399995803833
2016-08-29,8.84000015258789
2016-08-30,8.739999771118164
2016-08-31,8.430000305175781
2016-09-01,8.220000267028809
2016-09-02,8.359999656677246
2016-09-06,8.489999771118164
2016-09-07,8.619999885559082
2016-09-08,8.960000038146973
2016-09-09,8.630000114440918
2016-09-12,8.65999984741211
2016-09-13,8.489999771118164
2016-09-14,8.270000457763672
2016-09-15,8.350000381469727
2016-09-16,8.25
2016-09-19,8.229999542236328
2016-09-20,8.270000457763672
2016-09-21,8.470000267028809
2016-09-22,8.59000015258789
2016-09-23,8.319999694824219
2016-09-26,8.5
2016-09-27,8.279999732971191
2016-09-28,8.65999984741211
2016-09-29,8.819999694824219
2016-09-30,8.869999885559082
2016-10-03,9.010000228881836
2016-10-04,9.029999732971191
2016-10-05,9.170000076293945
2016-10-06,9.300000190734863
2016-10-07,9.15999984741211
2016-10-10,9.399999618530273
2016-10-11,9.319999694824219
2016-10-12,9.220000267028809
2016-10-13,9.25
2016-10-14,9.229999542236328
2016-10-17,9.170000076293945
2016-10-18,9.239999771118164
2016-10-19,9.380000114440918
2016-10-20,9.220000267028809
2016-10-21,9.300000190734863
2016-10-24,9.279999732971191
2016-10-25,9.149999618530273
2016-10-26,9.010000228881836
2016-10-27,9.109999656677246
2016-10-28,8.949999809265137
2016-10-31,8.569999694824219
2016-11-01,8.600000381469727
2016-11-02,8.399999618530273
2016-11-03,8.25
2016-11-04,8.15999984741211
2016-11-07,8.3100004196167
2016-11-08,8.289999961853027
2016-11-09,8.460000038146973
2016-11-10,8.279999732971191
2016-11-11,8.0600004196167
2016-11-14,8.109999656677246
2016-11-15,8.470000267028809
2016-11-16,8.390000343322754
2016-11-17,8.319999694824219
2016-11-18,8.479999542236328
2016-11-21,8.869999885559082
2016-11-22,8.770000457763672
2016-11-23,8.800000190734863
2016-11-25,8.539999961853027
2016-11-28,8.609999656677246
2016-11-29,8.319999694824219
2016-11-30,9.0
2016-12-01,9.3100004196167
2016-12-02,9.430000305175781
2016-12-05,9.399999618530273
2016-12-06,9.3100004196167
2016-12-07,9.1899995803833
2016-12-08,9.34000015258789
2016-12-09,9.420000076293945
2016-12-12,9.579999923706055
2016-12-13,9.670000076293945
2016-12-14,9.369999885559082
2016-12-15,9.390000343322754
2016-12-16,9.550000190734863
2016-12-19,9.5
2016-12-20,9.579999923706055
2016-12-21,9.4399995803833
2016-12-22,9.470000267028809
2016-12-23,9.550000190734863
2016-12-27,9.6899995803833
2016-12-28,9.710000038146973
2016-12-29,9.670000076293945
2016-12-30,9.680000305175781
2017-01-03,9.460000038146973
2017-01-04,9.569999694824219
2017-01-05,9.649999618530273
2017-01-06,9.640000343322754
2017-01-09,9.350000381469727
2017-01-10,9.15999984741211
2017-01-11,9.399999618530273
2017-01-12,9.529999732971191
2017-01-13,9.420000076293945
2017-01-17,9.430000305175781
2017-01-18,9.210000038146973
2017-01-19,9.220000267028809
2017-01-20,9.399999618530273
2017-01-23,9.34000015258789
2017-01-24,9.380000114440918
2017-01-25,9.34000015258789
2017-01-26,9.520000457763672
2017-01-27,9.40999984741211
2017-01-30,9.319999694824219
2017-01-31,9.350000381469727
2017-02-01,9.479999542236328
2017-02-02,9.510000228881836
2017-02-03,9.529999732971191
2017-02-06,9.399999618530273
2017-02-07,9.260000228881836
2017-02-08,9.260000228881836
2017-02-09,9.34000015258789
2017-02-10,9.449999809265137
2017-02-13,9.3100004196167
2017-02-14,9.319999694824219
2017-02-15,9.279999732971191
2017-02-16,9.239999771118164
2017-02-17,9.239999771118164
2017-02-21,9.229999542236328
2017-02-22,9.170000076293945
2017-02-23,9.25
2017-02-24,9.229999542236328
2017-02-27,9.260000228881836
2017-02-28,9.3100004196167
2017-03-01,9.279999732971191
2017-03-02,9.149999618530273
2017-03-03,9.199999809265137
2017-03-06,9.260000228881836
2017-03-07,9.210000038146973
2017-03-08,8.800000190734863
2017-03-09,8.699999809265137
2017-03-10,8.510000228881836
2017-03-13,8.539999961853027
2017-03-14,8.5
2017-03-15,8.5600004196167
2017-03-16,8.529999732971191
2017-03-17,8.510000228881836
2017-03-20,8.510000228881836
2017-03-21,8.4399995803833
2017-03-22,8.460000038146973
2017-03-23,8.380000114440918
2017-03-24,8.430000305175781
2017-03-27,8.430000305175781
2017-03-28,8.460000038146973
2017-03-29,8.600000381469727
2017-03-30,8.75
2017-03-31,8.789999961853027
2017-04-03,8.770000457763672
2017-04-04,8.890000343322754
2017-04-05,8.850000381469727
2017-04-06,8.949999809265137
2017-04-07,9.0
2017-04-10,9.140000343322754
2017-04-11,9.180000305175781
2017-04-12,9.1899995803833
2017-04-13,9.199999809265137
2017-04-17,9.15999984741211
2017-04-18,9.140000343322754
2017-04-19,8.829999923706055
2017-04-20,8.800000190734863
2017-04-21,8.65999984741211
2017-04-24,8.600000381469727
2017-04-25,8.649999618530273
2017-04-26,8.579999923706055
2017-04-27,8.539999961853027
2017-04-28,8.539999961853027
2017-05-01,8.479999542236328
2017-05-02,8.319999694824219
2017-05-03,8.34000015258789
2017-05-04,8.029999732971191
2017-05-05,8.1899995803833
2017-05-08,8.220000267028809
2017-05-09,8.140000343322754
2017-05-10,8.34000015258789
2017-05-11,8.390000343322754
2017-05-12,8.369999885559082
2017-05-15,8.470000267028809
2017-05-16,8.479999542236328
2017-05-17,8.539999961853027
2017-05-18,8.5600004196167
2017-05-19,8.699999809265137
2017-05-22,8.75
2017-05-23,8.789999961853027
2017-05-24,8.760000228881836
2017-05-25,8.359999656677246
2017-05-26,8.520000457763672
2017-05-30,8.510000228881836
2017-05-31,8.289999961853027
2017-06-01,8.260000228881836
2017-06-02,8.229999542236328
2017-06-05,8.170000076293945
2017-06-06,8.279999732971191
2017-06-07,7.96999979019165
2017-06-08,7.989999771118164
2017-06-09,8.020000457763672
2017-06-12,8.020000457763672
2017-06-13,8.09000015258789
2017-06-14,7.849999904632568
2017-06-15,7.820000171661377
2017-06-16,7.849999904632568
2017-06-19,7.78000020980835
2017-06-20,7.630000114440918
2017-06-21,7.440000057220459
2017-06-22,7.480000019073486
2017-06-23,7.579999923706055
2017-06-26,7.610000133514404
2017-06-27,7.760000228881836
2017-06-28,7.860000133514404
2017-06-29,7.869999885559082
2017-06-30,8.069999694824219
2017-07-03,8.140000343322754
2017-07-05,7.880000114440918
2017-07-06,7.889999866485596
2017-07-07,7.730000019073486
2017-07-10,7.769999980926514
2017-07-11,7.860000133514404
2017-07-12,7.880000114440918
2017-07-13,7.96999979019165
2017-07-14,8.079999923706055
2017-07-17,8.0
2017-07-18,8.050000190734863
2017-07-19,8.180000305175781
2017-07-20,8.100000381469727
2017-07-21,7.900000095367432
2017-07-24,8.020000457763672
2017-07-25,8.220000267028809
2017-07-26,8.289999961853027
2017-07-27,8.390000343322754
2017-07-28,8.4399995803833
2017-07-31,8.539999961853027
2017-08-01,8.40999984741211
2017-08-02,8.4399995803833
2017-08-03,8.380000114440918
2017-08-04,8.4399995803833
2017-08-07,8.4399995803833
2017-08-08,8.420000076293945
2017-08-09,8.470000267028809
2017-08-10,8.279999732971191
2017-08-11,8.34000015258789
2017-08-14,8.15999984741211
2017-08-15,8.149999618530273
2017-08-16,8.039999961853027
2017-08-17,8.039999961853027
2017-08-18,8.3100004196167
2017-08-21,8.119999885559082
2017-08-22,8.180000305175781
2017-08-23,8.289999961853027
2017-08-24,8.1899995803833
2017-08-25,8.229999542236328
2017-08-28,8.100000381469727
2017-08-29,8.130000114440918
2017-08-30,8.029999732971191
2017-08-31,8.329999923706055
2017-09-01,8.369999885559082
2017-09-05,8.430000305175781
2017-09-06,8.539999961853027
2017-09-07,8.529999732971191
2017-09-08,8.34000015258789
2017-09-11,8.399999618530273
2017-09-12,8.4399995803833
2017-09-13,8.539999961853027
2017-09-14,8.600000381469727
2017-09-15,8.670000076293945
2017-09-18,8.619999885559082
2017-09-19,8.579999923706055
2017-09-20,8.6899995803833
2017-09-21,8.710000038146973
2017-09-22,8.6899995803833
2017-09-25,8.90999984741211
2017-09-26,8.869999885559082
2017-09-27,8.869999885559082
2017-09-28,8.8100004196167
2017-09-29,8.789999961853027
2017-10-02,8.65999984741211
2017-10-03,8.640000343322754
2017-10-04,8.569999694824219
2017-10-05,8.739999771118164
2017-10-06,8.479999542236328
2017-10-09,8.520000457763672
2017-10-10,8.710000038146973
2017-10-11,8.789999961853027
2017-10-12,8.680000305175781
2017-10-13,8.789999961853027
2017-10-16,8.880000114440918
2017-10-17,8.859999656677246
2017-10-18,8.869999885559082
2017-10-19,8.779999732971191
2017-10-20,8.829999923706055
2017-10-23,8.8100004196167
2017-10-24,8.930000305175781
2017-10-25,8.890000343322754
2017-10-26,8.960000038146973
2017-10-27,9.149999618530273
2017-10-30,9.1899995803833
2017-10-31,9.239999771118164
2017-11-01,9.220000267028809
2017-11-02,9.300000190734863
2017-11-03,9.449999809265137
2017-11-06,9.729999542236328
2017-11-07,9.720000267028809
2017-11-08,9.670000076293945
2017-11-09,9.710000038146973
2017-11-10,9.680000305175781
2017-11-13,9.640000343322754
2017-11-14,9.420000076293945
2017-11-15,9.40999984741211
2017-11-16,9.369999885559082
2017-11-17,9.600000381469727
2017-11-20,9.539999961853027
2017-11-21,9.619999885559082
2017-11-22,9.760000228881836
2017-11-24,9.890000343322754
2017-11-27,9.779999732971191
2017-11-28,9.770000457763672
2017-11-29,9.6899995803833
2017-11-30,9.680000305175781
2017-12-01,9.84000015258789
2017-12-04,9.6899995803833
2017-12-05,9.739999771118164
2017-12-06,9.460000038146973
2017-12-07,9.5600004196167
2017-12-08,9.699999809265137
2017-12-11,9.800000190734863
2017-12-12,9.65999984741211
2017-12-13,9.550000190734863
2017-12-14,9.640000343322754
2017-12-15,9.65999984741211
2017-12-18,9.649999618530273
2017-12-19,9.729999542236328
2017-12-20,9.819999694824219
2017-12-21,9.850000381469727
2017-12-22,9.850000381469727
2017-12-26,10.09000015258789
2017-12-27,10.0600004196167
2017-12-28,10.130000114440918
2017-12-29,10.149999618530273
2018-01-02,10.1899995803833
2018-01-03,10.40999984741211
2018-01-04,10.430000305175781
2018-01-05,10.380000114440918
2018-01-08,10.4399995803833
2018-01-09,10.619999885559082
2018-01-10,10.6899995803833
2018-01-11,10.710000038146973
2018-01-12,10.859999656677246
2018-01-16,10.770000457763672
2018-01-17,10.770000457763672
2018-01-18,10.75
2018-01-19,10.720000267028809
2018-01-22,10.770000457763672
2018-01-23,10.920000076293945
2018-01-24,11.140000343322754
2018-01-25,11.010000228881836
2018-01-26,11.15999984741211
2018-01-29,11.0600004196167
2018-01-30,10.869999885559082
2018-01-31,10.960000038146973
2018-02-01,11.15999984741211
2018-02-02,11.0
2018-02-05,10.789999961853027
2018-02-06,10.720000267028809
2018-02-07,10.489999771118164
2018-02-08,10.279999732971191
2018-02-09,10.069999694824219
2018-02-12,10.109999656677246
2018-02-13,10.149999618530273
2018-02-14,10.329999923706055
2018-02-15,10.350000381469727
2018-02-16,10.420000076293945
2018-02-20,10.529999732971191
2018-02-21,10.510000228881836
2018-02-22,10.649999618530273
2018-02-23,10.829999923706055
2018-02-26,10.920000076293945
2018-02-27,10.789999961853027
2018-02-28,10.489999771118164
2018-03-01,10.489999771118164
2018-03-02,10.539999961853027
2018-03-05,10.65999984741211
2018-03-06,10.670000076293945
2018-03-07,10.520000457763672
2018-03-08,10.470000267028809
2018-03-09,10.680000305175781
2018-03-12,10.65999984741211
2018-03-13,10.619999885559082
2018-03-14,10.630000114440918
2018-03-15,10.65999984741211
2018-03-16,10.789999961853027
2018-03-19,10.729999542236328
2018-03-20,10.890000343322754
2018-03-21,11.180000305175781
2018-03-22,11.010000228881836
2018-03-23,11.239999771118164
2018-03-26,11.199999809265137
2018-03-27,11.140000343322754
2018-03-28,11.140000343322754
2018-03-29,11.170000076293945
2018-04-02,10.90999984741211
2018-04-03,11.0
2018-04-04,11.029999732971191
2018-04-05,11.109999656677246
2018-04-06,10.869999885559082
2018-04-09,11.0600004196167
2018-04-10,11.279999732971191
2018-04-11,11.4399995803833
2018-04-12,11.449999809265137
2018-04-13,11.489999771118164
2018-04-16,11.420000076293945
2018-04-17,11.4399995803833
2018-04-18,11.6899995803833
2018-04-19,11.680000305175781
2018-04-20,11.710000038146973
2018-04-23,11.829999923706055
2018-04-24,11.65999984741211
2018-04-25,11.720000267028809
2018-04-26,11.789999961853027
2018-04-27,11.739999771118164
2018-04-30,11.819999694824219
2018-05-01,11.680000305175781
2018-05-02,11.699999809265137
2018-05-03,11.819999694824219
2018-05-04,12.0600004196167
2018-05-07,12.149999618530273
2018-05-08,12.109999656677246
2018-05-09,12.34000015258789
2018-05-10,12.470000267028809
2018-05-11,12.390000343322754
2018-05-14,12.489999771118164
2018-05-15,12.5
2018-05-16,12.5600004196167
2018-05-17,12.5600004196167
2018-05-18,12.489999771118164
2018-05-21,12.640000343322754
2018-05-22,12.640000343322754
2018-05-23,12.609999656677246
2018-05-24,12.449999809265137
2018-05-25,12.029999732971191
2018-05-29,11.84000015258789
2018-05-30,12.069999694824219
2018-05-31,11.920000076293945
2018-06-01,11.770000457763672
2018-06-04,11.710000038146973
2018-06-05,11.710000038146973
2018-06-06,11.729999542236328
2018-06-07,11.84000015258789
2018-06-08,11.800000190734863
2018-06-11,11.850000381469727
2018-06-12,11.899999618530273
2018-06-13,11.989999771118164
2018-06-14,11.90999984741211
2018-06-15,11.5
2018-06-18,11.699999809265137
2018-06-19,11.609999656677246
2018-06-20,11.649999618530273
2018-06-21,11.550000190734863
2018-06-22,11.979999542236328
2018-06-25,11.930000305175781
2018-06-26,12.149999618530273
2018-06-27,12.3100004196167
2018-06-28,12.34000015258789
2018-06-29,12.460000038146973
2018-07-02,12.180000305175781
2018-07-03,12.09000015258789
2018-07-05,12.300000190734863
2018-07-06,12.359999656677246
2018-07-09,12.479999542236328
2018-07-10,12.520000457763672
2018-07-11,11.930000305175781
2018-07-12,12.130000114440918
2018-07-13,12.210000038146973
2018-07-16,11.75
2018-07-17,11.8100004196167
2018-07-18,11.920000076293945
2018-07-19,11.899999618530273
2018-07-20,11.970000267028809
2018-07-23,12.069999694824219
2018-07-24,12.119999885559082
2018-07-25,12.279999732971191
2018-07-26,12.350000381469727
2018-07-27,12.239999771118164
2018-07-30,12.380000114440918
2018-07-31,12.210000038146973
2018-08-01,11.989999771118164
2018-08-02,12.170000076293945
2018-08-03,12.149999618530273
2018-08-06,12.210000038146973
2018-08-07,12.3100004196167
2018-08-08,11.960000038146973
2018-08-09,11.9399995803833
2018-08-10,12.109999656677246
2018-08-13,12.069999694824219
2018-08-14,12.050000190734863
2018-08-15,11.699999809265137
2018-08-16,11.789999961853027
2018-08-17,11.829999923706055
2018-08-20,11.859999656677246
2018-08-21,11.899999618530273
2018-08-22,12.300000190734863
2018-08-23,12.3100004196167
2018-08-24,12.399999618530273
2018-08-27,12.489999771118164
2018-08-28,12.4399995803833
2018-08-29,12.630000114440918
2018-08-30,12.680000305175781
2018-08-31,12.640000343322754
2018-09-04,12.59000015258789
2018-09-05,12.510000228881836
2018-09-06,12.359999656677246
2018-09-07,12.399999618530273
2018-09-10,12.380000114440918
2018-09-11,12.680000305175781
2018-09-12,12.829999923706055
2018-09-13,12.630000114440918
2018-09-14,12.630000114440918
2018-09-17,12.630000114440918
2018-09-18,12.800000190734863
2018-09-19,12.9399995803833
2018-09-20,12.859999656677246
2018-09-21,12.899999618530273
2018-09-24,13.220000267028809
2018-09-25,13.270000457763672
2018-09-26,13.15999984741211
2018-09-27,13.279999732971191
2018-09-28,13.479999542236328
2018-10-01,13.899999618530273
2018-10-02,13.829999923706055
2018-10-03,14.020000457763672
2018-10-04,13.75
2018-10-05,13.720000267028809
2018-10-08,13.6899995803833
2018-10-09,13.8100004196167
2018-10-10,13.460000038146973
2018-10-11,13.069999694824219
2018-10-12,13.210000038146973
2018-10-15,13.229999542236328
2018-10-16,13.300000190734863
2018-10-17,13.029999732971191
2018-10-18,12.789999961853027
2018-10-19,12.9399995803833
2018-10-22,12.970000267028809
2018-10-23,12.390000343322754
2018-10-24,12.380000114440918
2018-10-25,12.5
2018-10-26,12.619999885559082
2018-10-29,12.449999809265137
2018-10-30,12.350000381469727
2018-10-31,12.170000076293945
2018-11-01,11.859999656677246
2018-11-02,11.760000228881836
2018-11-05,11.710000038146973
2018-11-06,11.619999885559082
2018-11-07,11.539999961853027
2018-11-08,11.369999885559082
2018-11-09,11.220000267028809
2018-11-12,11.039999961853027
2018-11-13,10.359999656677246
2018-11-14,10.59000015258789
2018-11-15,10.600000381469727
2018-11-16,10.65999984741211
2018-11-19,10.699999809265137
2018-11-20,9.970000267028809
2018-11-21,10.1899995803833
2018-11-23,9.59000015258789
2018-11-26,9.6899995803833
2018-11-27,9.680000305175781
2018-11-28,9.449999809265137
2018-11-29,9.600000381469727
2018-11-30,9.479999542236328
2018-12-03,9.970000267028809
2018-12-04,9.90999984741211
2018-12-06,9.710000038146973
2018-12-07,9.850000381469727
2018-12-10,9.539999961853027
2018-12-11,9.6899995803833
2018-12-12,9.579999923706055
2018-12-13,9.949999809265137
2018-12-14,9.619999885559082
2018-12-17,9.270000457763672
2018-12-18,8.720000267028809
2018-12-19,8.90999984741211
2018-12-20,8.630000114440918
2018-12-21,8.5
2018-12-24,8.119999885559082
2018-12-26,8.65999984741211
2018-12-27,8.430000305175781
2018-12-28,8.319999694824219
2018-12-31,8.470000267028809
2019-01-02,8.630000114440918
2019-01-03,8.699999809265137
2019-01-04,8.90999984741211
2019-01-07,9.0
2019-01-08,9.1899995803833
2019-01-09,9.649999618530273
2019-01-10,9.6899995803833
2019-01-11,9.529999732971191
2019-01-14,9.350000381469727
2019-01-15,9.600000381469727
2019-01-16,9.649999618530273
2019-01-17,9.640000343322754
2019-01-18,9.890000343322754
2019-01-22,9.729999542236328
2019-01-23,9.649999618530273
2019-01-24,9.770000457763672
2019-01-25,9.84000015258789
2019-01-28,9.579999923706055
2019-01-29,9.770000457763672
2019-01-30,9.960000038146973
2019-01-31,9.920000076293945
2019-02-01,10.15999984741211
2019-02-04,10.079999923706055
2019-02-05,9.90999984741211
2019-02-06,9.930000305175781
2019-02-07,9.75
2019-02-08,9.760000228881836
2019-02-11,9.710000038146973
2019-02-12,9.829999923706055
2019-02-13,9.960000038146973
2019-02-14,10.020000457763672
2019-02-15,10.279999732971191
2019-02-19,10.3100004196167
2019-02-20,10.34000015258789
2019-02-21,10.329999923706055
2019-02-22,10.359999656677246
2019-02-25,10.079999923706055
2019-02-26,10.199999809265137
2019-02-27,10.350000381469727
2019-02-28,10.34000015258789
2019-03-01,10.149999618530273
2019-03-04,10.279999732971191
2019-03-05,10.3100004196167
2019-03-06,10.270000457763672
2019-03-07,10.300000190734863
2019-03-08,10.239999771118164
2019-03-11,10.3100004196167
2019-03-12,10.319999694824219
2019-03-13,10.470000267028809
2019-03-14,10.460000038146973
2019-03-15,10.4399995803833
2019-03-18,10.489999771118164
2019-03-19,10.4399995803833
2019-03-20,10.579999923706055
2019-03-21,10.520000457763672
2019-03-22,10.399999618530273
2019-03-25,10.449999809265137
2019-03-26,10.489999771118164
2019-03-27,10.420000076293945
2019-03-28,10.4399995803833
2019-03-29,10.510000228881836
2019-04-01,10.680000305175781
2019-04-02,10.739999771118164
2019-04-03,10.760000228881836
2019-04-04,10.729999542236328
2019-04-05,10.8100004196167
2019-04-08,10.869999885559082
2019-04-09,10.84000015258789
2019-04-10,10.979999542236328
2019-04-11,10.90999984741211
2019-04-12,10.970000267028809
2019-04-15,10.970000267028809
2019-04-16,11.010000228881836
2019-04-17,10.970000267028809
2019-04-18,10.9399995803833
2019-04-22,11.079999923706055
2019-04-23,11.170000076293945
2019-04-24,11.15999984741211
2019-04-25,11.100000381469727
2019-04-26,10.779999732971191
2019-04-29,10.890000343322754
2019-04-30,10.920000076293945
2019-05-01,10.920000076293945
2019-05-02,10.609999656677246
2019-05-03,10.65999984741211
2019-05-06,10.800000190734863
2019-05-07,10.520000457763672
2019-05-08,10.65999984741211
2019-05-09,10.609999656677246
2019-05-10,10.640000343322754
2019-05-13,10.520000457763672
2019-05-14,10.720000267028809
2019-05-15,10.829999923706055
2019-05-16,10.899999618530273
2019-05-17,10.84000015258789
2019-05-20,10.899999618530273
2019-05-21,10.899999618530273
2019-05-22,10.579999923706055
2019-05-23,10.069999694824219
2019-05-24,10.25
2019-05-28,10.300000190734863
2019-05-29,10.260000228881836
2019-05-30,9.880000114440918
2019-05-31,9.350000381469727
2019-06-03,9.279999732971191
2019-06-04,9.399999618530273
2019-06-05,9.09000015258789
2019-06-06,9.34000015258789
2019-06-07,9.510000228881836
2019-06-10,9.460000038146973
2019-06-11,9.5
2019-06-12,9.140000343322754
2019-06-13,9.300000190734863
2019-06-14,9.34000015258789
2019-06-17,9.239999771118164
2019-06-18,9.529999732971191
2019-06-19,9.569999694824219
2019-06-20,9.930000305175781
2019-06-21,10.029999732971191
2019-06-24,10.050000190734863
2019-06-25,10.0600004196167
2019-06-26,10.260000228881836
2019-06-27,10.260000228881836
2019-06-28,10.039999961853027
2019-07-01,10.239999771118164
2019-07-02,9.84000015258789
2019-07-03,9.9399995803833
2019-07-05,10.069999694824219
2019-07-08,10.050000190734863
2019-07-09,10.140000343322754
2019-07-10,10.479999542236328
2019-07-11,10.489999771118164
2019-07-12,10.470000267028809
2019-07-15,10.289999961853027
2019-07-16,10.130000114440918
2019-07-17,9.930000305175781
2019-07-18,9.779999732971191
2019-07-19,9.90999984741211
2019-07-22,9.920000076293945
2019-07-23,10.029999732971191
2019-07-24,9.850000381469727
2019-07-25,9.880000114440918
2019-07-26,9.9399995803833
2019-07-29,10.029999732971191
2019-07-30,10.210000038146973
2019-07-31,10.170000076293945
2019-08-01,9.569999694824219
2019-08-02,9.6899995803833
2019-08-05,9.579999923706055
2019-08-06,9.40999984741211
2019-08-07,9.119999885559082
2019-08-08,9.170000076293945
2019-08-09,9.369999885559082
2019-08-12,9.4399995803833
2019-08-13,9.880000114440918
2019-08-14,9.529999732971191
2019-08-15,9.380000114440918
2019-08-16,9.40999984741211
2019-08-19,9.569999694824219
2019-08-20,9.59000015258789
2019-08-21,9.640000343322754
2019-08-22,9.569999694824219
2019-08-23,9.319999694824219
2019-08-26,9.279999732971191
2019-08-27,9.510000228881836
2019-08-28,9.640000343322754
2019-08-29,9.710000038146973
2019-08-30,9.449999809265137
2019-09-03,9.3100004196167
2019-09-04,9.729999542236328
2019-09-05,9.720000267028809
2019-09-06,9.789999961853027
2019-09-09,9.989999771118164
2019-09-10,9.920000076293945
2019-09-11,9.710000038146973
2019-09-12,9.5600004196167
2019-09-13,9.539999961853027
2019-09-16,10.359999656677246
2019-09-17,10.0
2019-09-18,9.930000305175781
2019-09-19,10.039999961853027
2019-09-20,10.0600004196167
2019-09-23,10.09000015258789
2019-09-24,9.819999694824219
2019-09-25,9.770000457763672
2019-09-26,9.779999732971191
2019-09-27,9.6899995803833
2019-09-30,9.460000038146973
2019-10-01,9.350000381469727
2019-10-02,9.199999809265137
2019-10-03,9.170000076293945
2019-10-04,9.289999961853027
2019-10-07,9.3100004196167
2019-10-08,9.220000267028809
2019-10-09,9.289999961853027
2019-10-10,9.470000267028809
2019-10-11,9.680000305175781
2019-10-14,9.520000457763672
2019-10-15,9.399999618530273
2019-10-16,9.479999542236328
2019-10-17,9.569999694824219
2019-10-18,9.5
2019-10-21,9.5
2019-10-22,9.630000114440918
2019-10-23,9.880000114440918
2019-10-24,9.949999809265137
2019-10-25,10.020000457763672
2019-10-28,9.880000114440918
2019-10-29,9.850000381469727
2019-10-30,9.699999809265137
2019-10-31,9.579999923706055
2019-11-01,9.920000076293945
2019-11-04,10.010000228881836
2019-11-05,10.09000015258789
2019-11-06,9.960000038146973
2019-11-07,10.020000457763672
2019-11-08,10.119999885559082
2019-11-11,10.050000190734863
2019-11-12,10.0600004196167
2019-11-13,10.130000114440918
2019-11-14,10.069999694824219
2019-11-15,10.199999809265137
2019-11-18,10.050000190734863
2019-11-19,9.789999961853027
2019-11-20,10.069999694824219
2019-11-21,10.300000190734863
2019-11-22,10.239999771118164
2019-11-25,10.239999771118164
2019-11-26,10.329999923706055
2019-11-27,10.289999961853027
2019-11-29,9.850000381469727
2019-12-02,9.920000076293945
2019-12-03,9.979999542236328
2019-12-04,10.329999923706055
2019-12-05,10.34000015258789
2019-12-06,10.430000305175781
2019-12-09,10.430000305175781
2019-12-10,10.489999771118164
2019-12-11,10.399999618530273
2019-12-12,10.489999771118164
2019-12-13,10.5600004196167
2019-12-16,10.670000076293945
2019-12-17,10.760000228881836
2019-12-18,10.789999961853027
2019-12-19,10.829999923706055
2019-12-20,10.720000267028809
2019-12-23,10.619999885559082
2019-12-24,10.65999984741211
2019-12-26,10.760000228881836
2019-12-27,10.770000457763672
2019-12-30,10.760000228881836
2019-12-31,10.670000076293945
2020-01-02,10.6899995803833
2020-01-03,11.010000228881836
2020-01-06,10.989999771118164
2020-01-07,10.960000038146973
2020-01-08,10.5600004196167
2020-01-09,10.460000038146973
2020-01-10,10.380000114440918
2020-01-13,10.210000038146973
2020-01-14,10.260000228881836
2020-01-15,10.180000305175781
2020-01-16,10.270000457763672
2020-01-17,10.319999694824219
2020-01-21,10.229999542236328
2020-01-22,9.960000038146973
2020-01-23,9.760000228881836
2020-01-24,9.5600004196167
2020-01-27,9.300000190734863
2020-01-28,9.40999984741211
2020-01-29,9.329999923706055
2020-01-30,9.270000457763672
2020-01-31,9.079999923706055
2020-02-03,8.789999961853027
2020-02-04,8.75
2020-02-05,8.960000038146973
2020-02-06,9.010000228881836
2020-02-07,8.949999809265137
2020-02-10,8.869999885559082
2020-02-11,8.920000076293945
2020-02-12,9.069999694824219
2020-02-13,9.0600004196167
2020-02-14,9.09000015258789
2020-02-18,9.119999885559082
2020-02-19,9.239999771118164
2020-02-20,9.229999542236328
2020-02-21,9.130000114440918
2020-02-24,8.979999542236328
2020-02-25,8.65999984741211
2020-02-26,8.550000190734863
2020-02-27,8.350000381469727
2020-02-28,8.119999885559082
2020-03-02,8.420000076293945
2020-03-03,8.390000343322754
2020-03-04,8.420000076293945
2020-03-05,8.25
2020-03-06,7.809999942779541
2020-03-09,6.510000228881836
2020-03-10,6.96999979019165
2020-03-11,6.760000228881836
2020-03-12,6.599999904632568
2020-03-13,6.699999809265137
2020-03-16,6.199999809265137
2020-03-17,6.039999961853027
2020-03-18,5.460000038146973
2020-03-19,6.039999961853027
2020-03-20,5.769999980926514
2020-03-23,5.860000133514404
2020-03-24,5.909999847412109
2020-03-25,6.150000095367432
2020-03-26,6.050000190734863
2020-03-27,6.150000095367432
2020-03-30,6.170000076293945
2020-03-31,6.130000114440918
2020-04-01,5.889999866485596
2020-04-02,5.909999847412109
2020-04-03,6.070000171661377
2020-04-06,6.159999847412109
2020-04-07,6.269999980926514
2020-04-08,6.25
2020-04-09,6.21999979019165
2020-04-13,6.510000228881836
2020-04-14,6.519999980926514
2020-04-15,6.159999847412109
2020-04-16,6.159999847412109
2020-04-17,6.170000076293945
2020-04-20,6.059999942779541
2020-04-21,5.309999942779541
2020-04-22,5.460000038146973
2020-04-23,5.440000057220459
2020-04-24,5.340000152587891
2020-04-27,5.210000038146973
2020-04-28,5.199999809265137
2020-04-29,5.25
2020-04-30,5.539999961853027
2020-05-01,5.369999885559082
2020-05-04,5.510000228881836
2020-05-05,5.820000171661377
2020-05-06,5.590000152587891
2020-05-07,5.5
2020-05-08,5.800000190734863
2020-05-11,5.690000057220459
2020-05-12,5.539999961853027
2020-05-13,5.510000228881836
2020-05-14,5.659999847412109
2020-05-15,5.809999942779541
2020-05-18,6.159999847412109
2020-05-19,6.130000114440918
2020-05-20,6.309999942779541
2020-05-21,6.369999885559082
2020-05-22,6.300000190734863
2020-05-26,6.449999809265137
2020-05-27,6.260000228881836
2020-05-28,6.309999942779541
2020-05-29,6.5
2020-06-01,6.610000133514404
2020-06-02,6.730000019073486
2020-06-03,6.75
2020-06-04,6.809999942779541
2020-06-05,7.059999942779541
2020-06-08,6.889999866485596
2020-06-09,6.949999809265137
2020-06-10,6.989999771118164
2020-06-11,6.570000171661377
2020-06-12,6.639999866485596
2020-06-15,6.78000020980835
2020-06-16,6.940000057220459
2020-06-17,6.840000152587891
2020-06-18,6.960000038146973
2020-06-19,7.019999980926514
2020-06-22,7.190000057220459
2020-06-23,7.130000114440918
2020-06-24,6.820000171661377
2020-06-25,6.989999771118164
2020-06-26,6.840000152587891
2020-06-29,7.03000020980835
2020-06-30,6.989999771118164
2020-07-01,7.059999942779541
2020-07-02,7.139999866485596
2020-07-06,7.199999809265137
2020-07-07,7.190000057220459
2020-07-08,7.260000228881836
2020-07-09,7.119999885559082
2020-07-10,7.25
2020-07-13,7.130000114440918
2020-07-14,7.230000019073486
2020-07-15,7.300000190734863
2020-07-16,7.269999980926514
2020-07-17,7.28000020980835
2020-07-20,7.269999980926514
2020-07-21,7.409999847412109
2020-07-22,7.429999828338623
2020-07-23,7.349999904632568
2020-07-24,7.369999885559082
2020-07-27,7.440000057220459
2020-07-28,7.360000133514404
2020-07-29,7.440000057220459
2020-07-30,7.28000020980835
2020-07-31,7.329999923706055
2020-08-03,7.420000076293945
2020-08-04,7.5
2020-08-05,7.619999885559082
2020-08-06,7.630000114440918
2020-08-07,7.539999961853027
2020-08-10,7.590000152587891
2020-08-11,7.519999980926514
2020-08-12,7.699999809265137
2020-08-13,7.670000076293945
2020-08-14,7.659999847412109
2020-08-17,7.760000228881836
2020-08-18,7.71999979019165
2020-08-19,7.730000019073486
2020-08-20,7.699999809265137
2020-08-21,7.599999904632568
2020-08-24,7.659999847412109
2020-08-25,7.800000190734863
2020-08-26,7.809999942779541
2020-08-27,7.71999979019165
2020-08-28,7.75
2020-08-31,7.690000057220459
2020-09-01,7.739999771118164
2020-09-02,7.570000171661377
2020-09-03,7.510000228881836
2020-09-04,7.25
2020-09-08,6.829999923706055
2020-09-09,6.96999979019165
2020-09-10,6.849999904632568
2020-09-11,6.909999847412109
2020-09-14,6.869999885559082
2020-09-15,7.0
2020-09-16,7.28000020980835
2020-09-17,7.409999847412109
2020-09-18,7.360000133514404
2020-09-21,7.159999847412109
2020-09-22,7.150000095367432
2020-09-23,7.119999885559082
2020-09-24,7.230000019073486
2020-09-25,7.179999828338623
2020-09-28,7.28000020980835
2020-09-29,7.03000020980835
2020-09-30,7.190000057220459
2020-10-01,6.980000019073486
2020-10-02,6.710000038146973
2020-10-05,7.099999904632568
2020-10-06,7.210000038146973
2020-10-07,7.199999809265137
2020-10-08,7.380000114440918
2020-10-09,7.28000020980835
2020-10-12,7.119999885559082
2020-10-13,7.230000019073486
2020-10-14,7.349999904632568
2020-10-15,7.340000152587891
2020-10-16,7.28000020980835
2020-10-19,7.239999771118164
2020-10-20,7.369999885559082
2020-10-21,7.130000114440918
2020-10-22,7.21999979019165
2020-10-23,7.079999923706055
2020-10-26,6.889999866485596
2020-10-27,7.019999980926514
2020-10-28,6.679999828338623
2020-10-29,6.510000228881836
2020-10-30,6.420000076293945
2020-11-02,6.679999828338623
2020-11-03,6.78000020980835
2020-11-04,6.980000019073486
2020-11-05,6.889999866485596
2020-11-06,6.71999979019165
2020-11-09,7.139999866485596
2020-11-10,7.340000152587891
2020-11-11,7.380000114440918
2020-11-12,7.289999961853027
2020-11-13,7.139999866485596
2020-11-16,7.329999923706055
2020-11-17,7.329999923706055
2020-11-18,7.380000114440918
2020-11-19,7.389999866485596
2020-11-20,7.449999809265137
2020-11-23,7.53000020980835
2020-11-24,7.869999885559082
2020-11-25,8.010000228881836
2020-11-27,7.960000038146973
2020-11-30,7.909999847412109
2020-12-01,7.800000190734863
2020-12-02,7.900000095367432
2020-12-03,7.989999771118164
2020-12-04,8.050000190734863
2020-12-07,8.020000457763672
2020-12-08,8.010000228881836
2020-12-09,8.0
2020-12-10,8.210000038146973
2020-12-11,8.149999618530273
2020-12-14,8.220000267028809
2020-12-15,8.329999923706055
2020-12-16,8.380000114440918
2020-12-17,8.479999542236328
2020-12-18,8.5600004196167
2020-12-21,8.329999923706055
2020-12-22,8.1899995803833
2020-12-23,8.369999885559082
2020-12-24,8.40999984741211
2020-12-28,8.319999694824219
2020-12-29,8.359999656677246
2020-12-30,8.420000076293945
2020-12-31,8.430000305175781
2021-01-04,8.260000228881836
2021-01-05,8.699999809265137
2021-01-06,8.760000228881836
2021-01-07,8.859999656677246
2021-01-08,9.119999885559082
2021-01-11,9.0600004196167
2021-01-12,9.239999771118164
2021-01-13,9.210000038146973
2021-01-14,9.329999923706055
2021-01-15,9.079999923706055
2021-01-19,9.220000267028809
2021-01-20,9.229999542236328
2021-01-21,9.210000038146973
2021-01-22,9.069999694824219
2021-01-25,9.180000305175781
2021-01-26,9.119999885559082
2021-01-27,9.149999618530273
2021-01-28,9.079999923706055
2021-01-29,9.069999694824219
2021-02-01,9.319999694824219
2021-02-02,9.510000228881836
2021-02-03,9.670000076293945
2021-02-04,9.760000228881836
2021-02-05,9.84000015258789
2021-02-08,10.029999732971191
2021-02-09,10.069999694824219
2021-02-10,10.09000015258789
2021-02-11,10.039999961853027
2021-02-12,10.229999542236328
2021-02-16,10.359999656677246
2021-02-17,10.399999618530273
2021-02-18,10.289999961853027
2021-02-19,10.180000305175781
2021-02-22,10.539999961853027
2021-02-23,10.65999984741211
2021-02-24,10.899999618530273
2021-02-25,10.850000381469727
2021-02-26,10.569999694824219
2021-03-01,10.390000343322754
2021-03-02,10.319999694824219
2021-03-03,10.550000190734863
2021-03-04,10.970000267028809
2021-03-05,11.289999961853027
2021-03-08,11.100000381469727
2021-03-09,11.029999732971191
2021-03-10,11.170000076293945
2021-03-11,11.369999885559082
2021-03-12,11.3100004196167
2021-03-15,11.300000190734863
2021-03-16,11.229999542236328
2021-03-17,11.260000228881836
2021-03-18,10.5
2021-03-19,10.789999961853027
2021-03-22,10.779999732971191
2021-03-23,10.3100004196167
2021-03-24,10.75
2021-03-25,10.380000114440918
2021-03-26,10.789999961853027
2021-03-29,10.8100004196167
2021-03-30,10.640000343322754
2021-03-31,10.520000457763672
2021-04-01,10.90999984741211
2021-04-05,10.569999694824219
2021-04-06,10.710000038146973
2021-04-07,10.720000267028809
2021-04-08,10.649999618530273
2021-04-09,10.640000343322754
2021-04-12,10.720000267028809
2021-04-13,10.859999656677246
2021-04-14,11.229999542236328
2021-04-15,11.25
2021-04-16,11.229999542236328
2021-04-19,11.239999771118164
2021-04-20,11.079999923706055
2021-04-21,10.890000343322754
2021-04-22,10.989999771118164
2021-04-23,11.079999923706055
2021-04-26,11.039999961853027
2021-04-27,11.220000267028809
2021-04-28,11.319999694824219
2021-04-29,11.470000267028809
2021-04-30,11.239999771118164
2021-05-03,11.420000076293945
2021-05-04,11.670000076293945
2021-05-05,11.619999885559082
2021-05-06,11.59000015258789
2021-05-07,11.609999656677246
2021-05-10,11.65999984741211
2021-05-11,11.75
2021-05-12,11.84000015258789
2021-05-13,11.479999542236328
2021-05-14,11.680000305175781
2021-05-17,11.829999923706055
2021-05-18,11.699999809265137
2021-05-19,11.34000015258789
2021-05-20,11.100000381469727
2021-05-21,11.430000305175781
2021-05-24,11.729999542236328
2021-05-25,11.6899995803833
2021-05-26,11.779999732971191
2021-05-27,11.84000015258789
2021-05-28,11.819999694824219
2021-06-01,12.050000190734863
2021-06-02,12.1899995803833
2021-06-03,12.210000038146973
2021-06-04,12.270000457763672
2021-06-07,12.289999961853027
2021-06-08,12.4399995803833
2021-06-09,12.359999656677246
2021-06-10,12.430000305175781
2021-06-11,12.460000038146973
2021-06-14,12.539999961853027
2021-06-15,12.680000305175781
2021-06-16,12.640000343322754
2021-06-17,12.430000305175781
2021-06-18,12.489999771118164
2021-06-21,12.720000267028809
2021-06-22,12.760000228881836
2021-06-23,12.850000381469727
2021-06-24,12.899999618530273
2021-06-25,12.979999542236328
2021-06-28,12.819999694824219
2021-06-29,12.90999984741211
2021-06-30,12.890000343322754
2021-07-01,13.039999961853027
2021-07-02,13.130000114440918
2021-07-06,12.850000381469727
2021-07-07,12.529999732971191
2021-07-08,12.760000228881836
2021-07-09,12.989999771118164
2021-07-12,12.970000267028809
2021-07-13,13.199999809265137
2021-07-14,12.850000381469727
2021-07-15,12.699999809265137
2021-07-16,12.710000038146973
2021-07-19,11.869999885559082
2021-07-20,12.029999732971191
2021-07-21,12.489999771118164
2021-07-22,12.680000305175781
2021-07-23,12.779999732971191
2021-07-26,12.829999923706055
2021-07-27,12.779999732971191
2021-07-28,12.84000015258789
2021-07-29,13.100000381469727
2021-07-30,13.079999923706055
2021-08-02,12.710000038146973
2021-08-03,12.649999618530273
2021-08-04,12.260000228881836
2021-08-05,12.489999771118164
2021-08-06,12.390000343322754
2021-08-09,12.130000114440918
2021-08-10,12.420000076293945
2021-08-11,12.5600004196167
2021-08-12,12.510000228881836
2021-08-13,12.34000015258789
2021-08-16,12.239999771118164
2021-08-17,12.119999885559082
2021-08-18,11.819999694824219
2021-08-19,11.640000343322754
2021-08-20,11.3100004196167
2021-08-23,11.9399995803833
2021-08-24,12.329999923706055
2021-08-25,12.4399995803833
2021-08-26,12.350000381469727
2021-08-27,12.539999961853027
2021-08-30,12.609999656677246
2021-08-31,12.520000457763672
2021-09-01,12.479999542236328
2021-09-02,12.760000228881836
2021-09-03,12.680000305175781
2021-09-07,12.5
2021-09-08,12.65999984741211
2021-09-09,12.420000076293945
2021-09-10,12.710000038146973
2021-09-13,12.880000114440918
2021-09-14,12.84000015258789
2021-09-15,13.210000038146973
2021-09-16,13.229999542236328
2021-09-17,13.119999885559082
2021-09-20,12.9399995803833
2021-09-21,12.9399995803833
2021-09-22,13.180000305175781
2021-09-23,13.40999984741211
2021-09-24,13.539999961853027
2021-09-27,13.8100004196167
2021-09-28,13.670000076293945
2021-09-29,13.649999618530273
2021-09-30,13.720000267028809
2021-10-01,13.890000343322754
2021-10-04,14.229999542236328
2021-10-05,14.520000457763672
2021-10-06,14.119999885559082
2021-10-07,14.4399995803833
2021-10-08,14.479999542236328
2021-10-11,14.65999984741211
2021-10-12,14.640000343322754
2021-10-13,14.65999984741211
2021-10-14,14.84000015258789
2021-10-15,14.960000038146973
2021-10-18,14.930000305175781
2021-10-19,15.069999694824219
2021-10-20,15.239999771118164
2021-10-21,15.100000381469727
2021-10-22,15.329999923706055
2021-10-25,15.239999771118164
2021-10-26,15.420000076293945
2021-10-27,14.979999542236328
2021-10-28,15.149999618530273
2021-10-29,15.130000114440918
2021-11-01,15.239999771118164
2021-11-02,15.199999809265137
2021-11-03,14.569999694824219
2021-11-04,14.430000305175781
2021-11-05,14.859999656677246
2021-11-08,15.0
2021-11-09,15.319999694824219
2021-11-10,14.819999694824219
2021-11-11,14.8100004196167
2021-11-12,14.75
2021-11-15,14.770000457763672
2021-11-16,14.760000228881836
2021-11-17,14.390000343322754
2021-11-18,14.5
2021-11-19,14.0
2021-11-22,14.119999885559082
2021-11-23,14.569999694824219
2021-11-24,14.479999542236328
2021-11-26,12.760000228881836
2021-11-29,12.890000343322754
2021-11-30,12.300000190734863
2021-12-01,12.050000190734863
2021-12-02,12.380000114440918
2021-12-03,12.289999961853027
2021-12-06,12.890000343322754
2021-12-07,13.170000076293945
2021-12-08,13.359999656677246
2021-12-09,13.0600004196167
2021-12-10,13.279999732971191
2021-12-13,13.15999984741211
2021-12-14,13.029999732971191
2021-12-15,13.130000114440918
2021-12-16,13.119999885559082
2021-12-17,12.8100004196167
2021-12-20,12.65999984741211
2021-12-21,13.010000228881836
2021-12-22,13.119999885559082
2021-12-23,13.260000228881836
2021-12-27,13.59000015258789
2021-12-28,13.630000114440918
2021-12-29,13.739999771118164
2021-12-30,13.729999542236328
2021-12-31,13.550000190734863
2022-01-03,13.739999771118164
2022-01-04,13.90999984741211
2022-01-05,13.8100004196167
2022-01-06,14.079999923706055
2022-01-07,14.039999961853027
2022-01-10,13.90999984741211
2022-01-11,14.319999694824219
2022-01-12,14.4399995803833
2022-01-13,14.329999923706055
2022-01-14,14.649999618530273
2022-01-18,14.869999885559082
2022-01-19,14.890000343322754
2022-01-20,14.859999656677246
2022-01-21,14.899999618530273
2022-01-24,14.760000228881836
2022-01-25,14.90999984741211
2022-01-26,15.020000457763672
2022-01-27,15.0600004196167
2022-01-28,15.050000190734863
2022-01-31,15.119999885559082
2022-02-01,15.140000343322754
2022-02-02,15.15999984741211
2022-02-03,15.359999656677246
2022-02-04,15.59000015258789
2022-02-07,15.600000381469727
2022-02-08,15.390000343322754
2022-02-09,15.569999694824219
2022-02-10,15.510000228881836
2022-02-11,15.779999732971191
2022-02-14,15.859999656677246
2022-02-15,15.40999984741211
2022-02-16,15.270000457763672
2022-02-17,15.40999984741211
2022-02-18,15.600000381469727
2022-02-22,15.739999771118164
2022-02-23,15.970000267028809
2022-02-24,15.8100004196167
2022-02-25,15.720000267028809
2022-02-28,15.829999923706055
2022-03-01,16.270000457763672
2022-03-02,16.709999084472656
2022-03-03,16.920000076293945
2022-03-04,18.059999465942383
2022-03-07,18.440000534057617
2022-03-08,18.68000030517578
2022-03-09,16.799999237060547
2022-03-10,16.770000457763672
2022-03-11,17.270000457763672
2022-03-14,16.639999389648438
2022-03-15,16.010000228881836
2022-03-16,15.869999885559082
2022-03-17,16.899999618530273
2022-03-18,17.100000381469727
2022-03-21,17.90999984741211
2022-03-22,17.729999542236328
2022-03-23,18.239999771118164
2022-03-24,17.799999237060547
2022-03-25,17.90999984741211
2022-03-28,16.790000915527344
2022-03-29,17.34000015258789
2022-03-30,17.68000030517578
2022-03-31,17.31999969482422
2022-04-01,17.6200008392334
2022-04-04,18.149999618530273
2022-04-05,17.770000457763672
2022-04-06,17.5
2022-04-07,17.639999389648438
2022-04-08,17.8700008392334
2022-04-11,17.579999923706055
2022-04-12,18.18000030517578
2022-04-13,18.6200008392334
2022-04-14,18.739999771118164
2022-04-18,18.809999465942383
2022-04-19,18.030000686645508
2022-04-20,18.139999389648438
2022-04-21,18.350000381469727
2022-04-22,17.84000015258789
2022-04-25,17.579999923706055
2022-04-26,17.850000381469727
2022-04-27,17.81999969482422
2022-04-28,18.020000457763672
2022-04-29,17.790000915527344
2022-05-02,18.06999969482422
2022-05-03,17.809999465942383
2022-05-04,18.530000686645508
2022-05-05,18.559999465942383
2022-05-06,18.93000030517578
2022-05-09,17.81999969482422
2022-05-10,17.399999618530273
2022-05-11,18.149999618530273
2022-05-12,18.34000015258789
2022-05-13,18.68000030517578
2022-05-16,18.940000534057617
2022-05-17,18.479999542236328
2022-05-18,18.06999969482422
2022-05-19,18.309999465942383
2022-05-20,18.520000457763672
2022-05-23,18.649999618530273
2022-05-24,18.729999542236328
2022-05-25,18.850000381469727
2022-05-26,19.299999237060547
2022-05-27,19.469999313354492
2022-05-31,19.450000762939453
2022-06-01,19.530000686645508
2022-06-02,19.93000030517578
2022-06-03,20.3700008392334
2022-06-06,20.200000762939453
2022-06-07,20.610000610351562
2022-06-08,21.079999923706055
2022-06-09,20.889999389648438
2022-06-10,20.649999618530273
2022-06-13,20.65999984741211
2022-06-14,20.25
2022-06-15,19.93000030517578
2022-06-16,20.09000015258789
2022-06-17,19.170000076293945
2022-06-21,19.329999923706055
2022-06-22,18.610000610351562
2022-06-23,18.040000915527344
2022-06-24,18.440000534057617
2022-06-27,18.799999237060547
2022-06-28,19.270000457763672
2022-06-29,18.829999923706055
2022-06-30,18.239999771118164
2022-07-01,18.479999542236328
2022-07-05,16.81999969482422
2022-07-06,16.600000381469727
2022-07-07,17.219999313354492
2022-07-08,17.709999084472656
2022-07-11,17.670000076293945
2022-07-12,16.510000228881836
2022-07-13,16.6299991607666
2022-07-14,16.510000228881836
2022-07-15,16.690000534057617
2022-07-18,17.329999923706055
2022-07-19,17.610000610351562
2022-07-20,17.549999237060547
2022-07-21,17.1200008392334
2022-07-22,16.979999542236328
2022-07-25,17.350000381469727
2022-07-26,17.149999618530273
2022-07-27,17.809999465942383
2022-07-28,17.690000534057617
2022-07-29,17.889999389648438
2022-08-01,17.31999969482422
2022-08-02,17.510000228881836
2022-08-03,17.030000686645508
2022-08-04,16.549999237060547
2022-08-05,16.540000915527344
2022-08-08,17.010000228881836
2022-08-09,17.0
2022-08-10,17.200000762939453
2022-08-11,17.639999389648438
2022-08-12,17.360000610351562
2022-08-15,16.899999618530273
2022-08-16,16.520000457763672
2022-08-17,16.709999084472656
2022-08-18,17.219999313354492
2022-08-19,17.18000030517578
2022-08-22,17.31999969482422
2022-08-23,17.809999465942383
2022-08-24,18.100000381469727
2022-08-25,17.75
2022-08-26,17.579999923706055
2022-08-29,18.190000534057617
2022-08-30,17.510000228881836
2022-08-31,16.950000762939453
2022-09-01,16.450000762939453
2022-09-02,16.579999923706055
2022-09-06,16.600000381469727
2022-09-07,15.6899995803833
2022-09-08,15.789999961853027
2022-09-09,16.489999771118164
2022-09-12,16.780000686645508
2022-09-13,16.670000076293945
2022-09-14,16.8700008392334
2022-09-15,16.200000762939453
2022-09-16,16.239999771118164
2022-09-19,16.280000686645508
2022-09-20,16.06999969482422
2022-09-21,15.970000267028809
2022-09-22,16.030000686645508
2022-09-23,15.170000076293945
2022-09-26,14.670000076293945
2022-09-27,14.989999771118164
2022-09-28,15.600000381469727
2022-09-29,15.529999732971191
2022-09-30,15.180000305175781
2022-10-03,15.8100004196167
2022-10-04,16.3799991607666
2022-10-05,16.739999771118164
2022-10-06,16.979999542236328
2022-10-07,17.489999771118164
2022-10-10,17.18000030517578
2022-10-11,16.709999084472656
2022-10-12,16.510000228881836
2022-10-13,16.889999389648438
2022-10-14,16.309999465942383
2022-10-17,16.280000686645508
2022-10-18,15.90999984741211
2022-10-19,16.260000228881836
2022-10-20,16.31999969482422
2022-10-21,16.399999618530273
2022-10-24,16.34000015258789
2022-10-25,16.3799991607666
2022-10-26,16.959999084472656
2022-10-27,17.1299991607666
2022-10-28,16.940000534057617
2022-10-31,16.610000610351562
2022-11-01,17.010000228881836
2022-11-02,17.190000534057617
2022-11-03,16.989999771118164
2022-11-04,17.860000610351562
2022-11-07,17.760000228881836
2022-11-08,17.229999542236328
2022-11-09,16.559999465942383
2022-11-10,16.700000762939453
2022-11-11,17.219999313354492
2022-11-14,16.520000457763672
2022-11-15,16.84000015258789
2022-11-16,16.549999237060547
2022-11-17,15.979999542236328
2022-11-18,15.699999809265137
2022-11-21,15.640000343322754
2022-11-22,15.890000343322754
2022-11-23,15.149999618530273
2022-11-25,15.039999961853027
2022-11-28,15.039999961853027
2022-11-29,15.369999885559082
2022-11-30,15.770000457763672
2022-12-01,15.899999618530273
2022-12-02,15.680000305175781
2022-12-05,15.180000305175781
2022-12-06,14.630000114440918
2022-12-07,14.300000190734863
2022-12-08,14.109999656677246
2022-12-09,14.170000076293945
2022-12-12,14.449999809265137
2022-12-13,14.649999618530273
2022-12-14,14.84000015258789
2022-12-15,14.5600004196167
2022-12-16,14.34000015258789
2022-12-19,14.430000305175781
2022-12-20,14.470000267028809
2022-12-21,14.75
2022-12-22,14.640000343322754
2022-12-23,15.0
2022-12-27,15.109999656677246
2022-12-28,14.949999809265137
2022-12-29,14.880000114440918
2022-12-30,15.210000038146973
2023-01-03,14.779999732971191
2023-01-04,14.279999732971191
2023-01-05,14.350000381469727
2023-01-06,14.390000343322754
2023-01-09,14.630000114440918
2023-01-10,14.579999923706055
2023-01-11,14.979999542236328
2023-01-12,15.069999694824219
2023-01-13,15.319999694824219
2023-01-17,15.369999885559082
2023-01-18,15.15999984741211
2023-01-19,15.399999618530273
2023-01-20,15.550000190734863
2023-01-23,15.600000381469727
2023-01-24,15.369999885559082
2023-01-25,15.359999656677246
2023-01-26,15.420000076293945
2023-01-27,15.119999885559082
2023-01-30,14.859999656677246
2023-01-31,15.109999656677246
2023-02-01,14.760000228881836
2023-02-02,14.630000114440918
2023-02-03,14.210000038146973
2023-02-06,14.4399995803833
2023-02-07,14.84000015258789
2023-02-08,15.020000457763672
2023-02-09,14.859999656677246
2023-02-10,15.25
2023-02-13,15.170000076293945
2023-02-14,15.1899995803833
2023-02-15,15.140000343322754
2023-02-16,14.989999771118164
2023-02-17,14.720000267028809
2023-02-21,14.6899995803833
2023-02-22,14.380000114440918
2023-02-23,14.65999984741211
2023-02-24,14.760000228881836
2023-02-27,14.5600004196167
2023-02-28,14.6899995803833
2023-03-01,14.880000114440918
2023-03-02,14.949999809265137
2023-03-03,15.25
2023-03-06,15.399999618530273
2023-03-07,14.880000114440918
2023-03-08,14.720000267028809
2023-03-09,14.529999732971191
2023-03-10,14.729999542236328
2023-03-13,14.359999656677246
2023-03-14,13.920000076293945
2023-03-15,13.319999694824219
2023-03-16,13.350000381469727
2023-03-17,13.100000381469727
2023-03-20,13.319999694824219
2023-03-21,13.579999923706055
2023-03-22,13.630000114440918
2023-03-23,13.520000457763672
2023-03-24,13.529999732971191
2023-03-27,14.140000343322754
2023-03-28,14.229999542236328
2023-03-29,14.15999984741211
2023-03-30,14.369999885559082
2023-03-31,14.569999694824219
2023-04-03,15.199999809265137
2023-04-04,15.1899995803833
2023-04-05,15.199999809265137
2023-04-06,15.1899995803833
2023-04-10,15.119999885559082
2023-04-11,15.350000381469727
2023-04-12,15.630000114440918
2023-04-13,15.539999961853027
2023-04-14,15.609999656677246
2023-04-17,15.390000343322754
2023-04-18,15.359999656677246
2023-04-19,15.0600004196167
2023-04-20,14.729999542236328
2023-04-21,14.930000305175781
2023-04-24,15.130000114440918
2023-04-25,14.739999771118164
2023-04-26,14.3100004196167
2023-04-27,14.380000114440918
2023-04-28,14.75
2023-05-01,14.539999961853027
2023-05-02,13.829999923706055
2023-05-03,13.3100004196167
2023-05-04,13.369999885559082
2023-05-05,13.829999923706055
2023-05-08,14.100000381469727
2023-05-09,14.25
2023-05-10,14.149999618530273
2023-05-11,13.90999984741211
2023-05-12,13.640000343322754
2023-05-15,13.869999885559082
2023-05-16,13.760000228881836
2023-05-17,14.220000267028809
2023-05-18,14.109999656677246
2023-05-19,14.0600004196167
2023-05-22,14.050000190734863
2023-05-23,14.25
2023-05-24,14.430000305175781
2023-05-25,14.100000381469727
2023-05-26,14.270000457763672
2023-05-30,13.760000228881836
2023-05-31,13.369999885559082
2023-06-01,13.819999694824219
2023-06-02,14.130000114440918
2023-06-05,14.109999656677246
2023-06-06,14.069999694824219
2023-06-07,14.270000457763672
2023-06-08,14.0
2023-06-09,13.90999984741211
2023-06-12,13.369999885559082
2023-06-13,13.779999732971191
2023-06-14,13.729999542236328
2023-06-15,14.069999694824219
2023-06-16,14.239999771118164
2023-06-20,14.149999618530273
2023-06-21,14.390000343322754
2023-06-22,13.890000343322754
2023-06-23,13.90999984741211
2023-06-26,13.970000267028809
2023-06-27,13.680000305175781
2023-06-28,13.9399995803833
2023-06-29,14.020000457763672
2023-06-30,14.119999885559082
2023-07-03,14.079999923706055
2023-07-05,14.3100004196167
2023-07-06,14.25
2023-07-07,14.539999961853027
2023-07-10,14.489999771118164
2023-07-11,14.8100004196167
2023-07-12,14.989999771118164
2023-07-13,15.260000228881836
2023-07-14,14.920000076293945
2023-07-17,14.75
2023-07-18,15.029999732971191
2023-07-19,15.010000228881836
2023-07-20,15.069999694824219
2023-07-21,15.260000228881836
2023-07-24,15.609999656677246
2023-07-25,15.6899995803833
2023-07-26,15.609999656677246
2023-07-27,15.770000457763672
2023-07-28,15.9399995803833
2023-07-31,16.15999984741211
2023-08-01,16.1200008392334
2023-08-02,15.800000190734863
2023-08-03,16.139999389648438
2023-08-04,16.280000686645508
2023-08-07,16.299999237060547
2023-08-08,16.34000015258789
2023-08-09,16.549999237060547
2023-08-10,16.360000610351562
2023-08-11,16.3799991607666
2023-08-14,16.280000686645508
2023-08-15,16.040000915527344
2023-08-16,15.789999961853027
2023-08-17,15.899999618530273
2023-08-18,16.079999923706055
2023-08-21,16.040000915527344
2023-08-22,15.970000267028809
2023-08-23,15.760000228881836
2023-08-24,15.770000457763672
2023-08-25,16.0
2023-08-28,15.979999542236328
2023-08-29,16.170000076293945
2023-08-30,16.25
2023-08-31,16.549999237060547
2023-09-01,16.93000030517578
2023-09-05,17.1299991607666
2023-09-06,17.309999465942383
2023-09-07,17.18000030517578
2023-09-08,17.270000457763672
2023-09-11,17.309999465942383
2023-09-12,17.600000381469727
2023-09-13,17.59000015258789
2023-09-14,17.920000076293945
2023-09-15,17.93000030517578
2023-09-18,17.950000762939453
2023-09-19,17.950000762939453
2023-09-20,17.649999618530273
2023-09-21,17.709999084472656
2023-09-22,17.709999084472656
2023-09-25,17.690000534057617
2023-09-26,17.799999237060547
2023-09-27,18.170000076293945
2023-09-28,17.90999984741211
2023-09-29,17.649999618530273
2023-10-02,17.450000762939453
2023-10-03,17.520000457763672
2023-10-04,16.56999969482422
2023-10-05,16.229999542236328
2023-10-06,16.260000228881836
2023-10-09,16.93000030517578
2023-10-10,16.829999923706055
2023-10-11,16.6200008392334
2023-10-12,16.56999969482422
2023-10-13,17.3700008392334
2023-10-16,17.219999313354492
2023-10-17,17.31999969482422
2023-10-18,17.56999969482422
2023-10-19,17.979999542236328
2023-10-20,17.770000457763672
2023-10-23,17.360000610351562
2023-10-24,16.959999084472656
2023-10-25,17.290000915527344
2023-10-26,16.950000762939453
2023-10-27,17.700000762939453
2023-10-30,16.770000457763672
2023-10-31,16.540000915527344
2023-11-01,16.489999771118164
2023-11-02,16.799999237060547
2023-11-03,16.5
2023-11-06,16.520000457763672
2023-11-07,15.829999923706055
2023-11-08,15.489999771118164
2023-11-09,15.5
2023-11-10,15.829999923706055
2023-11-13,16.079999923706055
2023-11-14,16.030000686645508
2023-11-15,15.720000267028809
2023-11-16,14.979999542236328
2023-11-17,15.59000015258789
2023-11-20,15.930000305175781
2023-11-21,15.970000267028809
2023-11-22,15.779999732971191
2023-11-24,15.59000015258789
2023-11-27,15.390000343322754
2023-11-28,15.699999809265137
2023-11-29,15.979999542236328
2023-11-30,15.460000038146973
2023-12-01,15.25
2023-12-04,15.069999694824219
2023-12-05,14.850000381469727
2023-12-06,14.319999694824219
2023-12-07,14.380000114440918
2023-12-08,14.600000381469727
2023-12-11,14.739999771118164
2023-12-12,14.319999694824219
2023-12-13,14.5600004196167
2023-12-14,14.890000343322754
2023-12-15,14.869999885559082
2023-12-18,14.380000114440918
2023-12-19,14.600000381469727
2023-12-20,14.420000076293945
2023-12-21,14.390000343322754
2023-12-22,14.270000457763672
2023-12-26,14.5
2023-12-27,14.34000015258789
2023-12-28,14.020000457763672
2023-12-29,13.90999984741211
2024-01-02,13.819999694824219
2024-01-03,14.1899995803833
2024-01-04,14.029999732971191
2024-01-05,14.220000267028809
2024-01-08,13.84000015258789
2024-01-09,13.960000038146973
2024-01-10,13.890000343322754
2024-01-11,14.050000190734863
2024-01-12,14.15999984741211
2024-01-16,14.0
2024-01-17,14.039999961853027
2024-01-18,14.170000076293945
2024-01-19,14.149999618530273
2024-01-22,14.329999923706055
2024-01-23,14.329999923706055
2024-01-24,14.460000038146973
2024-01-25,14.680000305175781
2024-01-26,14.829999923706055
2024-01-29,14.699999809265137
2024-01-30,14.8100004196167
2024-01-31,14.489999771118164
2024-02-01,14.199999809265137
2024-02-02,13.970000267028809
2024-02-05,14.149999618530273
2024-02-06,14.210000038146973
2024-02-07,14.300000190734863
2024-02-08,14.579999923706055
2024-02-09,14.65999984741211
2024-02-12,14.699999809265137
2024-02-13,14.710000038146973
2024-02-14,14.550000190734863
2024-02-15,14.699999809265137
2024-02-16,14.75
2024-02-20,14.630000114440918
2024-02-21,14.640000343322754
2024-02-22,14.699999809265137
2024-02-23,14.479999542236328
2024-02-26,14.619999885559082
2024-02-27,14.699999809265137
2024-02-28,14.640000343322754
2024-02-29,14.609999656677246
2024-03-01,14.739999771118164
2024-03-04,14.739999771118164
2024-03-05,14.619999885559082
2024-03-06,14.739999771118164
2024-03-07,14.760000228881836
2024-03-08,14.65999984741211
2024-03-11,14.789999961853027
2024-03-12,14.739999771118164
2024-03-13,15.010000228881836
2024-03-14,15.15999984741211
2024-03-15,15.25
2024-03-18,15.430000305175781
2024-03-19,15.489999771118164
2024-03-20,15.369999885559082
2024-03-21,15.350000381469727
2024-03-22,15.260000228881836
2024-03-25,15.449999809265137
2024-03-26,15.369999885559082
2024-03-27,15.40999984741211
2024-03-28,15.539999961853027
2024-04-01,15.579999923706055
2024-04-02,15.760000228881836
2024-04-03,15.899999618530273
2024-04-04,16.059999465942383
2024-04-05,16.06999969482422
2024-04-08,16.040000915527344
2024-04-09,15.9399995803833
2024-04-10,16.06999969482422
2024-04-11,16.059999465942383
2024-04-12,16.100000381469727
2024-04-15,16.110000610351562
2024-04-16,16.100000381469727
2024-04-17,15.729999542236328
2024-04-18,15.65999984741211
2024-04-19,15.609999656677246
2024-04-22,15.59000015258789
2024-04-23,15.739999771118164
2024-04-24,15.760000228881836
2024-04-25,15.850000381469727
2024-04-26,15.90999984741211
2024-04-29,15.760000228881836
2024-04-30,15.579999923706055
2024-05-01,15.180000305175781
2024-05-02,15.220000267028809
2024-05-03,15.180000305175781
2024-05-06,15.289999961853027
2024-05-07,15.270000457763672
2024-05-08,15.300000190734863
2024-05-09,15.380000114440918
2024-05-10,15.210000038146973
2024-05-13,15.319999694824219
2024-05-14,15.1899995803833
2024-05-15,15.270000457763672
2024-05-16,15.369999885559082
2024-05-17,15.5
2024-05-20,15.5600004196167
2024-05-21,15.420000076293945
2024-05-22,15.140000343322754
2024-05-23,15.050000190734863
2024-05-24,15.180000305175781
2024-05-28,15.619999885559082
2024-05-29,15.460000038146973
2024-05-30,15.279999732971191
2024-05-31,15.210000038146973
2024-06-03,14.729999542236328
2024-06-04,14.520000457763672
2024-06-05,14.600000381469727
2024-06-06,14.850000381469727
2024-06-07,14.829999923706055
2024-06-10,15.210000038146973
2024-06-11,15.25
2024-06-12,15.329999923706055
2024-06-13,15.350000381469727
2024-06-14,15.329999923706055
2024-06-17,15.539999961853027
2024-06-18,15.729999542236328
2024-06-20,15.789999961853027
2024-06-21,15.680000305175781
2024-06-24,15.890000343322754
2024-06-25,15.779999732971191
2024-06-26,15.779999732971191
2024-06-27,15.920000076293945
2024-06-28,15.850000381469727
2024-07-01,16.149999618530273
2024-07-02,16.139999389648438
2024-07-03,16.190000534057617
2024-07-05,16.190000534057617
2024-07-08,16.049999237060547
2024-07-09,15.869999885559082
2024-07-10,15.920000076293945
2024-07-11,15.960000038146973
2024-07-12,15.890000343322754
2024-07-15,15.84000015258789
2024-07-16,15.65999984741211
2024-07-17,15.819999694824219
2024-07-18,15.770000457763672
2024-07-19,15.420000076293945
2024-07-22,15.380000114440918
2024-07-23,15.180000305175781
2024-07-24,15.239999771118164
2024-07-25,15.329999923706055
2024-07-26,15.119999885559082
2024-07-29,14.970000267028809
2024-07-30,14.899999618530273
2024-07-31,15.460000038146973
2024-08-01,15.220000267028809
2024-08-02,14.630000114440918
2024-08-05,14.680000305175781
2024-08-06,14.479999542236328
2024-08-07,14.850000381469727
2024-08-08,14.970000267028809
2024-08-09,15.119999885559082
2024-08-12,15.479999542236328
2024-08-13,15.300000190734863
2024-08-14,15.15999984741211
2024-08-15,15.329999923706055
2024-08-16,15.109999656677246
2024-08-19,14.84000015258789
2024-08-20,14.6899995803833
2024-08-21,14.489999771118164
2024-08-22,14.619999885559082
2024-08-23,14.960000038146973
2024-08-26,15.270000457763672
2024-08-27,15.029999732971191
2024-08-28,14.819999694824219
2024-08-29,15.050000190734863
2024-08-30,14.680000305175781
2024-09-03,14.140000343322754
2024-09-04,13.899999618530273
2024-09-05,13.979999542236328
2024-09-06,13.729999542236328
2024-09-09,13.760000228881836
2024-09-10,13.359999656677246
2024-09-11,13.529999732971191
2024-09-12,13.890000343322754
2024-09-13,13.859999656677246
2024-09-16,14.029999732971191
2024-09-17,14.199999809265137
2024-09-18,13.979999542236328
2024-09-19,14.34000015258789
2024-09-20,14.369999885559082
2024-09-23,14.289999961853027
2024-09-24,14.5
2024-09-25,14.199999809265137
2024-09-26,13.75
2024-09-27,13.989999771118164
2024-09-30,13.970000267028809
2024-10-01,14.380000114440918
2024-10-02,14.470000267028809
2024-10-03,15.0600004196167
2024-10-04,15.119999885559082
2024-10-07,15.699999809265137
2024-10-08,15.050000190734863
2024-10-09,14.930000305175781
2024-10-10,15.420000076293945
2024-10-11,15.350000381469727
2024-10-14,15.079999923706055
2024-10-15,14.470000267028809
2024-10-16,14.40999984741211
2024-10-17,14.430000305175781
2024-10-18,14.1899995803833
2024-10-21,14.369999885559082
2024-10-22,14.699999809265137
2024-10-23,14.600000381469727
2024-10-24,14.539999961853027
2024-10-25,14.770000457763672
2024-10-28,13.979999542236328
2024-10-29,13.850000381469727
2024-10-30,14.1899995803833
2024-10-31,14.520000457763672
2024-11-01,14.289999961853027
2024-11-04,14.760000228881836
2024-11-05,14.859999656677246
2024-11-06,14.789999961853027
2024-11-07,14.829999923706055
2024-11-08,14.539999961853027
2024-11-11,14.119999885559082
2024-11-12,14.09000015258789
2024-11-13,14.09000015258789
2024-11-14,14.199999809265137
2024-11-15,13.890000343322754
2024-11-18,14.359999656677246
2024-11-19,14.40999984741211
2024-11-20,14.34000015258789
2024-11-21,14.569999694824219
2024-11-22,14.770000457763672
2024-11-25,14.34000015258789
2024-11-26,14.25
2024-11-27,14.289999961853027
2024-11-29,14.279999732971191
2024-12-02,14.149999618530273
2024-12-03,14.5600004196167
2024-12-04,14.300000190734863
2024-12-05,14.25
2024-12-06,13.989999771118164
2024-12-09,14.1899995803833
2024-12-10,14.229999542236328
2024-12-11,14.59000015258789
2024-12-12,14.550000190734863
2024-12-13,14.729999542236328
2024-12-16,14.619999885559082
2024-12-17,14.550000190734863
2024-12-18,14.479999542236328
2024-12-19,14.40999984741211
2024-12-20,14.520000457763672
2024-12-23,13.84000015258789
2024-12-24,13.949999809265137
2024-12-26,13.859999656677246
2024-12-27,13.979999542236328
2024-12-30,14.149999618530273
2024-12-31,14.3100004196167
2025-01-02,14.520000457763672
2025-01-03,14.6899995803833
2025-01-06,14.59000015258789
2025-01-07,14.75
2025-01-08,14.579999923706055
2025-01-10,15.199999809265137
2025-01-13,15.460000038146973
2025-01-14,15.369999885559082
2025-01-15,15.880000114440918
2025-01-16,15.609999656677246
2025-01-17,15.539999961853027
2025-01-21,15.260000228881836
2025-01-22,15.140000343322754
2025-01-23,14.90999984741211
2025-01-24,14.979999542236328
2025-01-27,14.670000076293945
2025-01-28,14.850000381469727
2025-01-29,14.65999984741211
2025-01-30,14.640000343322754
2025-01-31,14.720000267028809
2025-02-03,14.65999984741211
2025-02-04,14.59000015258789
2025-02-05,14.34000015258789
2025-02-06,14.220000267028809
2025-02-07,14.300000190734863
2025-02-10,14.579999923706055
2025-02-11,14.75
2025-02-12,14.369999885559082
2025-02-13,14.40999984741211
2025-02-14,14.300000190734863
2025-02-18,14.520000457763672
2025-02-19,14.609999656677246
2025-02-20,14.640000343322754
2025-02-21,14.199999809265137
2025-02-24,14.329999923706055
2025-02-25,13.989999771118164
2025-02-26,13.930000305175781
2025-02-27,14.210000038146973
2025-02-28,14.1899995803833
2025-03-03,13.829999923706055
2025-03-04,13.829999923706055
2025-03-05,13.489999771118164
2025-03-06,13.4399995803833
2025-03-07,13.609999656677246
2025-03-10,13.359999656677246
2025-03-11,13.460000038146973
2025-03-12,13.699999809265137
2025-03-13,13.489999771118164
2025-03-14,13.609999656677246
2025-03-17,13.720000267028809
2025-03-18,13.65999984741211
2025-03-19,13.6899995803833
2025-03-20,13.890000343322754
2025-03-21,13.869999885559082
2025-03-24,14.140000343322754
2025-03-25,14.029999732971191
2025-03-26,14.109999656677246
2025-03-27,14.130000114440918
2025-03-28,13.970000267028809
2025-03-31,14.329999923706055
2025-04-01,14.329999923706055
2025-04-02,14.420000076293945
2025-04-03,13.479999542236328
2025-04-04,12.8100004196167
2025-04-07,12.600000381469727
2025-04-08,12.09000015258789
2025-04-09,13.319999694824219
2025-04-10,12.380000114440918
2025-04-11,12.489999771118164
2025-04-14,12.5600004196167
2025-04-15,12.510000228881836
2025-04-16,12.6899995803833
2025-04-17,12.970000267028809
2025-04-21,12.770000457763672
2025-04-22,12.890000343322754
2025-04-23,12.229999542236328
2025-04-24,12.819999694824219
2025-04-25,12.930000305175781
2025-04-28,12.729999542236328
2025-04-29,12.449999809265137
2025-04-30,12.010000228881836
2025-05-01,12.180000305175781
2025-05-02,12.15999984741211
2025-05-05,11.90999984741211
2025-05-06,12.289999961853027
2025-05-07,12.079999923706055
2025-05-08,12.40999984741211
2025-05-09,12.550000190734863
2025-05-12,12.760000228881836
2025-05-13,13.0600004196167
2025-05-14,12.899999618530273
2025-05-15,12.699999809265137
2025-05-16,12.760000228881836
2025-05-19,12.779999732971191
2025-05-20,12.84000015258789
2025-05-21,12.699999809265137
2025-05-22,12.59000015258789
2025-05-23,12.710000038146973
2025-05-27,12.619999885559082
2025-05-28,12.699999809265137
2025-05-29,12.510000228881836
2025-05-30,12.399999618530273
2025-06-02,12.8100004196167
2025-06-03,12.949999809265137
2025-06-04,12.8100004196167
2025-06-05,12.920000076293945
2025-06-06,13.100000381469727
2025-06-09,13.109999656677246
2025-06-10,13.109999656677246
2025-06-11,13.6899995803833
2025-06-12,13.600000381469727
2025-06-13,14.319999694824219
2025-06-16,14.1899995803833
2025-06-17,14.6899995803833
2025-06-18,14.710000038146973
2025-06-20,14.789999961853027
2025-06-23,13.920000076293945
2025-06-24,13.25
2025-06-25,13.199999809265137
2025-06-26,13.279999732971191
2025-06-27,13.199999809265137
2025-06-30,13.220000267028809
2025-07-01,13.319999694824219
2025-07-02,13.569999694824219
2025-07-03,13.510000228881836
2025-07-07,13.729999542236328
2025-07-08,13.8100004196167
2025-07-09,13.789999961853027
2025-07-10,13.579999923706055
2025-07-11,13.890000343322754
2025-07-14,13.680000305175781
2025-07-15,13.630000114440918
2025-07-16,13.59000015258789
2025-07-17,13.789999961853027
2025-07-18,13.75
2025-07-21,13.710000038146973
2025-07-22,13.670000076293945
2025-07-23,13.699999809265137
2025-07-24,13.829999923706055
2025-07-25,13.609999656677246
2025-07-28,14.020000457763672
2025-07-29,14.460000038146973
2025-07-30,14.569999694824219
2025-07-31,14.350000381469727
2025-08-01,13.90999984741211
2025-08-04,13.770000457763672
2025-08-05,13.59000015258789
2025-08-06,13.399999618530273
2025-08-07,13.390000343322754
2025-08-08,13.319999694824219
2025-08-11,13.399999618530273
2025-08-12,13.270000457763672
2025-08-13,13.199999809265137
2025-08-14,13.40999984741211
2025-08-15,13.239999771118164
2025-08-18,13.319999694824219
2025-08-19,13.180000305175781
2025-08-20,13.390000343322754
2025-08-21,13.5
2025-08-22,13.59000015258789
2025-08-25,13.800000190734863
2025-08-26,13.460000038146973
2025-08-27,13.579999923706055
2025-08-28,13.680000305175781
2025-08-29,13.619999885559082
2025-09-02,13.949999809265137
2025-09-03,13.619999885559082
2025-09-04,13.470000267028809
2025-09-05,13.239999771118164
2025-09-08,13.329999923706055
2025-09-09,13.390000343322754
2025-09-10,13.630000114440918
2025-09-11,13.289999961853027
2025-09-12,13.399999618530273
2025-09-15,13.550000190734863
2025-09-16,13.789999961853027
2025-09-17,13.649999618530273
2025-09-18,13.630000114440918
2025-09-19,13.399999618530273
2025-09-22,13.390000343322754
2025-09-23,13.710000038146973
2025-09-24,13.920000076293945
2025-09-25,14.020000457763672
2025-09-26,14.020000457763672
2025-09-29,13.579999923706055
2025-09-30,13.449999809265137
2025-10-01,13.350000381469727
2025-10-02,13.069999694824219
2025-10-03,13.100000381469727
2025-10-06,13.3100004196167
2025-10-07,13.359999656677246
2025-10-08,13.40999984741211
2025-10-09,13.210000038146973
2025-10-10,12.670000076293945
2025-10-13,12.850000381469727
2025-10-14,12.600000381469727
2025-10-15,12.600000381469727
2025-10-16,12.380000114440918
2025-10-17,12.40999984741211
2025-10-20,12.359999656677246
2025-10-21,12.460000038146973
2025-10-22,12.880000114440918
2025-10-23,13.369999885559082
2025-10-24,13.350000381469727
2025-10-27,13.3100004196167
2025-10-28,13.010000228881836
2025-10-29,13.100000381469727
2025-10-30,13.09000015258789
2025-10-31,13.229999542236328
2025-11-03,13.270000457763672
2025-11-04,13.119999885559082
2025-11-05,12.960000038146973
2025-11-06,12.9399995803833
2025-11-07,13.020000457763672
2025-11-10,13.069999694824219
2025-11-11,13.260000228881836
2025-11-12,12.729999542236328
2025-11-13,12.779999732971191
2025-11-14,13.039999961853027
2025-11-17,13.029999732971191
2025-11-18,13.220000267028809
2025-11-19,12.920000076293945
2025-11-20,12.800000190734863
2025-11-21,12.649999618530273
2025-11-24,12.890000343322754
2025-11-25,12.649999618530273
2025-11-26,12.779999732971191
2025-11-28,12.979999542236328
2025-12-01,12.960000038146973
2025-12-02,12.789999961853027
2025-12-03,12.890000343322754
2025-12-04,13.020000457763672
2025-12-05,13.119999885559082
2025-12-08,12.850000381469727
2025-12-09,12.770000457763672
2025-12-10,12.899999618530273
2025-12-11,12.670000076293945
2025-12-12,12.59000015258789
2025-12-15,12.40999984741211
2025-12-16,12.100000381469727
2025-12-17,12.4399995803833
2025-12-18,12.289999961853027
2025-12-19,12.449999809265137
2025-12-22,12.300000190734863
2025-12-23,12.399999618530273
2025-12-24,12.369999885559082
2025-12-26,12.09000015258789
2025-12-29,12.289999961853027
2025-12-30,12.300000190734863
2025-12-31,12.199999809265137
2026-01-02,12.170000076293945
2026-01-05,12.399999618530273
2026-01-06,12.09000015258789
2026-01-07,11.979999542236328
2026-01-08,12.470000267028809
2026-01-09,12.479999542236328
2026-01-12,12.640000343322754
2026-01-13,12.960000038146973
2026-01-14,12.789999961853027
2026-01-15,12.550000190734863
2026-01-16,12.65999984741211
2026-01-20,12.680000305175781
2026-01-21,12.949999809265137
2026-01-22,12.65999984741211
2026-01-23,13.029999732971191
2026-01-26,12.979999542236328
2026-01-27,13.34000015258789
2026-01-28,13.520000457763672
2026-01-29,13.949999809265137
2026-01-30,14.029999732971191
2026-02-02,13.279999732971191
2026-02-03,13.680000305175781
2026-02-04,13.720000267028809
2026-02-05,13.510000228881836
2026-02-06,13.5600004196167
2026-02-09,13.770000457763672
2026-02-10,13.75
2026-02-11,13.890000343322754
2026-02-12,13.449999809265137
2026-02-13,13.4399995803833
2026-02-17,13.359999656677246
2026-02-18,14.020000457763672
2026-02-19,14.300000190734863
2026-02-20,14.229999542236328
2026-02-23,14.260000228881836
2026-02-24,14.229999542236328
2026-02-25,14.0600004196167
2026-02-26,14.0600004196167
2026-02-27,14.4399995803833
2026-03-02,15.420000076293945
2026-03-03,15.930000305175781
2026-03-04,16.290000915527344
2026-03-05,16.8700008392334
2026-03-06,18.260000228881836
2026-03-09,17.969999313354492
2026-03-10,18.530000686645508
2026-03-11,19.34000015258789
2026-03-12,20.559999465942383
2026-03-13,20.549999237060547
2026-03-16,20.049999237060547
2026-03-17,20.530000686645508
2026-03-18,21.049999237060547
2026-03-19,20.65999984741211
2026-03-20,20.799999237060547
2026-03-23,19.649999618530273
2026-03-24,20.31999969482422
2026-03-25,20.100000381469727
2026-03-26,20.56999969482422
2026-03-27,20.719999313354492
2026-03-30,20.81999969482422
2026-03-31,19.670000076293945
2026-04-01,19.030000686645508
2026-04-02,19.420000076293945
2026-04-06,19.790000915527344
2026-04-07,19.889999389648438
2026-04-08,19.6299991607666
2026-04-09,19.670000076293945
2026-04-10,19.709999084472656
2026-04-13,20.3799991607666
2026-04-14,19.969999313354492
2026-04-15,20.040000915527344
2026-04-16,20.190000534057617
2026-04-17,19.1299991607666
2026-04-20,19.68000030517578
2026-04-21,20.389999389648438
2026-04-22,20.450000762939453
2026-04-23,20.979999542236328
2026-04-24,20.760000228881836
2026-04-27,21.100000381469727
2026-04-28,21.559999465942383
2026-04-29,22.469999313354492
2026-04-30,22.3700008392334
2026-05-01,22.059999465942383
2026-05-04,23.079999923706055
2026-05-05,22.709999084472656
2026-05-06,21.229999542236328
2026-05-07,21.360000610351562
2026-05-08,21.329999923706055
2026-05-11,22.170000076293945
2026-05-12,22.860000610351562
2026-05-13,22.3700008392334
2026-05-14,22.440000534057617
2026-05-15,23.1299991607666
2026-05-18,23.309999465942383
2026-05-19,23.799999237060547
2026-05-20,22.729999542236328
2026-05-21,22.809999465942383
2026-05-22,22.5
2026-05-26,21.84000015258789
