date,value
1998-12-22,11.632813453674316
1998-12-23,11.875
1998-12-24,11.8125
1998-12-28,11.75
1998-12-29,11.867188453674316
1998-12-30,11.6875
1998-12-31,11.671875
1999-01-04,11.664063453674316
1999-01-05,11.601563453674316
1999-01-06,11.984375
1999-01-07,11.929688453674316
1999-01-08,11.984375
1999-01-11,11.757813453674316
1999-01-12,11.578125
1999-01-13,11.40625
1999-01-14,11.1875
1999-01-15,11.359375
1999-01-19,11.359375
1999-01-20,11.265625
1999-01-21,11.359375
1999-01-22,11.296875
1999-01-25,11.28125
1999-01-26,11.171875
1999-01-27,10.96875
1999-01-28,10.90625
1999-01-29,10.90625
1999-02-01,10.796875
1999-02-02,10.8125
1999-02-03,11.0625
1999-02-04,11.125
1999-02-05,11.4375
1999-02-08,11.59375
1999-02-09,11.375
1999-02-10,11.40625
1999-02-11,11.3125
1999-02-12,11.078125
1999-02-16,11.0
1999-02-17,10.890625
1999-02-18,10.921875
1999-02-19,10.859375
1999-02-22,10.96875
1999-02-23,10.875
1999-02-24,10.828125
1999-02-25,10.882813453674316
1999-02-26,10.8125
1999-03-01,10.703125
1999-03-02,10.59375
1999-03-03,10.828125
1999-03-04,11.21875
1999-03-05,11.429688453674316
1999-03-08,11.59375
1999-03-09,11.46875
1999-03-10,12.125
1999-03-11,12.296875
1999-03-12,12.25
1999-03-15,12.15625
1999-03-16,12.09375
1999-03-17,12.40625
1999-03-18,12.5625
1999-03-19,12.390625
1999-03-22,12.46875
1999-03-23,12.25
1999-03-24,12.1875
1999-03-25,12.21875
1999-03-26,12.375
1999-03-29,12.71875
1999-03-30,12.484375
1999-03-31,12.296875
1999-04-01,12.28125
1999-04-05,12.578125
1999-04-06,12.453125
1999-04-07,12.328125
1999-04-08,12.453125
1999-04-09,12.6875
1999-04-12,12.78125
1999-04-13,12.765625
1999-04-14,12.609375
1999-04-15,13.15625
1999-04-16,13.570313453674316
1999-04-19,13.734375
1999-04-20,13.515625
1999-04-21,13.3125
1999-04-22,13.546875
1999-04-23,13.375
1999-04-26,13.078125
1999-04-27,13.492188453674316
1999-04-28,13.9375
1999-04-29,14.359375
1999-04-30,14.117188453674316
1999-05-03,14.46875
1999-05-04,14.484375
1999-05-05,14.273438453674316
1999-05-06,14.234375
1999-05-07,14.320313453674316
1999-05-10,14.15625
1999-05-11,14.203125
1999-05-12,13.9375
1999-05-13,14.007813453674316
1999-05-14,13.90625
1999-05-17,13.851563453674316
1999-05-18,13.53125
1999-05-19,13.71875
1999-05-20,13.875
1999-05-21,14.09375
1999-05-24,13.757813453674316
1999-05-25,13.703125
1999-05-26,14.09375
1999-05-27,13.671875
1999-05-28,13.8125
1999-06-01,13.734375
1999-06-02,13.890625
1999-06-03,13.9375
1999-06-04,14.15625
1999-06-07,14.320313453674316
1999-06-08,14.09375
1999-06-09,14.125
1999-06-10,14.203125
1999-06-11,14.3125
1999-06-14,14.4375
1999-06-15,14.617188453674316
1999-06-16,14.46875
1999-06-17,14.484375
1999-06-18,14.4375
1999-06-21,14.101563453674316
1999-06-22,13.953125
1999-06-23,14.0625
1999-06-24,13.828125
1999-06-25,13.71875
1999-06-28,13.632813453674316
1999-06-29,13.820313453674316
1999-06-30,14.023438453674316
1999-07-01,14.132813453674316
1999-07-02,14.179688453674316
1999-07-06,14.445313453674316
1999-07-07,14.40625
1999-07-08,14.5
1999-07-09,14.492188453674316
1999-07-12,14.640625
1999-07-13,14.5
1999-07-14,14.523438453674316
1999-07-15,14.65625
1999-07-16,14.5625
1999-07-19,14.507813453674316
1999-07-20,14.125
1999-07-21,14.28125
1999-07-22,14.070313453674316
1999-07-23,14.140625
1999-07-26,13.875
1999-07-27,13.875
1999-07-28,14.078125
1999-07-29,13.992188453674316
1999-07-30,14.289063453674316
1999-08-02,13.976563453674316
1999-08-03,14.15625
1999-08-04,14.351563453674316
1999-08-05,14.601563453674316
1999-08-06,14.578125
1999-08-09,14.929688453674316
1999-08-10,14.84375
1999-08-11,14.9375
1999-08-12,14.96875
1999-08-13,14.921875
1999-08-16,14.773438453674316
1999-08-17,14.882813453674316
1999-08-18,14.773438453674316
1999-08-19,14.875
1999-08-20,14.921875
1999-08-23,15.0
1999-08-24,14.90625
1999-08-25,14.835938453674316
1999-08-26,14.453125
1999-08-27,14.445313453674316
1999-08-30,14.25
1999-08-31,14.445313453674316
1999-09-01,14.40625
1999-09-02,14.25
1999-09-03,14.421875
1999-09-07,14.6875
1999-09-08,14.734375
1999-09-09,15.0625
1999-09-10,15.015625
1999-09-13,14.78125
1999-09-14,14.617188453674316
1999-09-15,14.40625
1999-09-16,14.398438453674316
1999-09-17,14.46875
1999-09-20,14.25
1999-09-21,13.78125
1999-09-22,13.796875
1999-09-23,13.640625
1999-09-24,13.5
1999-09-27,13.625
1999-09-28,13.40625
1999-09-29,13.585938453674316
1999-09-30,13.71875
1999-10-01,13.671875
1999-10-04,13.515625
1999-10-05,13.21875
1999-10-06,13.453125
1999-10-07,13.203125
1999-10-08,13.054688453674316
1999-10-11,13.25
1999-10-12,13.320313453674316
1999-10-13,13.40625
1999-10-14,13.359375
1999-10-15,13.164063453674316
1999-10-18,13.1875
1999-10-19,13.226563453674316
1999-10-20,13.5
1999-10-21,13.5625
1999-10-22,13.789063453674316
1999-10-25,13.5625
1999-10-26,13.25
1999-10-27,13.359375
1999-10-28,13.421875
1999-10-29,13.515625
1999-11-01,13.507813453674316
1999-11-02,13.382813453674316
1999-11-03,13.3125
1999-11-04,13.101563453674316
1999-11-05,12.78125
1999-11-08,13.265625
1999-11-09,13.546875
1999-11-10,13.84375
1999-11-11,13.84375
1999-11-12,13.9375
1999-11-15,14.015625
1999-11-16,14.25
1999-11-17,14.5
1999-11-18,14.5
1999-11-19,14.171875
1999-11-22,13.945313453674316
1999-11-23,13.65625
1999-11-24,13.828125
1999-11-26,13.625
1999-11-29,13.515625
1999-11-30,13.492188453674316
1999-12-01,13.757813453674316
1999-12-02,13.625
1999-12-03,13.5625
1999-12-06,13.554688453674316
1999-12-07,13.296875
1999-12-08,13.4375
1999-12-09,13.546875
1999-12-10,13.15625
1999-12-13,13.234375
1999-12-14,13.203125
1999-12-15,13.46875
1999-12-16,13.601563453674316
1999-12-17,13.5
1999-12-20,13.203125
1999-12-21,13.242188453674316
1999-12-22,13.171875
1999-12-23,13.546875
1999-12-27,13.453125
1999-12-28,13.46875
1999-12-29,13.609375
1999-12-30,13.5
1999-12-31,13.546875
2000-01-03,13.28125
2000-01-04,13.03125
2000-01-05,13.375
2000-01-06,13.890625
2000-01-07,14.039063453674316
2000-01-10,13.921875
2000-01-11,13.9375
2000-01-12,13.875
2000-01-13,14.117188453674316
2000-01-14,14.03125
2000-01-18,14.203125
2000-01-19,14.15625
2000-01-20,14.15625
2000-01-21,14.546875
2000-01-24,14.03125
2000-01-25,14.0
2000-01-26,13.78125
2000-01-27,13.5
2000-01-28,13.34375
2000-01-31,13.65625
2000-02-01,13.625
2000-02-02,13.710938453674316
2000-02-03,13.546875
2000-02-04,13.15625
2000-02-07,13.304688453674316
2000-02-08,13.1875
2000-02-09,12.75
2000-02-10,13.015625
2000-02-11,12.859375
2000-02-14,13.0625
2000-02-15,13.609375
2000-02-16,13.671875
2000-02-17,13.65625
2000-02-18,13.257813453674316
2000-02-22,13.140625
2000-02-23,12.796875
2000-02-24,12.65625
2000-02-25,12.40625
2000-02-28,12.78125
2000-02-29,13.078125
2000-03-01,13.40625
2000-03-02,13.65625
2000-03-03,13.4375
2000-03-06,13.359375
2000-03-07,14.28125
2000-03-08,14.046875
2000-03-09,14.0625
2000-03-10,13.875
2000-03-13,13.671875
2000-03-14,13.84375
2000-03-15,13.78125
2000-03-16,14.375
2000-03-17,13.890625
2000-03-20,13.671875
2000-03-21,14.109375
2000-03-22,14.0
2000-03-23,13.984375
2000-03-24,14.015625
2000-03-27,14.0625
2000-03-28,14.0
2000-03-29,14.734375
2000-03-30,14.734375
2000-03-31,14.65625
2000-04-03,14.90625
2000-04-04,14.71875
2000-04-05,14.28125
2000-04-06,14.65625
2000-04-07,14.429688453674316
2000-04-10,14.21875
2000-04-11,14.46875
2000-04-12,14.59375
2000-04-13,14.5625
2000-04-14,14.25
2000-04-17,13.90625
2000-04-18,13.976563453674316
2000-04-19,14.28125
2000-04-20,14.304688453674316
2000-04-24,14.460938453674316
2000-04-25,14.484375
2000-04-26,14.671875
2000-04-27,14.875
2000-04-28,14.4375
2000-05-01,14.671875
2000-05-02,14.882813453674316
2000-05-03,14.5
2000-05-04,14.875
2000-05-05,15.03125
2000-05-08,15.21875
2000-05-09,15.226563453674316
2000-05-10,15.273438453674316
2000-05-11,15.75
2000-05-12,15.804688453674316
2000-05-15,16.1328125
2000-05-16,15.820313453674316
2000-05-17,15.898438453674316
2000-05-18,15.875
2000-05-19,15.90625
2000-05-22,15.773438453674316
2000-05-23,15.710938453674316
2000-05-24,15.726563453674316
2000-05-25,15.4375
2000-05-26,15.445313453674316
2000-05-30,15.664063453674316
2000-05-31,16.1328125
2000-06-01,15.984375
2000-06-02,15.4375
2000-06-05,15.21875
2000-06-06,15.8125
2000-06-07,15.609375
2000-06-08,15.6875
2000-06-09,15.585938453674316
2000-06-12,15.9375
2000-06-13,15.9375
2000-06-14,15.914063453674316
2000-06-15,15.6875
2000-06-16,15.875
2000-06-19,15.742188453674316
2000-06-20,15.65625
2000-06-21,15.9375
2000-06-22,15.515625
2000-06-23,15.710938453674316
2000-06-26,15.585938453674316
2000-06-27,15.476563453674316
2000-06-28,15.34375
2000-06-29,15.375
2000-06-30,15.171875
2000-07-03,15.265625
2000-07-05,14.632813453674316
2000-07-06,14.78125
2000-07-07,14.851563453674316
2000-07-10,14.921875
2000-07-11,15.453125
2000-07-12,15.25
2000-07-13,15.015625
2000-07-14,15.0
2000-07-17,14.804688453674316
2000-07-18,14.9375
2000-07-19,14.898438453674316
2000-07-20,14.75
2000-07-21,14.46875
2000-07-24,14.320313453674316
2000-07-25,14.1875
2000-07-26,14.304688453674316
2000-07-27,14.796875
2000-07-28,14.6875
2000-07-31,14.59375
2000-08-01,14.867188453674316
2000-08-02,15.148438453674316
2000-08-03,14.9375
2000-08-04,15.0
2000-08-07,15.195313453674316
2000-08-08,15.226563453674316
2000-08-09,15.5
2000-08-10,15.640625
2000-08-11,15.625
2000-08-14,15.84375
2000-08-15,15.78125
2000-08-16,16.0
2000-08-17,16.375
2000-08-18,16.1875
2000-08-21,16.25
2000-08-22,16.203125
2000-08-23,16.625
2000-08-24,16.265625
2000-08-25,16.3125
2000-08-28,16.375
2000-08-29,16.390625
2000-08-30,16.25
2000-08-31,16.1875
2000-09-01,16.3515625
2000-09-05,16.3515625
2000-09-06,16.7109375
2000-09-07,16.6328125
2000-09-08,16.4375
2000-09-11,16.9609375
2000-09-12,16.9375
2000-09-13,16.65625
2000-09-14,16.609375
2000-09-15,16.96875
2000-09-18,17.0
2000-09-19,16.546875
2000-09-20,16.21875
2000-09-21,16.09375
2000-09-22,15.992188453674316
2000-09-25,15.75
2000-09-26,16.125
2000-09-27,16.4296875
2000-09-28,16.3671875
2000-09-29,16.3828125
2000-10-02,16.71875
2000-10-03,16.7109375
2000-10-04,16.21875
2000-10-05,16.1953125
2000-10-06,16.125
2000-10-09,16.375
2000-10-10,16.7421875
2000-10-11,16.8984375
2000-10-12,17.15625
2000-10-13,16.5
2000-10-16,16.34375
2000-10-17,16.3515625
2000-10-18,16.1328125
2000-10-19,16.2109375
2000-10-20,16.53125
2000-10-23,16.265625
2000-10-24,15.992188453674316
2000-10-25,15.601563453674316
2000-10-26,15.671875
2000-10-27,15.5625
2000-10-30,15.828125
2000-10-31,15.9375
2000-11-01,16.453125
2000-11-02,15.875
2000-11-03,15.8125
2000-11-06,15.875
2000-11-07,16.0
2000-11-08,16.15625
2000-11-09,15.984375
2000-11-10,16.03125
2000-11-13,15.90625
2000-11-14,16.0
2000-11-15,16.3125
2000-11-16,16.375
2000-11-17,16.2421875
2000-11-20,16.1640625
2000-11-21,16.53125
2000-11-22,16.265625
2000-11-24,16.5
2000-11-27,16.3671875
2000-11-28,16.3515625
2000-11-29,15.632813453674316
2000-11-30,15.101563453674316
2000-12-01,15.4375
2000-12-04,15.703125
2000-12-05,15.375
2000-12-06,15.25
2000-12-07,15.5
2000-12-08,15.492188453674316
2000-12-11,15.539063453674316
2000-12-12,15.71875
2000-12-13,15.75
2000-12-14,15.265625
2000-12-15,15.398438453674316
2000-12-18,15.875
2000-12-19,16.1484375
2000-12-20,15.671875
2000-12-21,15.789063453674316
2000-12-22,16.0
2000-12-26,16.671875
2000-12-27,16.65625
2000-12-28,16.9296875
2000-12-29,16.59375
2001-01-02,16.6328125
2001-01-03,16.125
2001-01-04,15.625
2001-01-05,15.960938453674316
2001-01-08,15.90625
2001-01-09,15.585938453674316
2001-01-10,15.6875
2001-01-11,15.859375
2001-01-12,15.757813453674316
2001-01-16,15.75
2001-01-17,15.671875
2001-01-18,15.375
2001-01-19,15.304688453674316
2001-01-22,15.46875
2001-01-23,15.710938453674316
2001-01-24,15.695313453674316
2001-01-25,16.1640625
2001-01-26,15.890625
2001-01-29,15.760000228881836
2001-01-30,15.895000457763672
2001-01-31,16.065000534057617
2001-02-01,15.859999656677246
2001-02-02,16.125
2001-02-05,16.450000762939453
2001-02-06,16.55500030517578
2001-02-07,16.600000381469727
2001-02-08,16.690000534057617
2001-02-09,16.959999084472656
2001-02-12,16.735000610351562
2001-02-13,16.700000762939453
2001-02-14,16.579999923706055
2001-02-15,16.364999771118164
2001-02-16,16.510000228881836
2001-02-20,16.415000915527344
2001-02-21,16.30500030517578
2001-02-22,16.225000381469727
2001-02-23,16.020000457763672
2001-02-26,16.19499969482422
2001-02-27,16.094999313354492
2001-02-28,15.869999885559082
2001-03-01,16.049999237060547
2001-03-02,16.415000915527344
2001-03-05,16.5049991607666
2001-03-06,16.59000015258789
2001-03-07,16.94499969482422
2001-03-08,17.114999771118164
2001-03-09,17.03499984741211
2001-03-12,16.469999313354492
2001-03-13,16.274999618530273
2001-03-14,16.030000686645508
2001-03-15,16.040000915527344
2001-03-16,15.725000381469727
2001-03-19,15.925000190734863
2001-03-20,16.065000534057617
2001-03-21,15.604999542236328
2001-03-22,15.145000457763672
2001-03-23,15.265000343322754
2001-03-26,15.46500015258789
2001-03-27,15.550000190734863
2001-03-28,15.324999809265137
2001-03-29,15.0
2001-03-30,15.350000381469727
2001-04-02,15.0649995803833
2001-04-03,14.649999618530273
2001-04-04,14.90999984741211
2001-04-05,15.300000190734863
2001-04-06,15.319999694824219
2001-04-09,15.680000305175781
2001-04-10,15.949999809265137
2001-04-11,15.664999961853027
2001-04-12,15.829999923706055
2001-04-16,16.139999389648438
2001-04-17,16.225000381469727
2001-04-18,16.139999389648438
2001-04-19,15.859999656677246
2001-04-20,16.030000686645508
2001-04-23,16.454999923706055
2001-04-24,16.485000610351562
2001-04-25,16.719999313354492
2001-04-26,17.049999237060547
2001-04-27,16.934999465942383
2001-04-30,16.934999465942383
2001-05-01,16.825000762939453
2001-05-02,16.170000076293945
2001-05-03,16.09000015258789
2001-05-04,16.344999313354492
2001-05-07,16.389999389648438
2001-05-08,16.375
2001-05-09,16.665000915527344
2001-05-10,16.545000076293945
2001-05-11,16.385000228881836
2001-05-14,16.639999389648438
2001-05-15,16.790000915527344
2001-05-16,16.93000030517578
2001-05-17,16.985000610351562
2001-05-18,17.34000015258789
2001-05-21,17.299999237060547
2001-05-22,17.125
2001-05-23,16.864999771118164
2001-05-24,16.834999084472656
2001-05-25,16.690000534057617
2001-05-29,16.665000915527344
2001-05-30,16.600000381469727
2001-05-31,16.774999618530273
2001-06-01,16.700000762939453
2001-06-04,16.924999237060547
2001-06-05,16.975000381469727
2001-06-06,16.545000076293945
2001-06-07,16.350000381469727
2001-06-08,16.395000457763672
2001-06-11,16.440000534057617
2001-06-12,16.565000534057617
2001-06-13,16.485000610351562
2001-06-14,16.149999618530273
2001-06-15,16.19499969482422
2001-06-18,16.014999389648438
2001-06-19,16.0
2001-06-20,15.699999809265137
2001-06-21,15.46500015258789
2001-06-22,15.765000343322754
2001-06-25,15.579999923706055
2001-06-26,15.675000190734863
2001-06-27,15.300000190734863
2001-06-28,14.975000381469727
2001-06-29,15.175000190734863
2001-07-02,15.135000228881836
2001-07-03,15.114999771118164
2001-07-05,15.25
2001-07-06,15.194999694824219
2001-07-09,14.979999542236328
2001-07-10,15.0
2001-07-11,14.800000190734863
2001-07-12,14.779999732971191
2001-07-13,14.835000038146973
2001-07-16,14.59000015258789
2001-07-17,14.524999618530273
2001-07-18,14.369999885559082
2001-07-19,14.520000457763672
2001-07-20,14.829999923706055
2001-07-23,14.65999984741211
2001-07-24,14.135000228881836
2001-07-25,14.789999961853027
2001-07-26,15.09000015258789
2001-07-27,15.15999984741211
2001-07-30,15.175000190734863
2001-07-31,15.0
2001-08-01,14.944999694824219
2001-08-02,14.9350004196167
2001-08-03,14.710000038146973
2001-08-06,14.6899995803833
2001-08-07,14.6899995803833
2001-08-08,14.390000343322754
2001-08-09,14.475000381469727
2001-08-10,14.489999771118164
2001-08-13,14.5600004196167
2001-08-14,14.640000343322754
2001-08-15,14.859999656677246
2001-08-16,14.774999618530273
2001-08-17,14.664999961853027
2001-08-20,14.5600004196167
2001-08-21,14.550000190734863
2001-08-22,14.5600004196167
2001-08-23,14.6899995803833
2001-08-24,14.8100004196167
2001-08-27,14.789999961853027
2001-08-28,14.635000228881836
2001-08-29,14.574999809265137
2001-08-30,14.364999771118164
2001-08-31,14.364999771118164
2001-09-04,14.449999809265137
2001-09-05,14.5
2001-09-06,14.399999618530273
2001-09-07,14.390000343322754
2001-09-10,14.4350004196167
2001-09-17,14.140000343322754
2001-09-18,13.454999923706055
2001-09-19,12.970000267028809
2001-09-20,12.604999542236328
2001-09-21,12.539999961853027
2001-09-24,12.210000038146973
2001-09-25,12.074999809265137
2001-09-26,11.989999771118164
2001-09-27,12.46500015258789
2001-09-28,12.90999984741211
2001-10-01,12.729999542236328
2001-10-02,13.010000228881836
2001-10-03,13.1899995803833
2001-10-04,13.5
2001-10-05,13.600000381469727
2001-10-08,13.625
2001-10-09,13.649999618530273
2001-10-10,14.255000114440918
2001-10-11,14.25
2001-10-12,14.154999732971191
2001-10-15,13.895000457763672
2001-10-16,14.0600004196167
2001-10-17,13.989999771118164
2001-10-18,13.425000190734863
2001-10-19,13.475000381469727
2001-10-22,13.640000343322754
2001-10-23,13.59000015258789
2001-10-24,13.399999618530273
2001-10-25,13.739999771118164
2001-10-26,14.005000114440918
2001-10-29,13.875
2001-10-30,13.40999984741211
2001-10-31,13.430000305175781
2001-11-01,13.635000228881836
2001-11-02,13.265000343322754
2001-11-05,13.1850004196167
2001-11-06,13.104999542236328
2001-11-07,13.15999984741211
2001-11-08,13.414999961853027
2001-11-09,13.675000190734863
2001-11-12,13.640000343322754
2001-11-13,13.75
2001-11-14,13.079999923706055
2001-11-15,12.420000076293945
2001-11-16,12.649999618530273
2001-11-19,12.619999885559082
2001-11-20,13.085000038146973
2001-11-21,12.914999961853027
2001-11-23,13.03499984741211
2001-11-26,12.819999694824219
2001-11-27,12.829999923706055
2001-11-28,12.529999732971191
2001-11-29,12.744999885559082
2001-11-30,12.680000305175781
2001-12-03,12.850000381469727
2001-12-04,13.029999732971191
2001-12-05,13.300000190734863
2001-12-06,12.904999732971191
2001-12-07,12.989999771118164
2001-12-10,12.8100004196167
2001-12-11,12.600000381469727
2001-12-12,12.630000114440918
2001-12-13,12.425000190734863
2001-12-14,12.550000190734863
2001-12-17,12.520000457763672
2001-12-18,12.6850004196167
2001-12-19,12.975000381469727
2001-12-20,12.914999961853027
2001-12-21,12.949999809265137
2001-12-24,13.164999961853027
2001-12-26,13.395000457763672
2001-12-27,13.4399995803833
2001-12-28,13.5
2001-12-31,13.350000381469727
2002-01-02,13.25
2002-01-03,13.170000076293945
2002-01-04,13.229999542236328
2002-01-07,13.225000381469727
2002-01-08,13.109999656677246
2002-01-09,13.125
2002-01-10,13.024999618530273
2002-01-11,12.774999618530273
2002-01-14,12.619999885559082
2002-01-15,12.824999809265137
2002-01-16,12.5600004196167
2002-01-17,12.555000305175781
2002-01-18,12.449999809265137
2002-01-22,12.359999656677246
2002-01-23,12.710000038146973
2002-01-24,12.885000228881836
2002-01-25,13.024999618530273
2002-01-28,12.824999809265137
2002-01-29,12.475000381469727
2002-01-30,12.574999809265137
2002-01-31,12.875
2002-02-01,12.944999694824219
2002-02-04,12.600000381469727
2002-02-05,12.515000343322754
2002-02-06,12.600000381469727
2002-02-07,12.454999923706055
2002-02-08,12.595000267028809
2002-02-11,12.760000228881836
2002-02-12,12.699999809265137
2002-02-13,12.774999618530273
2002-02-14,12.880000114440918
2002-02-15,12.890000343322754
2002-02-19,12.774999618530273
2002-02-20,12.734999656677246
2002-02-21,12.885000228881836
2002-02-22,13.239999771118164
2002-02-25,13.430000305175781
2002-02-26,13.359999656677246
2002-02-27,13.350000381469727
2002-02-28,13.3149995803833
2002-03-01,13.505000114440918
2002-03-04,13.800000190734863
2002-03-05,13.805000305175781
2002-03-06,14.069999694824219
2002-03-07,14.175000190734863
2002-03-08,14.109999656677246
2002-03-11,14.260000228881836
2002-03-12,14.385000228881836
2002-03-13,14.289999961853027
2002-03-14,14.28499984741211
2002-03-15,14.34000015258789
2002-03-18,14.449999809265137
2002-03-19,14.625
2002-03-20,14.470000267028809
2002-03-21,14.550000190734863
2002-03-22,14.210000038146973
2002-03-25,14.079999923706055
2002-03-26,14.194999694824219
2002-03-27,14.524999618530273
2002-03-28,14.444999694824219
2002-04-01,14.545000076293945
2002-04-02,14.725000381469727
2002-04-03,14.404999732971191
2002-04-04,14.145000457763672
2002-04-05,13.984999656677246
2002-04-08,14.199999809265137
2002-04-09,13.994999885559082
2002-04-10,14.154999732971191
2002-04-11,14.010000228881836
2002-04-12,13.550000190734863
2002-04-15,13.8149995803833
2002-04-16,14.074999809265137
2002-04-17,14.25
2002-04-18,14.319999694824219
2002-04-19,14.385000228881836
2002-04-22,14.244999885559082
2002-04-23,14.210000038146973
2002-04-24,13.954999923706055
2002-04-25,14.055000305175781
2002-04-26,13.899999618530273
2002-04-29,13.8100004196167
2002-04-30,13.925000190734863
2002-05-01,14.010000228881836
2002-05-02,14.114999771118164
2002-05-03,14.164999961853027
2002-05-06,13.680000305175781
2002-05-07,13.614999771118164
2002-05-08,13.899999618530273
2002-05-09,13.774999618530273
2002-05-10,13.765000343322754
2002-05-13,14.029999732971191
2002-05-14,14.069999694824219
2002-05-15,13.835000038146973
2002-05-16,13.994999885559082
2002-05-17,13.880000114440918
2002-05-20,13.78499984741211
2002-05-21,13.795000076293945
2002-05-22,14.024999618530273
2002-05-23,14.145000457763672
2002-05-24,13.989999771118164
2002-05-28,13.880000114440918
2002-05-29,13.75
2002-05-30,13.484999656677246
2002-05-31,13.680000305175781
2002-06-03,13.25
2002-06-04,13.25
2002-06-05,13.199999809265137
2002-06-06,13.0600004196167
2002-06-07,13.194999694824219
2002-06-10,12.949999809265137
2002-06-11,12.755000114440918
2002-06-12,12.9350004196167
2002-06-13,12.920000076293945
2002-06-14,12.904999732971191
2002-06-17,13.239999771118164
2002-06-18,13.175000190734863
2002-06-19,13.045000076293945
2002-06-20,13.020000457763672
2002-06-21,12.859999656677246
2002-06-24,12.975000381469727
2002-06-25,12.920000076293945
2002-06-26,12.925000190734863
2002-06-27,12.989999771118164
2002-06-28,13.100000381469727
2002-07-01,12.975000381469727
2002-07-02,12.720000267028809
2002-07-03,12.800000190734863
2002-07-05,13.100000381469727
2002-07-08,12.9399995803833
2002-07-09,12.779999732971191
2002-07-10,12.234999656677246
2002-07-11,12.0
2002-07-12,11.78499984741211
2002-07-15,11.524999618530273
2002-07-16,11.350000381469727
2002-07-17,11.475000381469727
2002-07-18,11.399999618530273
2002-07-19,10.699999809265137
2002-07-22,10.045000076293945
2002-07-23,9.899999618530273
2002-07-24,10.555000305175781
2002-07-25,10.510000228881836
2002-07-26,10.649999618530273
2002-07-29,11.265000343322754
2002-07-30,11.09000015258789
2002-07-31,11.28499984741211
2002-08-01,10.619999885559082
2002-08-02,10.5
2002-08-05,10.109999656677246
2002-08-06,10.475000381469727
2002-08-07,10.625
2002-08-08,11.074999809265137
2002-08-09,11.274999618530273
2002-08-12,11.25
2002-08-13,11.079999923706055
2002-08-14,11.515000343322754
2002-08-15,11.84000015258789
2002-08-16,11.649999618530273
2002-08-19,11.744999885559082
2002-08-20,11.449999809265137
2002-08-21,11.475000381469727
2002-08-22,11.800000190734863
2002-08-23,11.609999656677246
2002-08-26,11.765000343322754
2002-08-27,11.760000228881836
2002-08-28,11.479999542236328
2002-08-29,11.380000114440918
2002-08-30,11.454999923706055
2002-09-03,11.0
2002-09-04,10.975000381469727
2002-09-05,10.994999885559082
2002-09-06,11.175000190734863
2002-09-09,11.15999984741211
2002-09-10,11.399999618530273
2002-09-11,11.34000015258789
2002-09-12,11.0600004196167
2002-09-13,11.180000305175781
2002-09-16,11.260000228881836
2002-09-17,10.895000457763672
2002-09-18,10.925000190734863
2002-09-19,10.614999771118164
2002-09-20,10.635000228881836
2002-09-23,10.574999809265137
2002-09-24,10.270000457763672
2002-09-25,10.550000190734863
2002-09-26,10.994999885559082
2002-09-27,10.789999961853027
2002-09-30,10.579999923706055
2002-10-01,10.914999961853027
2002-10-02,10.795000076293945
2002-10-03,10.864999771118164
2002-10-04,10.680000305175781
2002-10-07,10.545000076293945
2002-10-08,10.430000305175781
2002-10-09,10.225000381469727
2002-10-10,10.46500015258789
2002-10-11,10.640000343322754
2002-10-14,10.9350004196167
2002-10-15,11.265000343322754
2002-10-16,11.09000015258789
2002-10-17,11.324999809265137
2002-10-18,11.3149995803833
2002-10-21,11.369999885559082
2002-10-22,11.050000190734863
2002-10-23,11.229999542236328
2002-10-24,11.045000076293945
2002-10-25,10.875
2002-10-28,10.854999542236328
2002-10-29,10.539999961853027
2002-10-30,10.890000343322754
2002-10-31,10.774999618530273
2002-11-01,11.0600004196167
2002-11-04,10.875
2002-11-05,11.100000381469727
2002-11-06,11.199999809265137
2002-11-07,10.989999771118164
2002-11-08,10.925000190734863
2002-11-11,10.789999961853027
2002-11-12,10.755000114440918
2002-11-13,10.515000343322754
2002-11-14,10.854999542236328
2002-11-15,10.9399995803833
2002-11-18,10.949999809265137
2002-11-19,10.949999809265137
2002-11-20,11.164999961853027
2002-11-21,11.25
2002-11-22,11.010000228881836
2002-11-25,11.100000381469727
2002-11-26,10.890000343322754
2002-11-27,11.085000038146973
2002-11-29,11.220000267028809
2002-12-02,11.255000114440918
2002-12-03,11.364999771118164
2002-12-04,11.265000343322754
2002-12-05,11.34000015258789
2002-12-06,11.449999809265137
2002-12-09,11.25
2002-12-10,11.425000190734863
2002-12-11,11.364999771118164
2002-12-12,11.46500015258789
2002-12-13,11.4350004196167
2002-12-16,11.630000114440918
2002-12-17,11.510000228881836
2002-12-18,11.414999961853027
2002-12-19,11.300000190734863
2002-12-20,11.470000267028809
2002-12-23,11.520000457763672
2002-12-24,11.46500015258789
2002-12-26,11.335000038146973
2002-12-27,11.09000015258789
2002-12-30,11.145000457763672
2002-12-31,11.164999961853027
2003-01-02,11.399999618530273
2003-01-03,11.380000114440918
2003-01-06,11.475000381469727
2003-01-07,11.100000381469727
2003-01-08,10.994999885559082
2003-01-09,11.135000228881836
2003-01-10,11.045000076293945
2003-01-13,11.005000114440918
2003-01-14,11.050000190734863
2003-01-15,11.085000038146973
2003-01-16,11.194999694824219
2003-01-17,11.109999656677246
2003-01-21,10.850000381469727
2003-01-22,10.819999694824219
2003-01-23,10.850000381469727
2003-01-24,10.65999984741211
2003-01-27,10.324999809265137
2003-01-28,10.5
2003-01-29,10.84000015258789
2003-01-30,10.670000076293945
2003-01-31,10.885000228881836
2003-02-03,10.970000267028809
2003-02-04,11.045000076293945
2003-02-05,10.96500015258789
2003-02-06,10.920000076293945
2003-02-07,10.819999694824219
2003-02-10,10.960000038146973
2003-02-11,10.890000343322754
2003-02-12,10.699999809265137
2003-02-13,10.649999618530273
2003-02-14,10.734999656677246
2003-02-18,10.90999984741211
2003-02-19,10.899999618530273
2003-02-20,10.875
2003-02-21,11.114999771118164
2003-02-24,11.210000038146973
2003-02-25,11.149999618530273
2003-02-26,11.180000305175781
2003-02-27,11.114999771118164
2003-02-28,11.204999923706055
2003-03-03,11.244999885559082
2003-03-04,11.1899995803833
2003-03-05,11.289999961853027
2003-03-06,11.300000190734863
2003-03-07,11.300000190734863
2003-03-10,11.1850004196167
2003-03-11,11.074999809265137
2003-03-12,10.899999618530273
2003-03-13,10.944999694824219
2003-03-14,10.899999618530273
2003-03-17,11.039999961853027
2003-03-18,11.25
2003-03-19,11.265000343322754
2003-03-20,11.375
2003-03-21,11.1899995803833
2003-03-24,11.024999618530273
2003-03-25,11.125
2003-03-26,11.149999618530273
2003-03-27,11.239999771118164
2003-03-28,11.34000015258789
2003-03-31,11.15999984741211
2003-04-01,11.369999885559082
2003-04-02,11.345000267028809
2003-04-03,11.135000228881836
2003-04-04,11.194999694824219
2003-04-07,11.109999656677246
2003-04-08,10.975000381469727
2003-04-09,10.970000267028809
2003-04-10,11.119999885559082
2003-04-11,11.055000305175781
2003-04-14,11.109999656677246
2003-04-15,11.079999923706055
2003-04-16,10.930000305175781
2003-04-17,11.149999618530273
2003-04-21,11.145000457763672
2003-04-22,11.300000190734863
2003-04-23,11.300000190734863
2003-04-24,11.260000228881836
2003-04-25,11.119999885559082
2003-04-28,11.170000076293945
2003-04-29,11.015000343322754
2003-04-30,11.0649995803833
2003-05-01,11.119999885559082
2003-05-02,11.295000076293945
2003-05-05,11.364999771118164
2003-05-06,11.350000381469727
2003-05-07,11.425000190734863
2003-05-08,11.4399995803833
2003-05-09,11.515000343322754
2003-05-12,11.569999694824219
2003-05-13,11.699999809265137
2003-05-14,11.75
2003-05-15,11.755000114440918
2003-05-16,11.795000076293945
2003-05-19,11.675000190734863
2003-05-20,11.630000114440918
2003-05-21,11.975000381469727
2003-05-22,11.949999809265137
2003-05-23,12.0600004196167
2003-05-27,12.300000190734863
2003-05-28,12.154999732971191
2003-05-29,12.039999961853027
2003-05-30,12.239999771118164
2003-06-02,12.305000305175781
2003-06-03,12.395000457763672
2003-06-04,12.475000381469727
2003-06-05,12.40999984741211
2003-06-06,12.385000228881836
2003-06-09,12.364999771118164
2003-06-10,12.4399995803833
2003-06-11,12.800000190734863
2003-06-12,12.6850004196167
2003-06-13,12.475000381469727
2003-06-16,12.460000038146973
2003-06-17,12.34000015258789
2003-06-18,12.265000343322754
2003-06-19,12.329999923706055
2003-06-20,12.225000381469727
2003-06-23,12.1899995803833
2003-06-24,12.180000305175781
2003-06-25,12.199999809265137
2003-06-26,12.145000457763672
2003-06-27,12.100000381469727
2003-06-30,12.024999618530273
2003-07-01,12.015000343322754
2003-07-02,12.0
2003-07-03,11.979999542236328
2003-07-07,11.899999618530273
2003-07-08,11.880000114440918
2003-07-09,12.0
2003-07-10,11.819999694824219
2003-07-11,11.854999542236328
2003-07-14,11.75
2003-07-15,11.649999618530273
2003-07-16,11.539999961853027
2003-07-17,11.614999771118164
2003-07-18,11.880000114440918
2003-07-21,11.8149995803833
2003-07-22,11.78499984741211
2003-07-23,11.720000267028809
2003-07-24,11.609999656677246
2003-07-25,11.71500015258789
2003-07-28,11.664999961853027
2003-07-29,11.5
2003-07-30,11.515000343322754
2003-07-31,11.600000381469727
2003-08-01,11.569999694824219
2003-08-04,11.449999809265137
2003-08-05,11.399999618530273
2003-08-06,11.600000381469727
2003-08-07,11.890000343322754
2003-08-08,11.925000190734863
2003-08-11,11.979999542236328
2003-08-12,12.0649995803833
2003-08-13,12.055000305175781
2003-08-14,12.100000381469727
2003-08-15,12.140000343322754
2003-08-18,12.140000343322754
2003-08-19,12.085000038146973
2003-08-20,12.140000343322754
2003-08-21,12.255000114440918
2003-08-22,12.0649995803833
2003-08-25,12.0649995803833
2003-08-26,12.074999809265137
2003-08-27,12.125
2003-08-28,12.324999809265137
2003-08-29,12.34000015258789
2003-09-02,12.420000076293945
2003-09-03,12.425000190734863
2003-09-04,12.404999732971191
2003-09-05,12.350000381469727
2003-09-08,12.520000457763672
2003-09-09,12.385000228881836
2003-09-10,12.255000114440918
2003-09-11,12.229999542236328
2003-09-12,12.244999885559082
2003-09-15,12.164999961853027
2003-09-16,12.1850004196167
2003-09-17,12.024999618530273
2003-09-18,12.074999809265137
2003-09-19,12.125
2003-09-22,12.055000305175781
2003-09-23,12.125
2003-09-24,12.1850004196167
2003-09-25,12.074999809265137
2003-09-26,11.96500015258789
2003-09-29,12.024999618530273
2003-09-30,12.024999618530273
2003-10-01,12.199999809265137
2003-10-02,12.279999732971191
2003-10-03,12.350000381469727
2003-10-06,12.425000190734863
2003-10-07,12.484999656677246
2003-10-08,12.399999618530273
2003-10-09,12.359999656677246
2003-10-10,12.449999809265137
2003-10-13,12.5
2003-10-14,12.449999809265137
2003-10-15,12.270000457763672
2003-10-16,12.399999618530273
2003-10-17,12.3149995803833
2003-10-20,12.3100004196167
2003-10-21,12.350000381469727
2003-10-22,12.1850004196167
2003-10-23,12.164999961853027
2003-10-24,12.15999984741211
2003-10-27,12.109999656677246
2003-10-28,12.145000457763672
2003-10-29,12.119999885559082
2003-10-30,11.954999923706055
2003-10-31,12.140000343322754
2003-11-03,12.0649995803833
2003-11-04,12.024999618530273
2003-11-05,12.0600004196167
2003-11-06,12.074999809265137
2003-11-07,12.104999542236328
2003-11-10,12.085000038146973
2003-11-11,12.079999923706055
2003-11-12,12.149999618530273
2003-11-13,12.260000228881836
2003-11-14,12.28499984741211
2003-11-17,12.15999984741211
2003-11-18,12.074999809265137
2003-11-19,12.104999542236328
2003-11-20,12.074999809265137
2003-11-21,11.984999656677246
2003-11-24,12.050000190734863
2003-11-25,12.119999885559082
2003-11-26,12.234999656677246
2003-11-28,12.234999656677246
2003-12-01,12.359999656677246
2003-12-02,12.444999694824219
2003-12-03,12.375
2003-12-04,12.675000190734863
2003-12-05,12.765000343322754
2003-12-08,12.904999732971191
2003-12-09,12.914999961853027
2003-12-10,12.925000190734863
2003-12-11,12.989999771118164
2003-12-12,13.135000228881836
2003-12-15,12.970000267028809
2003-12-16,13.164999961853027
2003-12-17,13.289999961853027
2003-12-18,13.645000457763672
2003-12-19,13.5600004196167
2003-12-22,13.574999809265137
2003-12-23,13.479999542236328
2003-12-24,13.625
2003-12-26,13.680000305175781
2003-12-29,13.84000015258789
2003-12-30,13.869999885559082
2003-12-31,13.774999618530273
2004-01-02,13.770000457763672
2004-01-05,14.03499984741211
2004-01-06,14.020000457763672
2004-01-07,13.875
2004-01-08,13.914999961853027
2004-01-09,13.984999656677246
2004-01-12,14.024999618530273
2004-01-13,14.029999732971191
2004-01-14,13.994999885559082
2004-01-15,13.760000228881836
2004-01-16,13.890000343322754
2004-01-20,14.239999771118164
2004-01-21,14.324999809265137
2004-01-22,14.255000114440918
2004-01-23,14.380000114440918
2004-01-26,14.46500015258789
2004-01-27,14.4350004196167
2004-01-28,14.229999542236328
2004-01-29,14.220000267028809
2004-01-30,14.085000038146973
2004-02-02,14.164999961853027
2004-02-03,14.109999656677246
2004-02-04,14.010000228881836
2004-02-05,13.885000228881836
2004-02-06,13.979999542236328
2004-02-09,14.149999618530273
2004-02-10,14.34000015258789
2004-02-11,14.53499984741211
2004-02-12,14.579999923706055
2004-02-13,14.545000076293945
2004-02-17,14.670000076293945
2004-02-18,14.515000343322754
2004-02-19,14.5
2004-02-20,14.494999885559082
2004-02-23,14.609999656677246
2004-02-24,14.635000228881836
2004-02-25,14.704999923706055
2004-02-26,14.755000114440918
2004-02-27,14.824999809265137
2004-03-01,15.109999656677246
2004-03-02,14.979999542236328
2004-03-03,14.960000038146973
2004-03-04,14.914999961853027
2004-03-05,15.045000076293945
2004-03-08,15.109999656677246
2004-03-09,15.010000228881836
2004-03-10,14.75
2004-03-11,14.420000076293945
2004-03-12,14.630000114440918
2004-03-15,14.65999984741211
2004-03-16,14.654999732971191
2004-03-17,14.859999656677246
2004-03-18,15.010000228881836
2004-03-19,14.640000343322754
2004-03-22,14.5
2004-03-23,14.399999618530273
2004-03-24,14.095000267028809
2004-03-25,14.039999961853027
2004-03-26,14.199999809265137
2004-03-29,14.274999618530273
2004-03-30,14.53499984741211
2004-03-31,14.670000076293945
2004-04-01,14.5
2004-04-02,14.5649995803833
2004-04-05,14.640000343322754
2004-04-06,14.640000343322754
2004-04-07,14.640000343322754
2004-04-08,14.770000457763672
2004-04-12,15.050000190734863
2004-04-13,14.920000076293945
2004-04-14,14.949999809265137
2004-04-15,15.149999618530273
2004-04-16,15.270000457763672
2004-04-19,15.234999656677246
2004-04-20,14.925000190734863
2004-04-21,14.875
2004-04-22,15.170000076293945
2004-04-23,15.050000190734863
2004-04-26,15.135000228881836
2004-04-27,15.449999809265137
2004-04-28,15.229999542236328
2004-04-29,14.864999771118164
2004-04-30,14.920000076293945
2004-05-03,15.265000343322754
2004-05-04,15.274999618530273
2004-05-05,15.324999809265137
2004-05-06,15.25
2004-05-07,14.880000114440918
2004-05-10,14.449999809265137
2004-05-11,14.699999809265137
2004-05-12,14.789999961853027
2004-05-13,14.75
2004-05-14,14.925000190734863
2004-05-17,14.925000190734863
2004-05-18,14.704999923706055
2004-05-19,14.640000343322754
2004-05-20,14.625
2004-05-21,14.555000305175781
2004-05-24,14.885000228881836
2004-05-25,15.135000228881836
2004-05-26,15.010000228881836
2004-05-27,14.800000190734863
2004-05-28,14.875
2004-06-01,15.079999923706055
2004-06-02,15.050000190734863
2004-06-03,14.914999961853027
2004-06-04,14.84000015258789
2004-06-07,15.114999771118164
2004-06-08,15.050000190734863
2004-06-09,14.930000305175781
2004-06-10,15.119999885559082
2004-06-14,15.005000114440918
2004-06-15,15.220000267028809
2004-06-16,15.515000343322754
2004-06-17,15.630000114440918
2004-06-18,15.609999656677246
2004-06-21,15.574999809265137
2004-06-22,15.680000305175781
2004-06-23,15.944999694824219
2004-06-24,15.850000381469727
2004-06-25,15.760000228881836
2004-06-28,15.53499984741211
2004-06-29,15.619999885559082
2004-06-30,15.739999771118164
2004-07-01,15.760000228881836
2004-07-02,15.819999694824219
2004-07-06,15.859999656677246
2004-07-07,15.954999923706055
2004-07-08,15.875
2004-07-09,15.96500015258789
2004-07-12,15.875
2004-07-13,15.835000038146973
2004-07-14,16.024999618530273
2004-07-15,16.1299991607666
2004-07-16,16.325000762939453
2004-07-19,16.270000457763672
2004-07-20,16.219999313354492
2004-07-21,15.930000305175781
2004-07-22,15.979999542236328
2004-07-23,15.920000076293945
2004-07-26,15.779999732971191
2004-07-27,15.9399995803833
2004-07-28,16.049999237060547
2004-07-29,16.165000915527344
2004-07-30,16.225000381469727
2004-08-02,16.204999923706055
2004-08-03,16.399999618530273
2004-08-04,16.020000457763672
2004-08-05,15.779999732971191
2004-08-06,15.46500015258789
2004-08-09,15.71500015258789
2004-08-10,15.654999732971191
2004-08-11,15.574999809265137
2004-08-12,15.375
2004-08-13,15.5649995803833
2004-08-16,15.65999984741211
2004-08-17,15.300000190734863
2004-08-18,15.5
2004-08-19,15.550000190734863
2004-08-20,15.710000038146973
2004-08-23,15.515000343322754
2004-08-24,15.475000381469727
2004-08-25,15.574999809265137
2004-08-26,15.6850004196167
2004-08-27,15.78499984741211
2004-08-30,15.71500015258789
2004-08-31,15.975000381469727
2004-09-01,16.2549991607666
2004-09-02,16.385000228881836
2004-09-03,16.420000076293945
2004-09-07,16.399999618530273
2004-09-08,16.415000915527344
2004-09-09,16.649999618530273
2004-09-10,16.559999465942383
2004-09-13,16.674999237060547
2004-09-14,16.75
2004-09-15,16.69499969482422
2004-09-16,16.7450008392334
2004-09-17,16.959999084472656
2004-09-20,16.96500015258789
2004-09-21,17.385000228881836
2004-09-22,17.274999618530273
2004-09-23,17.114999771118164
2004-09-24,17.309999465942383
2004-09-27,17.299999237060547
2004-09-28,17.594999313354492
2004-09-29,17.360000610351562
2004-09-30,17.46500015258789
2004-10-01,17.71500015258789
2004-10-04,17.69499969482422
2004-10-05,17.885000228881836
2004-10-06,18.21500015258789
2004-10-07,18.075000762939453
2004-10-08,18.094999313354492
2004-10-11,17.940000534057617
2004-10-12,17.735000610351562
2004-10-13,17.364999771118164
2004-10-14,17.5049991607666
2004-10-15,17.579999923706055
2004-10-18,17.344999313354492
2004-10-19,17.295000076293945
2004-10-20,17.674999237060547
2004-10-21,17.774999618530273
2004-10-22,17.739999771118164
2004-10-25,17.7549991607666
2004-10-26,17.950000762939453
2004-10-27,17.639999389648438
2004-10-28,17.329999923706055
2004-10-29,17.56999969482422
2004-11-01,17.46500015258789
2004-11-02,17.204999923706055
2004-11-03,17.549999237060547
2004-11-04,17.760000228881836
2004-11-05,17.864999771118164
2004-11-08,17.56999969482422
2004-11-09,17.40999984741211
2004-11-10,17.614999771118164
2004-11-11,17.579999923706055
2004-11-12,17.950000762939453
2004-11-15,17.559999465942383
2004-11-16,17.559999465942383
2004-11-17,17.834999084472656
2004-11-18,17.975000381469727
2004-11-19,18.190000534057617
2004-11-22,18.479999542236328
2004-11-23,18.594999313354492
2004-11-24,18.75
2004-11-26,18.829999923706055
2004-11-29,18.729999542236328
2004-11-30,18.7549991607666
2004-12-01,18.30500030517578
2004-12-02,17.81999969482422
2004-12-03,17.9950008392334
2004-12-06,18.0049991607666
2004-12-07,17.6299991607666
2004-12-08,17.75
2004-12-09,17.899999618530273
2004-12-10,17.774999618530273
2004-12-13,18.09000015258789
2004-12-14,18.145000457763672
2004-12-15,18.280000686645508
2004-12-16,18.094999313354492
2004-12-17,18.024999618530273
2004-12-20,18.2450008392334
2004-12-21,18.399999618530273
2004-12-22,18.149999618530273
2004-12-23,18.2549991607666
2004-12-27,17.934999465942383
2004-12-28,18.059999465942383
2004-12-29,18.19499969482422
2004-12-30,18.114999771118164
2004-12-31,18.15999984741211
2005-01-03,17.489999771118164
2005-01-04,17.399999618530273
2005-01-05,17.325000762939453
2005-01-06,17.625
2005-01-07,17.485000610351562
2005-01-10,17.614999771118164
2005-01-11,17.639999389648438
2005-01-12,17.950000762939453
2005-01-13,18.06999969482422
2005-01-14,18.229999542236328
2005-01-18,18.40999984741211
2005-01-19,18.344999313354492
2005-01-20,18.15999984741211
2005-01-21,18.200000762939453
2005-01-24,18.360000610351562
2005-01-25,18.434999465942383
2005-01-26,18.614999771118164
2005-01-27,18.780000686645508
2005-01-28,18.55500030517578
2005-01-31,18.774999618530273
2005-02-01,19.094999313354492
2005-02-02,19.360000610351562
2005-02-03,19.454999923706055
2005-02-04,19.524999618530273
2005-02-07,19.395000457763672
2005-02-08,19.53499984741211
2005-02-09,19.5
2005-02-10,20.03499984741211
2005-02-11,20.209999084472656
2005-02-14,20.235000610351562
2005-02-15,20.280000686645508
2005-02-16,20.850000381469727
2005-02-17,20.56999969482422
2005-02-18,21.024999618530273
2005-02-22,20.875
2005-02-23,21.139999389648438
2005-02-24,21.55500030517578
2005-02-25,22.084999084472656
2005-02-28,21.924999237060547
2005-03-01,21.5
2005-03-02,21.815000534057617
2005-03-03,22.174999237060547
2005-03-04,22.459999084472656
2005-03-07,22.30500030517578
2005-03-08,22.280000686645508
2005-03-09,21.665000915527344
2005-03-10,21.225000381469727
2005-03-11,21.399999618530273
2005-03-14,21.55500030517578
2005-03-15,21.2549991607666
2005-03-16,21.325000762939453
2005-03-17,21.69499969482422
2005-03-18,21.889999389648438
2005-03-21,21.700000762939453
2005-03-22,21.440000534057617
2005-03-23,21.030000686645508
2005-03-24,21.014999389648438
2005-03-28,21.040000915527344
2005-03-29,20.700000762939453
2005-03-30,21.010000228881836
2005-03-31,21.434999465942383
2005-04-01,21.96500015258789
2005-04-04,21.774999618530273
2005-04-05,21.5
2005-04-06,21.84000015258789
2005-04-07,21.7549991607666
2005-04-08,21.360000610351562
2005-04-11,21.520000457763672
2005-04-12,21.18000030517578
2005-04-13,20.65999984741211
2005-04-14,20.649999618530273
2005-04-15,19.864999771118164
2005-04-18,20.225000381469727
2005-04-19,20.700000762939453
2005-04-20,20.274999618530273
2005-04-21,20.975000381469727
2005-04-22,21.020000457763672
2005-04-25,21.315000534057617
2005-04-26,20.96500015258789
2005-04-27,20.424999237060547
2005-04-28,20.014999389648438
2005-04-29,20.274999618530273
2005-05-02,20.639999389648438
2005-05-03,20.155000686645508
2005-05-04,20.389999389648438
2005-05-05,20.610000610351562
2005-05-06,20.549999237060547
2005-05-09,20.825000762939453
2005-05-10,20.475000381469727
2005-05-11,20.600000381469727
2005-05-12,19.700000762939453
2005-05-13,19.399999618530273
2005-05-16,19.315000534057617
2005-05-17,19.65999984741211
2005-05-18,19.6200008392334
2005-05-19,19.975000381469727
2005-05-20,19.825000762939453
2005-05-23,20.155000686645508
2005-05-24,20.239999771118164
2005-05-25,20.549999237060547
2005-05-26,20.655000686645508
2005-05-27,21.0
2005-05-31,20.84000015258789
2005-06-01,21.235000610351562
2005-06-02,21.19499969482422
2005-06-03,21.315000534057617
2005-06-06,21.3799991607666
2005-06-07,21.174999237060547
2005-06-08,21.235000610351562
2005-06-09,21.850000381469727
2005-06-10,21.825000762939453
2005-06-13,21.90999984741211
2005-06-14,22.045000076293945
2005-06-15,22.309999465942383
2005-06-16,22.625
2005-06-17,22.920000076293945
2005-06-20,22.94499969482422
2005-06-21,22.459999084472656
2005-06-22,22.59000015258789
2005-06-23,22.610000610351562
2005-06-24,22.469999313354492
2005-06-27,22.815000534057617
2005-06-28,22.389999389648438
2005-06-29,22.3700008392334
2005-06-30,22.225000381469727
2005-07-01,22.719999313354492
2005-07-05,23.399999618530273
2005-07-06,22.979999542236328
2005-07-07,23.274999618530273
2005-07-08,23.1200008392334
2005-07-11,23.290000915527344
2005-07-12,23.5
2005-07-13,23.364999771118164
2005-07-14,22.80500030517578
2005-07-15,22.684999465942383
2005-07-18,22.59000015258789
2005-07-19,23.075000762939453
2005-07-20,23.100000381469727
2005-07-21,22.875
2005-07-22,23.69499969482422
2005-07-25,23.915000915527344
2005-07-26,23.860000610351562
2005-07-27,23.979999542236328
2005-07-28,24.049999237060547
2005-07-29,23.799999237060547
2005-08-01,24.049999237060547
2005-08-02,24.450000762939453
2005-08-03,24.329999923706055
2005-08-04,24.3799991607666
2005-08-05,24.19499969482422
2005-08-08,24.545000076293945
2005-08-09,24.489999771118164
2005-08-10,24.889999389648438
2005-08-11,25.1299991607666
2005-08-12,25.084999084472656
2005-08-15,24.84000015258789
2005-08-16,24.295000076293945
2005-08-17,23.735000610351562
2005-08-18,23.684999465942383
2005-08-19,24.09000015258789
2005-08-22,24.149999618530273
2005-08-23,24.104999542236328
2005-08-24,24.334999084472656
2005-08-25,24.270000457763672
2005-08-26,23.9950008392334
2005-08-29,24.190000534057617
2005-08-30,24.639999389648438
2005-08-31,25.31999969482422
2005-09-01,25.979999542236328
2005-09-02,25.475000381469727
2005-09-06,25.655000686645508
2005-09-07,25.69499969482422
2005-09-08,25.729999542236328
2005-09-09,26.399999618530273
2005-09-12,25.860000610351562
2005-09-13,25.639999389648438
2005-09-14,25.959999084472656
2005-09-15,25.959999084472656
2005-09-16,26.139999389648438
2005-09-19,26.829999923706055
2005-09-20,26.575000762939453
2005-09-21,26.950000762939453
2005-09-22,26.75
2005-09-23,26.280000686645508
2005-09-26,26.760000228881836
2005-09-27,26.780000686645508
2005-09-28,27.0
2005-09-29,27.260000228881836
2005-09-30,26.834999084472656
2005-10-03,26.764999389648438
2005-10-04,25.799999237060547
2005-10-05,24.809999465942383
2005-10-06,24.219999313354492
2005-10-07,24.764999389648438
2005-10-10,24.389999389648438
2005-10-11,24.975000381469727
2005-10-12,24.4950008392334
2005-10-13,23.829999923706055
2005-10-14,24.170000076293945
2005-10-17,24.469999313354492
2005-10-18,23.334999084472656
2005-10-19,23.860000610351562
2005-10-20,22.774999618530273
2005-10-21,23.010000228881836
2005-10-24,23.829999923706055
2005-10-25,24.325000762939453
2005-10-26,24.18000030517578
2005-10-27,23.4950008392334
2005-10-28,24.135000228881836
2005-10-31,24.40999984741211
2005-11-01,24.559999465942383
2005-11-02,25.040000915527344
2005-11-03,25.514999389648438
2005-11-04,24.75
2005-11-07,24.31999969482422
2005-11-08,24.524999618530273
2005-11-09,24.299999237060547
2005-11-10,23.545000076293945
2005-11-11,23.735000610351562
2005-11-14,23.860000610351562
2005-11-15,23.899999618530273
2005-11-16,24.520000457763672
2005-11-17,24.510000228881836
2005-11-18,24.520000457763672
2005-11-21,25.1299991607666
2005-11-22,25.530000686645508
2005-11-23,25.434999465942383
2005-11-25,25.5
2005-11-28,24.639999389648438
2005-11-29,24.68000030517578
2005-11-30,24.774999618530273
2005-12-01,25.559999465942383
2005-12-02,25.584999084472656
2005-12-05,25.764999389648438
2005-12-06,25.875
2005-12-07,25.780000686645508
2005-12-08,26.235000610351562
2005-12-09,25.90999984741211
2005-12-12,26.2450008392334
2005-12-13,26.135000228881836
2005-12-14,26.450000762939453
2005-12-15,26.239999771118164
2005-12-16,25.53499984741211
2005-12-19,25.325000762939453
2005-12-20,25.670000076293945
2005-12-21,25.725000381469727
2005-12-22,25.69499969482422
2005-12-23,25.625
2005-12-27,24.8700008392334
2005-12-28,25.2450008392334
2005-12-29,25.049999237060547
2005-12-30,25.155000686645508
2006-01-03,26.350000381469727
2006-01-04,26.424999237060547
2006-01-05,26.09000015258789
2006-01-06,26.729999542236328
2006-01-09,26.700000762939453
2006-01-10,26.989999771118164
2006-01-11,27.104999542236328
2006-01-12,26.90999984741211
2006-01-13,27.229999542236328
2006-01-17,27.829999923706055
2006-01-18,27.600000381469727
2006-01-19,28.079999923706055
2006-01-20,28.204999923706055
2006-01-23,28.514999389648438
2006-01-24,28.344999313354492
2006-01-25,27.75
2006-01-26,27.84000015258789
2006-01-27,28.325000762939453
2006-01-30,28.975000381469727
2006-01-31,28.829999923706055
2006-02-01,28.145000457763672
2006-02-02,27.864999771118164
2006-02-03,27.610000610351562
2006-02-06,28.149999618530273
2006-02-07,26.975000381469727
2006-02-08,26.979999542236328
2006-02-09,26.364999771118164
2006-02-10,26.270000457763672
2006-02-13,26.165000915527344
2006-02-14,25.8700008392334
2006-02-15,25.729999542236328
2006-02-16,26.31999969482422
2006-02-17,26.5049991607666
2006-02-21,27.024999618530273
2006-02-22,26.520000457763672
2006-02-23,26.489999771118164
2006-02-24,26.815000534057617
2006-02-27,26.350000381469727
2006-02-28,26.170000076293945
2006-03-01,26.614999771118164
2006-03-02,27.059999465942383
2006-03-03,27.065000534057617
2006-03-06,26.125
2006-03-07,25.739999771118164
2006-03-08,25.739999771118164
2006-03-09,25.55500030517578
2006-03-10,25.69499969482422
2006-03-13,26.200000762939453
2006-03-14,26.684999465942383
2006-03-15,26.825000762939453
2006-03-16,27.25
2006-03-17,26.825000762939453
2006-03-20,26.229999542236328
2006-03-21,26.184999465942383
2006-03-22,26.360000610351562
2006-03-23,26.75
2006-03-24,26.93000030517578
2006-03-27,27.06999969482422
2006-03-28,27.280000686645508
2006-03-29,27.600000381469727
2006-03-30,27.584999084472656
2006-03-31,27.200000762939453
2006-04-03,27.350000381469727
2006-04-04,27.709999084472656
2006-04-05,28.165000915527344
2006-04-06,28.225000381469727
2006-04-07,27.674999237060547
2006-04-10,28.200000762939453
2006-04-11,28.0
2006-04-12,27.815000534057617
2006-04-13,27.905000686645508
2006-04-17,28.420000076293945
2006-04-18,29.114999771118164
2006-04-19,29.565000534057617
2006-04-20,29.260000228881836
2006-04-21,29.8700008392334
2006-04-24,29.415000915527344
2006-04-25,29.03499984741211
2006-04-26,28.575000762939453
2006-04-27,28.25
2006-04-28,28.56999969482422
2006-05-01,29.040000915527344
2006-05-02,29.684999465942383
2006-05-03,29.225000381469727
2006-05-04,29.09000015258789
2006-05-05,29.43000030517578
2006-05-08,29.299999237060547
2006-05-09,29.475000381469727
2006-05-10,29.75
2006-05-11,29.364999771118164
2006-05-12,28.3700008392334
2006-05-15,27.774999618530273
2006-05-16,27.875
2006-05-17,27.165000915527344
2006-05-18,26.834999084472656
2006-05-19,27.010000228881836
2006-05-22,26.854999542236328
2006-05-23,26.860000610351562
2006-05-24,26.530000686645508
2006-05-25,27.459999084472656
2006-05-26,27.549999237060547
2006-05-30,27.114999771118164
2006-05-31,27.774999618530273
2006-06-01,27.850000381469727
2006-06-02,28.264999389648438
2006-06-05,27.375
2006-06-06,27.350000381469727
2006-06-07,26.299999237060547
2006-06-08,26.670000076293945
2006-06-09,26.399999618530273
2006-06-12,25.860000610351562
2006-06-13,25.094999313354492
2006-06-14,25.739999771118164
2006-06-15,26.719999313354492
2006-06-16,26.549999237060547
2006-06-19,25.549999237060547
2006-06-20,25.43000030517578
2006-06-21,26.0
2006-06-22,26.110000610351562
2006-06-23,26.690000534057617
2006-06-26,26.985000610351562
2006-06-27,27.03499984741211
2006-06-28,27.5
2006-06-29,28.280000686645508
2006-06-30,28.375
2006-07-03,28.68000030517578
2006-07-05,28.809999465942383
2006-07-06,28.735000610351562
2006-07-07,28.344999313354492
2006-07-10,28.43000030517578
2006-07-11,28.950000762939453
2006-07-12,28.850000381469727
2006-07-13,28.575000762939453
2006-07-14,28.90999984741211
2006-07-17,27.975000381469727
2006-07-18,28.010000228881836
2006-07-19,28.299999237060547
2006-07-20,27.614999771118164
2006-07-21,27.239999771118164
2006-07-24,28.059999465942383
2006-07-25,28.549999237060547
2006-07-26,29.125
2006-07-27,28.875
2006-07-28,28.885000228881836
2006-07-31,29.325000762939453
2006-08-01,29.360000610351562
2006-08-02,29.420000076293945
2006-08-03,29.165000915527344
2006-08-04,28.920000076293945
2006-08-07,29.225000381469727
2006-08-08,29.05500030517578
2006-08-09,29.299999237060547
2006-08-10,29.059999465942383
2006-08-11,29.075000762939453
2006-08-14,28.475000381469727
2006-08-15,28.6200008392334
2006-08-16,28.5
2006-08-17,28.299999237060547
2006-08-18,28.739999771118164
2006-08-21,28.93000030517578
2006-08-22,29.125
2006-08-23,28.514999389648438
2006-08-24,28.885000228881836
2006-08-25,29.110000610351562
2006-08-28,28.690000534057617
2006-08-29,28.510000228881836
2006-08-30,28.030000686645508
2006-08-31,27.834999084472656
2006-09-01,28.25
2006-09-05,28.6200008392334
2006-09-06,27.649999618530273
2006-09-07,27.674999237060547
2006-09-08,26.975000381469727
2006-09-11,26.139999389648438
2006-09-12,25.975000381469727
2006-09-13,26.514999389648438
2006-09-14,25.924999237060547
2006-09-15,25.924999237060547
2006-09-18,26.549999237060547
2006-09-19,26.149999618530273
2006-09-20,25.450000762939453
2006-09-21,25.774999618530273
2006-09-22,25.665000915527344
2006-09-25,25.700000762939453
2006-09-26,26.264999389648438
2006-09-27,26.700000762939453
2006-09-28,26.614999771118164
2006-09-29,26.725000381469727
2006-10-02,26.420000076293945
2006-10-03,25.450000762939453
2006-10-04,25.825000762939453
2006-10-05,26.31999969482422
2006-10-06,26.344999313354492
2006-10-09,25.950000762939453
2006-10-10,26.434999465942383
2006-10-11,26.014999389648438
2006-10-12,26.625
2006-10-13,26.989999771118164
2006-10-16,27.625
2006-10-17,27.325000762939453
2006-10-18,27.149999618530273
2006-10-19,27.709999084472656
2006-10-20,27.350000381469727
2006-10-23,27.399999618530273
2006-10-24,27.899999618530273
2006-10-25,28.3799991607666
2006-10-26,28.315000534057617
2006-10-27,28.084999084472656
2006-10-30,27.579999923706055
2006-10-31,27.864999771118164
2006-11-01,27.579999923706055
2006-11-02,27.690000534057617
2006-11-03,28.299999237060547
2006-11-06,28.5049991607666
2006-11-07,28.28499984741211
2006-11-08,28.760000228881836
2006-11-09,29.0
2006-11-10,28.725000381469727
2006-11-13,28.674999237060547
2006-11-14,28.844999313354492
2006-11-15,29.114999771118164
2006-11-16,28.315000534057617
2006-11-17,28.549999237060547
2006-11-20,28.475000381469727
2006-11-21,29.0
2006-11-22,28.829999923706055
2006-11-24,28.770000457763672
2006-11-27,28.639999389648438
2006-11-28,29.100000381469727
2006-11-29,30.024999618530273
2006-11-30,30.2549991607666
2006-12-01,30.360000610351562
2006-12-04,30.315000534057617
2006-12-05,30.434999465942383
2006-12-06,30.350000381469727
2006-12-07,30.170000076293945
2006-12-08,30.135000228881836
2006-12-11,30.059999465942383
2006-12-12,30.1299991607666
2006-12-13,30.434999465942383
2006-12-14,30.875
2006-12-15,30.5049991607666
2006-12-18,29.625
2006-12-19,30.1299991607666
2006-12-20,29.719999313354492
2006-12-21,29.579999923706055
2006-12-22,29.295000076293945
2006-12-26,29.329999923706055
2006-12-27,29.674999237060547
2006-12-28,29.610000610351562
2006-12-29,29.315000534057617
2007-01-03,28.290000915527344
2007-01-04,27.774999618530273
2007-01-05,27.959999084472656
2007-01-08,27.959999084472656
2007-01-09,27.719999313354492
2007-01-10,27.184999465942383
2007-01-11,27.030000686645508
2007-01-12,27.719999313354492
2007-01-16,27.434999465942383
2007-01-17,27.739999771118164
2007-01-18,27.53499984741211
2007-01-19,28.290000915527344
2007-01-22,28.094999313354492
2007-01-23,28.825000762939453
2007-01-24,28.950000762939453
2007-01-25,28.354999542236328
2007-01-26,28.424999237060547
2007-01-29,28.28499984741211
2007-01-30,28.860000610351562
2007-01-31,29.045000076293945
2007-02-01,29.149999618530273
2007-02-02,29.315000534057617
2007-02-05,29.28499984741211
2007-02-06,29.19499969482422
2007-02-07,29.020000457763672
2007-02-08,29.315000534057617
2007-02-09,29.19499969482422
2007-02-12,28.790000915527344
2007-02-13,29.209999084472656
2007-02-14,29.21500015258789
2007-02-15,28.9950008392334
2007-02-16,29.0
2007-02-20,28.674999237060547
2007-02-21,28.989999771118164
2007-02-22,29.25
2007-02-23,29.325000762939453
2007-02-26,29.5
2007-02-27,28.325000762939453
2007-02-28,28.450000762939453
2007-03-01,28.360000610351562
2007-03-02,28.024999618530273
2007-03-05,27.700000762939453
2007-03-06,28.225000381469727
2007-03-07,28.575000762939453
2007-03-08,28.825000762939453
2007-03-09,28.700000762939453
2007-03-12,28.65999984741211
2007-03-13,28.274999618530273
2007-03-14,28.600000381469727
2007-03-15,28.594999313354492
2007-03-16,28.19499969482422
2007-03-19,28.645000457763672
2007-03-20,28.850000381469727
2007-03-21,29.3700008392334
2007-03-22,29.959999084472656
2007-03-23,30.110000610351562
2007-03-26,30.31999969482422
2007-03-27,30.375
2007-03-28,30.3700008392334
2007-03-29,30.559999465942383
2007-03-30,30.139999389648438
2007-04-02,30.434999465942383
2007-04-03,30.625
2007-04-04,30.674999237060547
2007-04-05,30.875
2007-04-09,30.760000228881836
2007-04-10,31.225000381469727
2007-04-11,31.03499984741211
2007-04-12,31.510000228881836
2007-04-13,31.524999618530273
2007-04-16,31.709999084472656
2007-04-17,31.530000686645508
2007-04-18,31.420000076293945
2007-04-19,30.979999542236328
2007-04-20,31.549999237060547
2007-04-23,31.584999084472656
2007-04-24,31.489999771118164
2007-04-25,32.08000183105469
2007-04-26,32.06999969482422
2007-04-27,32.064998626708984
2007-04-30,31.684999465942383
2007-05-01,31.825000762939453
2007-05-02,32.09000015258789
2007-05-03,32.349998474121094
2007-05-04,32.32500076293945
2007-05-07,32.40999984741211
2007-05-08,32.415000915527344
2007-05-09,32.400001525878906
2007-05-10,31.875
2007-05-11,32.60499954223633
2007-05-14,32.6150016784668
2007-05-15,32.724998474121094
2007-05-16,32.849998474121094
2007-05-17,33.375
2007-05-18,33.915000915527344
2007-05-21,34.20000076293945
2007-05-22,33.880001068115234
2007-05-23,33.95000076293945
2007-05-24,33.33000183105469
2007-05-25,33.849998474121094
2007-05-29,33.625
2007-05-30,34.33000183105469
2007-05-31,34.150001525878906
2007-06-01,34.459999084472656
2007-06-04,35.0
2007-06-05,34.875
2007-06-06,34.43000030517578
2007-06-07,33.81999969482422
2007-06-08,33.959999084472656
2007-06-11,34.220001220703125
2007-06-12,33.79999923706055
2007-06-13,34.474998474121094
2007-06-14,35.05500030517578
2007-06-15,35.4900016784668
2007-06-18,35.529998779296875
2007-06-19,35.56999969482422
2007-06-20,34.53499984741211
2007-06-21,35.224998474121094
2007-06-22,34.875
2007-06-25,34.595001220703125
2007-06-26,33.849998474121094
2007-06-27,34.375
2007-06-28,34.375
2007-06-29,34.494998931884766
2007-07-02,35.10499954223633
2007-07-03,35.375
2007-07-05,35.290000915527344
2007-07-06,35.77000045776367
2007-07-09,36.10499954223633
2007-07-10,35.78499984741211
2007-07-11,35.91999816894531
2007-07-12,36.6150016784668
2007-07-13,36.974998474121094
2007-07-16,36.5
2007-07-17,36.025001525878906
2007-07-18,36.84000015258789
2007-07-19,37.17499923706055
2007-07-20,37.0
2007-07-23,37.150001525878906
2007-07-24,36.07500076293945
2007-07-25,36.650001525878906
2007-07-26,35.27000045776367
2007-07-27,34.25
2007-07-30,34.84000015258789
2007-07-31,34.5
2007-08-01,34.40999984741211
2007-08-02,34.17499923706055
2007-08-03,33.060001373291016
2007-08-06,33.25
2007-08-07,34.029998779296875
2007-08-08,34.67499923706055
2007-08-09,33.68000030517578
2007-08-10,33.86000061035156
2007-08-13,33.900001525878906
2007-08-14,33.67499923706055
2007-08-15,32.75
2007-08-16,32.54999923706055
2007-08-17,33.75
2007-08-20,33.67499923706055
2007-08-21,33.20000076293945
2007-08-22,33.599998474121094
2007-08-23,33.900001525878906
2007-08-24,34.625
2007-08-27,34.20000076293945
2007-08-28,33.375
2007-08-29,34.47999954223633
2007-08-30,34.459999084472656
2007-08-31,34.915000915527344
2007-09-04,35.54999923706055
2007-09-05,35.36000061035156
2007-09-06,35.900001525878906
2007-09-07,35.130001068115234
2007-09-10,35.07500076293945
2007-09-11,35.67499923706055
2007-09-12,35.92499923706055
2007-09-13,36.150001525878906
2007-09-14,36.25
2007-09-17,36.32500076293945
2007-09-18,37.42499923706055
2007-09-19,37.75
2007-09-20,37.724998474121094
2007-09-21,37.849998474121094
2007-09-24,37.779998779296875
2007-09-25,37.15999984741211
2007-09-26,37.26499938964844
2007-09-27,37.75
2007-09-28,37.400001525878906
2007-10-01,38.04999923706055
2007-10-02,37.45500183105469
2007-10-03,37.23500061035156
2007-10-04,37.375
2007-10-05,37.55500030517578
2007-10-08,37.17499923706055
2007-10-09,37.92499923706055
2007-10-10,38.415000915527344
2007-10-11,38.224998474121094
2007-10-12,38.584999084472656
2007-10-15,38.900001525878906
2007-10-16,39.0
2007-10-17,38.75
2007-10-18,39.04999923706055
2007-10-19,37.20000076293945
2007-10-22,36.775001525878906
2007-10-23,37.29999923706055
2007-10-24,37.54499816894531
2007-10-25,37.900001525878906
2007-10-26,38.474998474121094
2007-10-29,38.65999984741211
2007-10-30,37.345001220703125
2007-10-31,38.349998474121094
2007-11-01,37.224998474121094
2007-11-02,37.92499923706055
2007-11-05,37.619998931884766
2007-11-06,38.875
2007-11-07,37.275001525878906
2007-11-08,37.92499923706055
2007-11-09,37.224998474121094
2007-11-12,35.42499923706055
2007-11-13,36.67499923706055
2007-11-14,36.619998931884766
2007-11-15,35.400001525878906
2007-11-16,36.33000183105469
2007-11-19,35.724998474121094
2007-11-20,36.875
2007-11-21,36.07500076293945
2007-11-23,37.025001525878906
2007-11-26,35.744998931884766
2007-11-27,35.349998474121094
2007-11-28,36.224998474121094
2007-11-29,36.625
2007-11-30,36.73500061035156
2007-12-03,36.875
2007-12-04,36.5
2007-12-05,37.30500030517578
2007-12-06,38.32500076293945
2007-12-07,38.09000015258789
2007-12-10,38.474998474121094
2007-12-11,37.525001525878906
2007-12-12,38.75
2007-12-13,38.845001220703125
2007-12-14,38.224998474121094
2007-12-17,37.540000915527344
2007-12-18,37.900001525878906
2007-12-19,38.26499938964844
2007-12-20,38.75
2007-12-21,39.650001525878906
2007-12-24,39.83000183105469
2007-12-26,40.275001525878906
2007-12-27,39.849998474121094
2007-12-28,40.185001373291016
2007-12-31,39.67499923706055
2008-01-02,39.75
2008-01-03,40.220001220703125
2008-01-04,38.75
2008-01-07,38.599998474121094
2008-01-08,37.92499923706055
2008-01-09,38.42499923706055
2008-01-10,38.26499938964844
2008-01-11,37.79999923706055
2008-01-14,38.54999923706055
2008-01-15,36.95500183105469
2008-01-16,35.724998474121094
2008-01-17,34.375
2008-01-18,34.45000076293945
2008-01-22,33.474998474121094
2008-01-23,33.78499984741211
2008-01-24,34.974998474121094
2008-01-25,34.349998474121094
2008-01-28,35.130001068115234
2008-01-29,35.525001525878906
2008-01-30,35.08000183105469
2008-01-31,34.79999923706055
2008-02-01,35.67499923706055
2008-02-04,35.70000076293945
2008-02-05,34.224998474121094
2008-02-06,33.755001068115234
2008-02-07,34.41999816894531
2008-02-08,34.92499923706055
2008-02-11,35.82500076293945
2008-02-12,35.80500030517578
2008-02-13,36.67499923706055
2008-02-14,36.36000061035156
2008-02-15,36.42499923706055
2008-02-19,37.625
2008-02-20,38.07500076293945
2008-02-21,37.029998779296875
2008-02-22,37.45000076293945
2008-02-25,38.52000045776367
2008-02-26,39.17499923706055
2008-02-27,38.665000915527344
2008-02-28,39.33000183105469
2008-02-29,38.025001525878906
2008-03-03,38.5
2008-03-04,37.75
2008-03-05,38.70000076293945
2008-03-06,37.92499923706055
2008-03-07,36.880001068115234
2008-03-10,36.42499923706055
2008-03-11,38.29999923706055
2008-03-12,37.45000076293945
2008-03-13,38.07500076293945
2008-03-14,37.380001068115234
2008-03-17,36.07500076293945
2008-03-18,37.650001525878906
2008-03-19,35.349998474121094
2008-03-20,35.404998779296875
2008-03-24,36.025001525878906
2008-03-25,36.3849983215332
2008-03-26,37.17499923706055
2008-03-27,36.79999923706055
2008-03-28,36.70000076293945
2008-03-31,37.029998779296875
2008-04-01,37.724998474121094
2008-04-02,38.25
2008-04-03,38.34000015258789
2008-04-04,38.654998779296875
2008-04-07,38.86000061035156
2008-04-08,39.29999923706055
2008-04-09,39.375
2008-04-10,39.29999923706055
2008-04-11,38.75
2008-04-14,39.63999938964844
2008-04-15,39.849998474121094
2008-04-16,41.20000076293945
2008-04-17,41.165000915527344
2008-04-18,41.79499816894531
2008-04-21,42.27000045776367
2008-04-22,42.290000915527344
2008-04-23,41.959999084472656
2008-04-24,40.86000061035156
2008-04-25,41.439998626708984
2008-04-28,41.5099983215332
2008-04-29,40.57500076293945
2008-04-30,40.875
2008-05-01,39.97999954223633
2008-05-02,40.73500061035156
2008-05-05,41.32500076293945
2008-05-06,42.41999816894531
2008-05-07,41.630001068115234
2008-05-08,42.46500015258789
2008-05-09,42.3849983215332
2008-05-12,42.150001525878906
2008-05-13,42.84000015258789
2008-05-14,42.349998474121094
2008-05-15,42.90999984741211
2008-05-16,44.474998474121094
2008-05-19,44.75
2008-05-20,45.19499969482422
2008-05-21,44.525001525878906
2008-05-22,43.875
2008-05-23,43.130001068115234
2008-05-27,42.849998474121094
2008-05-28,43.755001068115234
2008-05-29,42.560001373291016
2008-05-30,43.0
2008-06-02,43.255001068115234
2008-06-03,42.32500076293945
2008-06-04,41.69499969482422
2008-06-05,43.869998931884766
2008-06-06,43.0099983215332
2008-06-09,44.275001525878906
2008-06-10,43.185001373291016
2008-06-11,43.45000076293945
2008-06-12,42.790000915527344
2008-06-13,43.29999923706055
2008-06-16,43.45500183105469
2008-06-17,44.17499923706055
2008-06-18,44.345001220703125
2008-06-19,43.279998779296875
2008-06-20,42.875
2008-06-23,44.56999969482422
2008-06-24,43.724998474121094
2008-06-25,43.560001373291016
2008-06-26,43.244998931884766
2008-06-27,43.625
2008-06-30,44.2400016784668
2008-07-01,44.42499923706055
2008-07-02,43.084999084472656
2008-07-03,42.45000076293945
2008-07-07,41.3849983215332
2008-07-08,40.70000076293945
2008-07-09,39.92499923706055
2008-07-10,41.150001525878906
2008-07-11,40.900001525878906
2008-07-14,41.16999816894531
2008-07-15,39.435001373291016
2008-07-16,38.41999816894531
2008-07-17,37.790000915527344
2008-07-18,38.45000076293945
2008-07-21,39.599998474121094
2008-07-22,38.28499984741211
2008-07-23,36.89500045776367
2008-07-24,36.80500030517578
2008-07-25,36.904998779296875
2008-07-28,37.04999923706055
2008-07-29,36.61000061035156
2008-07-30,38.790000915527344
2008-07-31,37.20000076293945
2008-08-01,37.19499969482422
2008-08-04,35.44499969482422
2008-08-05,35.709999084472656
2008-08-06,36.525001525878906
2008-08-07,36.099998474121094
2008-08-08,35.4900016784668
2008-08-11,35.474998474121094
2008-08-12,35.494998931884766
2008-08-13,36.75
2008-08-14,36.07500076293945
2008-08-15,35.400001525878906
2008-08-18,34.95000076293945
2008-08-19,36.20500183105469
2008-08-20,37.25
2008-08-21,38.185001373291016
2008-08-22,37.310001373291016
2008-08-25,36.82500076293945
2008-08-26,37.57500076293945
2008-08-27,38.16999816894531
2008-08-28,37.5
2008-08-29,37.32500076293945
2008-09-02,35.275001525878906
2008-09-03,35.13999938964844
2008-09-04,34.349998474121094
2008-09-05,34.209999084472656
2008-09-08,33.974998474121094
2008-09-09,31.625
2008-09-10,32.869998931884766
2008-09-11,33.34000015258789
2008-09-12,34.46500015258789
2008-09-15,31.825000762939453
2008-09-16,33.16999816894531
2008-09-17,32.474998474121094
2008-09-18,33.44499969482422
2008-09-19,35.625
2008-09-22,35.0
2008-09-23,33.845001220703125
2008-09-24,33.94499969482422
2008-09-25,34.775001525878906
2008-09-26,33.849998474121094
2008-09-29,29.825000762939453
2008-09-30,31.649999618530273
2008-10-01,31.1299991607666
2008-10-02,29.354999542236328
2008-10-03,29.0049991607666
2008-10-06,27.44499969482422
2008-10-07,25.940000534057617
2008-10-08,26.43000030517578
2008-10-09,22.625
2008-10-10,21.700000762939453
2008-10-13,25.274999618530273
2008-10-14,25.30500030517578
2008-10-15,21.649999618530273
2008-10-16,22.475000381469727
2008-10-17,22.969999313354492
2008-10-20,25.645000457763672
2008-10-21,24.479999542236328
2008-10-22,22.100000381469727
2008-10-23,23.274999618530273
2008-10-24,21.825000762939453
2008-10-27,20.43000030517578
2008-10-28,23.545000076293945
2008-10-29,24.065000534057617
2008-10-30,25.174999237060547
2008-10-31,25.700000762939453
2008-11-03,24.905000686645508
2008-11-04,26.510000228881836
2008-11-05,25.325000762939453
2008-11-06,23.799999237060547
2008-11-07,24.924999237060547
2008-11-10,25.010000228881836
2008-11-11,24.290000915527344
2008-11-12,22.299999237060547
2008-11-13,24.920000076293945
2008-11-14,23.885000228881836
2008-11-17,23.389999389648438
2008-11-18,24.045000076293945
2008-11-19,22.799999237060547
2008-11-20,19.979999542236328
2008-11-21,22.209999084472656
2008-11-24,23.815000534057617
2008-11-25,24.19499969482422
2008-11-26,25.549999237060547
2008-11-28,25.139999389648438
2008-12-01,22.46500015258789
2008-12-02,23.225000381469727
2008-12-03,23.239999771118164
2008-12-04,21.6299991607666
2008-12-05,22.079999923706055
2008-12-08,23.059999465942383
2008-12-09,23.290000915527344
2008-12-10,24.4950008392334
2008-12-11,24.3799991607666
2008-12-12,24.139999389648438
2008-12-15,24.0
2008-12-16,24.7450008392334
2008-12-17,24.584999084472656
2008-12-18,23.155000686645508
2008-12-19,23.0
2008-12-22,22.315000534057617
2008-12-23,22.364999771118164
2008-12-24,22.280000686645508
2008-12-26,22.579999923706055
2008-12-29,23.075000762939453
2008-12-30,23.635000228881836
2008-12-31,23.885000228881836
2009-01-02,25.075000762939453
2009-01-05,25.665000915527344
2009-01-06,25.94499969482422
2009-01-07,24.844999313354492
2009-01-08,25.165000915527344
2009-01-09,24.31999969482422
2009-01-12,23.360000610351562
2009-01-13,23.94499969482422
2009-01-14,22.799999237060547
2009-01-15,23.084999084472656
2009-01-16,23.270000457763672
2009-01-20,22.030000686645508
2009-01-21,23.510000228881836
2009-01-22,22.864999771118164
2009-01-23,23.530000686645508
2009-01-26,23.96500015258789
2009-01-27,24.0049991607666
2009-01-28,24.65999984741211
2009-01-29,23.790000915527344
2009-01-30,23.459999084472656
2009-02-02,23.084999084472656
2009-02-03,23.485000610351562
2009-02-04,23.704999923706055
2009-02-05,24.28499984741211
2009-02-06,24.735000610351562
2009-02-09,24.825000762939453
2009-02-10,23.670000076293945
2009-02-11,23.399999618530273
2009-02-12,23.440000534057617
2009-02-13,23.4950008392334
2009-02-17,21.8700008392334
2009-02-18,21.7450008392334
2009-02-19,21.75
2009-02-20,21.190000534057617
2009-02-23,20.200000762939453
2009-02-24,21.149999618530273
2009-02-25,21.024999618530273
2009-02-26,21.075000762939453
2009-02-27,20.565000534057617
2009-03-02,19.059999465942383
2009-03-03,19.155000686645508
2009-03-04,20.06999969482422
2009-03-05,19.184999465942383
2009-03-06,19.395000457763672
2009-03-09,19.43000030517578
2009-03-10,20.415000915527344
2009-03-11,20.329999923706055
2009-03-12,20.940000534057617
2009-03-13,20.75
2009-03-16,21.014999389648438
2009-03-17,21.739999771118164
2009-03-18,21.959999084472656
2009-03-19,22.489999771118164
2009-03-20,21.5
2009-03-23,23.270000457763672
2009-03-24,22.829999923706055
2009-03-25,22.719999313354492
2009-03-26,22.915000915527344
2009-03-27,22.235000610351562
2009-03-30,21.40999984741211
2009-03-31,21.229999542236328
2009-04-01,21.68000030517578
2009-04-02,22.56999969482422
2009-04-03,23.010000228881836
2009-04-06,22.545000076293945
2009-04-07,21.8700008392334
2009-04-08,22.149999618530273
2009-04-09,22.799999237060547
2009-04-13,22.549999237060547
2009-04-14,22.489999771118164
2009-04-15,22.520000457763672
2009-04-16,22.625
2009-04-17,22.889999389648438
2009-04-20,21.780000686645508
2009-04-21,22.209999084472656
2009-04-22,21.975000381469727
2009-04-23,22.385000228881836
2009-04-24,23.03499984741211
2009-04-27,22.600000381469727
2009-04-28,22.649999618530273
2009-04-29,23.274999618530273
2009-04-30,22.889999389648438
2009-05-01,23.6299991607666
2009-05-04,24.575000762939453
2009-05-05,24.2450008392334
2009-05-06,25.184999465942383
2009-05-07,24.860000610351562
2009-05-08,25.920000076293945
2009-05-11,25.1299991607666
2009-05-12,25.290000915527344
2009-05-13,24.454999923706055
2009-05-14,24.524999618530273
2009-05-15,24.0
2009-05-18,24.829999923706055
2009-05-19,24.950000762939453
2009-05-20,25.03499984741211
2009-05-21,24.295000076293945
2009-05-22,24.30500030517578
2009-05-26,24.81999969482422
2009-05-27,24.549999237060547
2009-05-28,25.364999771118164
2009-05-29,25.84000015258789
2009-06-01,26.790000915527344
2009-06-02,26.719999313354492
2009-06-03,25.690000534057617
2009-06-04,26.270000457763672
2009-06-05,26.05500030517578
2009-06-08,25.9950008392334
2009-06-09,26.25
2009-06-10,26.485000610351562
2009-06-11,27.014999389648438
2009-06-12,26.7549991607666
2009-06-15,26.045000076293945
2009-06-16,25.489999771118164
2009-06-17,25.075000762939453
2009-06-18,24.979999542236328
2009-06-19,24.604999542236328
2009-06-22,23.375
2009-06-23,23.514999389648438
2009-06-24,23.610000610351562
2009-06-25,24.104999542236328
2009-06-26,23.94499969482422
2009-06-29,24.170000076293945
2009-06-30,24.024999618530273
2009-07-01,24.045000076293945
2009-07-02,23.079999923706055
2009-07-06,22.844999313354492
2009-07-07,22.260000228881836
2009-07-08,22.264999389648438
2009-07-09,22.4950008392334
2009-07-10,22.334999084472656
2009-07-13,22.674999237060547
2009-07-14,22.979999542236328
2009-07-15,23.795000076293945
2009-07-16,24.084999084472656
2009-07-17,24.225000381469727
2009-07-20,24.639999389648438
2009-07-21,24.854999542236328
2009-07-22,24.6299991607666
2009-07-23,25.329999923706055
2009-07-24,25.594999313354492
2009-07-27,25.68000030517578
2009-07-28,25.30500030517578
2009-07-29,24.719999313354492
2009-07-30,25.065000534057617
2009-07-31,25.309999465942383
2009-08-03,25.959999084472656
2009-08-04,25.915000915527344
2009-08-05,25.655000686645508
2009-08-06,25.44499969482422
2009-08-07,25.415000915527344
2009-08-10,25.524999618530273
2009-08-11,25.155000686645508
2009-08-12,25.424999237060547
2009-08-13,25.735000610351562
2009-08-14,25.354999542236328
2009-08-17,24.53499984741211
2009-08-18,24.780000686645508
2009-08-19,25.239999771118164
2009-08-20,25.454999923706055
2009-08-21,26.174999237060547
2009-08-24,26.510000228881836
2009-08-25,26.104999542236328
2009-08-26,26.225000381469727
2009-08-27,26.145000457763672
2009-08-28,26.09000015258789
2009-08-31,25.584999084472656
2009-09-01,25.139999389648438
2009-09-02,24.954999923706055
2009-09-03,25.1299991607666
2009-09-04,25.479999542236328
2009-09-08,26.18000030517578
2009-09-09,26.239999771118164
2009-09-10,26.69499969482422
2009-09-11,26.799999237060547
2009-09-14,27.0
2009-09-15,27.270000457763672
2009-09-16,27.94499969482422
2009-09-17,27.809999465942383
2009-09-18,27.59000015258789
2009-09-21,27.354999542236328
2009-09-22,27.78499984741211
2009-09-23,27.204999923706055
2009-09-24,26.815000534057617
2009-09-25,26.780000686645508
2009-09-28,27.209999084472656
2009-09-29,27.135000228881836
2009-09-30,26.959999084472656
2009-10-01,26.1200008392334
2009-10-02,25.985000610351562
2009-10-05,26.559999465942383
2009-10-06,27.190000534057617
2009-10-07,27.399999618530273
2009-10-08,28.104999542236328
2009-10-09,28.079999923706055
2009-10-12,28.459999084472656
2009-10-13,28.5049991607666
2009-10-14,28.979999542236328
2009-10-15,29.584999084472656
2009-10-16,29.4950008392334
2009-10-19,29.8799991607666
2009-10-20,29.690000534057617
2009-10-21,29.610000610351562
2009-10-22,29.725000381469727
2009-10-23,29.149999618530273
2009-10-26,28.670000076293945
2009-10-27,28.924999237060547
2009-10-28,27.969999313354492
2009-10-29,28.71500015258789
2009-10-30,27.625
2009-11-02,27.799999237060547
2009-11-03,28.15999984741211
2009-11-04,28.135000228881836
2009-11-05,28.614999771118164
2009-11-06,28.540000915527344
2009-11-09,29.084999084472656
2009-11-10,29.104999542236328
2009-11-11,29.094999313354492
2009-11-12,28.454999923706055
2009-11-13,28.635000228881836
2009-11-16,29.385000228881836
2009-11-17,29.334999084472656
2009-11-18,29.219999313354492
2009-11-19,28.565000534057617
2009-11-20,28.299999237060547
2009-11-23,28.665000915527344
2009-11-24,28.829999923706055
2009-11-25,29.05500030517578
2009-11-27,28.510000228881836
2009-11-30,28.40999984741211
2009-12-01,28.78499984741211
2009-12-02,28.614999771118164
2009-12-03,28.155000686645508
2009-12-04,27.950000762939453
2009-12-07,27.885000228881836
2009-12-08,27.40999984741211
2009-12-09,27.40999984741211
2009-12-10,27.75
2009-12-11,27.764999389648438
2009-12-14,28.049999237060547
2009-12-15,28.139999389648438
2009-12-16,28.31999969482422
2009-12-17,28.079999923706055
2009-12-18,28.075000762939453
2009-12-21,28.40999984741211
2009-12-22,28.545000076293945
2009-12-23,28.770000457763672
2009-12-24,28.905000686645508
2009-12-28,28.954999923706055
2009-12-29,28.764999389648438
2009-12-30,28.735000610351562
2009-12-31,28.5049991607666
2010-01-04,29.405000686645508
2010-01-05,29.645000457763672
2010-01-06,30.0
2010-01-07,29.954999923706055
2010-01-08,30.149999618530273
2010-01-11,30.110000610351562
2010-01-12,29.674999237060547
2010-01-13,29.78499984741211
2010-01-14,29.8700008392334
2010-01-15,29.6299991607666
2010-01-19,29.899999618530273
2010-01-20,29.434999465942383
2010-01-21,28.834999084472656
2010-01-22,28.149999618530273
2010-01-25,28.334999084472656
2010-01-26,28.155000686645508
2010-01-27,28.045000076293945
2010-01-28,27.75
2010-01-29,27.25
2010-02-01,28.149999618530273
2010-02-02,28.520000457763672
2010-02-03,28.274999618530273
2010-02-04,27.114999771118164
2010-02-05,27.1200008392334
2010-02-08,26.8700008392334
2010-02-09,27.434999465942383
2010-02-10,27.31999969482422
2010-02-11,27.78499984741211
2010-02-12,27.795000076293945
2010-02-16,28.450000762939453
2010-02-17,28.40999984741211
2010-02-18,28.56999969482422
2010-02-19,28.68000030517578
2010-02-22,28.28499984741211
2010-02-23,27.815000534057617
2010-02-24,27.989999771118164
2010-02-25,28.0049991607666
2010-02-26,28.06999969482422
2010-03-01,28.329999923706055
2010-03-02,28.565000534057617
2010-03-03,28.690000534057617
2010-03-04,28.540000915527344
2010-03-05,29.075000762939453
2010-03-08,29.030000686645508
2010-03-09,29.030000686645508
2010-03-10,29.28499984741211
2010-03-11,29.235000610351562
2010-03-12,29.25
2010-03-15,28.950000762939453
2010-03-16,29.209999084472656
2010-03-17,29.530000686645508
2010-03-18,29.09000015258789
2010-03-19,28.639999389648438
2010-03-22,28.565000534057617
2010-03-23,28.674999237060547
2010-03-24,28.510000228881836
2010-03-25,28.030000686645508
2010-03-26,28.040000915527344
2010-03-29,28.584999084472656
2010-03-30,28.6299991607666
2010-03-31,28.760000228881836
2010-04-01,29.270000457763672
2010-04-05,29.790000915527344
2010-04-06,29.790000915527344
2010-04-07,29.4950008392334
2010-04-08,29.600000381469727
2010-04-09,29.915000915527344
2010-04-12,29.985000610351562
2010-04-13,29.8799991607666
2010-04-14,30.165000915527344
2010-04-15,30.15999984741211
2010-04-16,29.649999618530273
2010-04-19,29.690000534057617
2010-04-20,30.270000457763672
2010-04-21,30.239999771118164
2010-04-22,30.315000534057617
2010-04-23,31.045000076293945
2010-04-26,30.940000534057617
2010-04-27,29.989999771118164
2010-04-28,30.295000076293945
2010-04-29,30.329999923706055
2010-04-30,29.954999923706055
2010-05-03,30.295000076293945
2010-05-04,29.485000610351562
2010-05-05,29.020000457763672
2010-05-06,28.030000686645508
2010-05-07,27.4950008392334
2010-05-10,28.670000076293945
2010-05-11,28.479999542236328
2010-05-12,28.875
2010-05-13,28.690000534057617
2010-05-14,28.1200008392334
2010-05-17,27.829999923706055
2010-05-18,27.614999771118164
2010-05-19,27.299999237060547
2010-05-20,26.079999923706055
2010-05-21,26.53499984741211
2010-05-24,25.93000030517578
2010-05-25,25.989999771118164
2010-05-26,25.934999465942383
2010-05-27,27.03499984741211
2010-05-28,26.524999618530273
2010-06-01,25.264999389648438
2010-06-02,26.360000610351562
2010-06-03,26.71500015258789
2010-06-04,25.774999618530273
2010-06-07,25.549999237060547
2010-06-08,25.975000381469727
2010-06-09,25.704999923706055
2010-06-10,26.9950008392334
2010-06-11,27.15999984741211
2010-06-14,27.020000457763672
2010-06-15,27.809999465942383
2010-06-16,27.790000915527344
2010-06-17,27.760000228881836
2010-06-18,27.80500030517578
2010-06-21,27.7450008392334
2010-06-22,26.934999465942383
2010-06-23,26.729999542236328
2010-06-24,26.170000076293945
2010-06-25,26.2450008392334
2010-06-28,25.889999389648438
2010-06-29,25.03499984741211
2010-06-30,24.84000015258789
2010-07-01,24.75
2010-07-02,24.690000534057617
2010-07-06,24.93000030517578
2010-07-07,25.809999465942383
2010-07-08,26.174999237060547
2010-07-09,26.309999465942383
2010-07-12,26.239999771118164
2010-07-13,26.55500030517578
2010-07-14,26.524999618530273
2010-07-15,26.4950008392334
2010-07-16,25.864999771118164
2010-07-19,26.030000686645508
2010-07-20,26.625
2010-07-21,26.190000534057617
2010-07-22,26.770000457763672
2010-07-23,26.889999389648438
2010-07-26,27.125
2010-07-27,26.9950008392334
2010-07-28,26.934999465942383
2010-07-29,26.975000381469727
2010-07-30,26.920000076293945
2010-08-02,27.860000610351562
2010-08-03,27.850000381469727
2010-08-04,28.065000534057617
2010-08-05,28.155000686645508
2010-08-06,27.81999969482422
2010-08-09,27.934999465942383
2010-08-10,27.704999923706055
2010-08-11,26.8799991607666
2010-08-12,26.719999313354492
2010-08-13,26.674999237060547
2010-08-16,26.670000076293945
2010-08-17,27.114999771118164
2010-08-18,26.854999542236328
2010-08-19,26.420000076293945
2010-08-20,26.094999313354492
2010-08-23,26.104999542236328
2010-08-24,25.700000762939453
2010-08-25,25.6200008392334
2010-08-26,25.389999389648438
2010-08-27,26.049999237060547
2010-08-30,25.670000076293945
2010-08-31,25.600000381469727
2010-09-01,26.55500030517578
2010-09-02,26.774999618530273
2010-09-03,27.100000381469727
2010-09-07,26.69499969482422
2010-09-08,26.924999237060547
2010-09-09,26.979999542236328
2010-09-10,27.260000228881836
2010-09-13,27.479999542236328
2010-09-14,27.385000228881836
2010-09-15,27.329999923706055
2010-09-16,27.204999923706055
2010-09-17,26.94499969482422
2010-09-20,27.399999618530273
2010-09-21,27.420000076293945
2010-09-22,27.219999313354492
2010-09-23,27.049999237060547
2010-09-24,27.635000228881836
2010-09-27,27.530000686645508
2010-09-28,27.725000381469727
2010-09-29,28.020000457763672
2010-09-30,28.030000686645508
2010-10-01,28.405000686645508
2010-10-04,28.049999237060547
2010-10-05,28.709999084472656
2010-10-06,28.96500015258789
2010-10-07,28.81999969482422
2010-10-08,29.18000030517578
2010-10-11,29.260000228881836
2010-10-12,29.21500015258789
2010-10-13,29.56999969482422
2010-10-14,29.524999618530273
2010-10-15,29.604999542236328
2010-10-18,29.684999465942383
2010-10-19,29.094999313354492
2010-10-20,29.469999313354492
2010-10-21,29.454999923706055
2010-10-22,29.649999618530273
2010-10-25,29.729999542236328
2010-10-26,29.790000915527344
2010-10-27,29.665000915527344
2010-10-28,29.600000381469727
2010-10-29,29.6200008392334
2010-11-01,29.655000686645508
2010-11-02,29.979999542236328
2010-11-03,30.045000076293945
2010-11-04,31.0
2010-11-05,31.155000686645508
2010-11-08,31.25
2010-11-09,31.190000534057617
2010-11-10,31.59000015258789
2010-11-11,31.940000534057617
2010-11-12,31.469999313354492
2010-11-15,31.309999465942383
2010-11-16,30.725000381469727
2010-11-17,30.850000381469727
2010-11-18,31.530000686645508
2010-11-19,31.795000076293945
2010-11-22,31.69499969482422
2010-11-23,31.075000762939453
2010-11-24,31.635000228881836
2010-11-26,31.2549991607666
2010-11-29,31.46500015258789
2010-11-30,31.354999542236328
2010-12-01,32.28499984741211
2010-12-02,32.76499938964844
2010-12-03,32.90999984741211
2010-12-06,33.02000045776367
2010-12-07,32.89500045776367
2010-12-08,32.7400016784668
2010-12-09,32.814998626708984
2010-12-10,32.95000076293945
2010-12-13,33.22999954223633
2010-12-14,33.07500076293945
2010-12-15,32.89500045776367
2010-12-16,33.08000183105469
2010-12-17,32.94499969482422
2010-12-20,33.15999984741211
2010-12-21,33.494998931884766
2010-12-22,33.61000061035156
2010-12-23,33.70500183105469
2010-12-27,33.584999084472656
2010-12-28,33.709999084472656
2010-12-29,34.04499816894531
2010-12-30,34.07500076293945
2010-12-31,34.125
2011-01-03,34.380001068115234
2011-01-04,34.084999084472656
2011-01-05,34.220001220703125
2011-01-06,33.89500045776367
2011-01-07,34.13999938964844
2011-01-10,34.005001068115234
2011-01-11,34.56999969482422
2011-01-12,35.04499816894531
2011-01-13,34.94499969482422
2011-01-14,35.32500076293945
2011-01-18,35.54499816894531
2011-01-19,35.1150016784668
2011-01-20,34.8650016784668
2011-01-21,35.04999923706055
2011-01-24,35.18000030517578
2011-01-25,35.08000183105469
2011-01-26,35.91999816894531
2011-01-27,35.709999084472656
2011-01-28,35.55500030517578
2011-01-31,36.57500076293945
2011-02-01,37.16999816894531
2011-02-02,37.13999938964844
2011-02-03,37.15999984741211
2011-02-04,37.064998626708984
2011-02-07,37.279998779296875
2011-02-08,37.154998779296875
2011-02-09,36.685001373291016
2011-02-10,37.060001373291016
2011-02-11,37.05500030517578
2011-02-14,37.869998931884766
2011-02-15,37.474998474121094
2011-02-16,37.974998474121094
2011-02-17,38.349998474121094
2011-02-18,38.5099983215332
2011-02-22,38.1349983215332
2011-02-23,38.90999984741211
2011-02-24,38.36000061035156
2011-02-25,38.970001220703125
2011-02-28,39.27000045776367
2011-03-01,38.53499984741211
2011-03-02,38.755001068115234
2011-03-03,39.41999816894531
2011-03-04,39.16999816894531
2011-03-07,38.89500045776367
2011-03-08,38.57500076293945
2011-03-09,38.310001373291016
2011-03-10,36.915000915527344
2011-03-11,37.55500030517578
2011-03-14,37.7599983215332
2011-03-15,37.474998474121094
2011-03-16,36.875
2011-03-17,38.0
2011-03-18,37.69499969482422
2011-03-21,38.84000015258789
2011-03-22,38.755001068115234
2011-03-23,38.85499954223633
2011-03-24,38.994998931884766
2011-03-25,39.345001220703125
2011-03-28,39.25
2011-03-29,39.72999954223633
2011-03-30,40.005001068115234
2011-03-31,39.875
2011-04-01,39.994998931884766
2011-04-04,40.02000045776367
2011-04-05,40.13999938964844
2011-04-06,39.720001220703125
2011-04-07,39.720001220703125
2011-04-08,39.86000061035156
2011-04-11,39.07500076293945
2011-04-12,37.8650016784668
2011-04-13,38.02000045776367
2011-04-14,38.279998779296875
2011-04-15,38.595001220703125
2011-04-18,38.02000045776367
2011-04-19,38.404998779296875
2011-04-20,39.310001373291016
2011-04-21,39.4900016784668
2011-04-25,39.28499984741211
2011-04-26,39.67499923706055
2011-04-27,39.654998779296875
2011-04-28,39.650001525878906
2011-04-29,40.2400016784668
2011-05-02,39.70500183105469
2011-05-03,38.709999084472656
2011-05-04,38.025001525878906
2011-05-05,37.23500061035156
2011-05-06,37.400001525878906
2011-05-09,38.05500030517578
2011-05-10,38.23500061035156
2011-05-11,37.130001068115234
2011-05-12,37.07500076293945
2011-05-13,36.89500045776367
2011-05-16,36.6150016784668
2011-05-17,36.6150016784668
2011-05-18,37.35499954223633
2011-05-19,37.36000061035156
2011-05-20,37.314998626708984
2011-05-23,36.73500061035156
2011-05-24,37.255001068115234
2011-05-25,37.8849983215332
2011-05-26,38.07500076293945
2011-05-27,38.16999816894531
2011-05-31,38.55500030517578
2011-06-01,37.6349983215332
2011-06-02,37.619998931884766
2011-06-03,37.630001068115234
2011-06-06,36.779998779296875
2011-06-07,36.779998779296875
2011-06-08,36.88999938964844
2011-06-09,37.38999938964844
2011-06-10,36.665000915527344
2011-06-13,36.084999084472656
2011-06-14,36.85499954223633
2011-06-15,36.0099983215332
2011-06-16,36.064998626708984
2011-06-17,35.84000015258789
2011-06-20,35.939998626708984
2011-06-21,36.654998779296875
2011-06-22,36.54999923706055
2011-06-23,36.150001525878906
2011-06-24,35.46500015258789
2011-06-27,35.654998779296875
2011-06-28,36.69499969482422
2011-06-29,37.125
2011-06-30,37.67499923706055
2011-07-01,38.029998779296875
2011-07-05,38.26499938964844
2011-07-06,38.19499969482422
2011-07-07,38.77000045776367
2011-07-08,38.44499969482422
2011-07-11,37.53499984741211
2011-07-12,37.39500045776367
2011-07-13,37.67499923706055
2011-07-14,37.42499923706055
2011-07-15,38.43000030517578
2011-07-18,38.29999923706055
2011-07-19,39.0
2011-07-20,38.900001525878906
2011-07-21,39.665000915527344
2011-07-22,39.8650016784668
2011-07-25,39.70500183105469
2011-07-26,39.51499938964844
2011-07-27,38.77000045776367
2011-07-28,38.61000061035156
2011-07-29,38.224998474121094
2011-08-01,38.16999816894531
2011-08-02,37.10499954223633
2011-08-03,36.89500045776367
2011-08-04,34.3650016784668
2011-08-05,34.03499984741211
2011-08-08,31.139999389648438
2011-08-09,32.724998474121094
2011-08-10,31.594999313354492
2011-08-11,33.23500061035156
2011-08-12,33.47999954223633
2011-08-15,34.61000061035156
2011-08-16,34.03499984741211
2011-08-17,34.16999816894531
2011-08-18,32.189998626708984
2011-08-19,31.6200008392334
2011-08-22,31.364999771118164
2011-08-23,32.779998779296875
2011-08-24,32.974998474121094
2011-08-25,32.279998779296875
2011-08-26,32.904998779296875
2011-08-29,33.8650016784668
2011-08-30,34.064998626708984
2011-08-31,34.31999969482422
2011-09-01,34.060001373291016
2011-09-02,33.11000061035156
2011-09-06,32.75
2011-09-07,33.95000076293945
2011-09-08,33.55500030517578
2011-09-09,32.44499969482422
2011-09-12,32.599998474121094
2011-09-13,32.689998626708984
2011-09-14,33.095001220703125
2011-09-15,33.75
2011-09-16,33.54499816894531
2011-09-19,33.01499938964844
2011-09-20,32.810001373291016
2011-09-21,31.44499969482422
2011-09-22,29.670000076293945
2011-09-23,29.350000381469727
2011-09-26,30.420000076293945
2011-09-27,30.864999771118164
2011-09-28,29.854999542236328
2011-09-29,30.139999389648438
2011-09-30,29.2549991607666
2011-10-03,28.260000228881836
2011-10-04,29.184999465942383
2011-10-05,30.260000228881836
2011-10-06,30.829999923706055
2011-10-07,30.450000762939453
2011-10-10,31.829999923706055
2011-10-11,31.895000457763672
2011-10-12,32.064998626708984
2011-10-13,32.02000045776367
2011-10-14,33.29999923706055
2011-10-17,32.69499969482422
2011-10-18,33.744998931884766
2011-10-19,33.39500045776367
2011-10-20,33.654998779296875
2011-10-21,34.275001525878906
2011-10-24,34.724998474121094
2011-10-25,34.0
2011-10-26,34.73500061035156
2011-10-27,36.275001525878906
2011-10-28,36.52000045776367
2011-10-31,34.85499954223633
2011-11-01,33.72999954223633
2011-11-02,34.744998931884766
2011-11-03,35.65999984741211
2011-11-04,35.630001068115234
2011-11-07,35.82500076293945
2011-11-08,36.40999984741211
2011-11-09,34.79999923706055
2011-11-10,35.404998779296875
2011-11-11,36.130001068115234
2011-11-14,35.654998779296875
2011-11-15,35.6150016784668
2011-11-16,35.08000183105469
2011-11-17,34.279998779296875
2011-11-18,34.07500076293945
2011-11-21,33.46500015258789
2011-11-22,33.150001525878906
2011-11-23,32.14500045776367
2011-11-25,31.915000915527344
2011-11-28,33.11000061035156
2011-11-29,33.584999084472656
2011-11-30,35.435001373291016
2011-12-01,35.2400016784668
2011-12-02,35.209999084472656
2011-12-05,35.64500045776367
2011-12-06,35.63999938964844
2011-12-07,35.29999923706055
2011-12-08,34.314998626708984
2011-12-09,35.095001220703125
2011-12-12,34.275001525878906
2011-12-13,33.95500183105469
2011-12-14,33.0
2011-12-15,32.86000061035156
2011-12-16,33.06999969482422
2011-12-19,32.4900016784668
2011-12-20,33.82500076293945
2011-12-21,34.20000076293945
2011-12-22,34.599998474121094
2011-12-23,34.79999923706055
2011-12-27,34.88999938964844
2011-12-28,34.224998474121094
2011-12-29,34.58000183105469
2011-12-30,34.564998626708984
2012-01-03,35.525001525878906
2012-01-04,35.599998474121094
2012-01-05,35.43000030517578
2012-01-06,35.220001220703125
2012-01-09,35.38999938964844
2012-01-10,35.70500183105469
2012-01-11,35.224998474121094
2012-01-12,34.89500045776367
2012-01-13,34.720001220703125
2012-01-17,34.96500015258789
2012-01-18,35.540000915527344
2012-01-19,35.685001373291016
2012-01-20,35.689998626708984
2012-01-23,35.974998474121094
2012-01-24,35.869998931884766
2012-01-25,36.310001373291016
2012-01-26,35.814998626708984
2012-01-27,35.7400016784668
2012-01-30,35.56999969482422
2012-01-31,35.345001220703125
2012-02-01,35.48500061035156
2012-02-02,35.755001068115234
2012-02-03,36.3849983215332
2012-02-06,36.81999969482422
2012-02-07,37.0099983215332
2012-02-08,36.8849983215332
2012-02-09,36.88999938964844
2012-02-10,36.52000045776367
2012-02-13,36.810001373291016
2012-02-14,36.875
2012-02-15,36.814998626708984
2012-02-16,37.29499816894531
2012-02-17,37.435001373291016
2012-02-21,37.689998626708984
2012-02-22,37.775001525878906
2012-02-23,37.96500015258789
2012-02-24,38.1150016784668
2012-02-27,37.994998931884766
2012-02-28,37.869998931884766
2012-02-29,37.439998626708984
2012-03-01,37.79999923706055
2012-03-02,37.369998931884766
2012-03-05,37.130001068115234
2012-03-06,36.525001525878906
2012-03-07,36.83000183105469
2012-03-08,37.130001068115234
2012-03-09,37.095001220703125
2012-03-12,36.88999938964844
2012-03-13,37.334999084472656
2012-03-14,36.974998474121094
2012-03-15,37.03499984741211
2012-03-16,37.400001525878906
2012-03-19,37.56999969482422
2012-03-20,37.005001068115234
2012-03-21,36.564998626708984
2012-03-22,35.7400016784668
2012-03-23,36.130001068115234
2012-03-26,36.400001525878906
2012-03-27,36.03499984741211
2012-03-28,35.584999084472656
2012-03-29,35.584999084472656
2012-03-30,35.875
2012-04-02,36.224998474121094
2012-04-03,35.90999984741211
2012-04-04,35.45000076293945
2012-04-05,35.25
2012-04-09,34.80500030517578
2012-04-10,34.119998931884766
2012-04-11,34.130001068115234
2012-04-12,34.875
2012-04-13,34.349998474121094
2012-04-16,34.119998931884766
2012-04-17,34.67499923706055
2012-04-18,34.60499954223633
2012-04-19,34.560001373291016
2012-04-20,34.47999954223633
2012-04-23,34.44499969482422
2012-04-24,34.70000076293945
2012-04-25,35.04499816894531
2012-04-26,35.415000915527344
2012-04-27,35.400001525878906
2012-04-30,35.619998931884766
2012-05-01,36.130001068115234
2012-05-02,35.540000915527344
2012-05-03,34.95000076293945
2012-05-04,34.150001525878906
2012-05-07,34.04999923706055
2012-05-08,33.939998626708984
2012-05-09,33.775001525878906
2012-05-10,33.91999816894531
2012-05-11,33.66999816894531
2012-05-14,33.11000061035156
2012-05-15,32.560001373291016
2012-05-16,32.375
2012-05-17,32.16999816894531
2012-05-18,31.969999313354492
2012-05-21,32.70500183105469
2012-05-22,32.625
2012-05-23,32.744998931884766
2012-05-24,32.720001220703125
2012-05-25,32.564998626708984
2012-05-29,33.11000061035156
2012-05-30,32.095001220703125
2012-05-31,31.815000534057617
2012-06-01,31.020000457763672
2012-06-04,30.9950008392334
2012-06-05,31.260000228881836
2012-06-06,32.224998474121094
2012-06-07,32.244998931884766
2012-06-08,32.25
2012-06-11,31.809999465942383
2012-06-12,32.2599983215332
2012-06-13,31.850000381469727
2012-06-14,32.349998474121094
2012-06-15,32.810001373291016
2012-06-18,32.51499938964844
2012-06-19,32.98500061035156
2012-06-20,32.85499954223633
2012-06-21,31.510000228881836
2012-06-22,31.719999313354492
2012-06-25,31.010000228881836
2012-06-26,31.344999313354492
2012-06-27,31.9950008392334
2012-06-28,32.21500015258789
2012-06-29,33.185001373291016
2012-07-02,33.20000076293945
2012-07-03,33.994998931884766
2012-07-05,33.54999923706055
2012-07-06,33.14500045776367
2012-07-09,32.994998931884766
2012-07-10,32.47999954223633
2012-07-11,32.91999816894531
2012-07-12,32.810001373291016
2012-07-13,33.3849983215332
2012-07-16,33.494998931884766
2012-07-17,33.915000915527344
2012-07-18,34.209999084472656
2012-07-19,34.314998626708984
2012-07-20,34.39500045776367
2012-07-23,34.064998626708984
2012-07-24,33.52000045776367
2012-07-25,33.54499816894531
2012-07-26,34.5
2012-07-27,35.11000061035156
2012-07-30,35.209999084472656
2012-07-31,34.82500076293945
2012-08-01,34.994998931884766
2012-08-02,34.40999984741211
2012-08-03,35.220001220703125
2012-08-06,35.314998626708984
2012-08-07,35.845001220703125
2012-08-08,35.875
2012-08-09,36.119998931884766
2012-08-10,36.185001373291016
2012-08-13,36.04999923706055
2012-08-14,35.98500061035156
2012-08-15,35.97999954223633
2012-08-16,36.29999923706055
2012-08-17,36.28499984741211
2012-08-20,36.15999984741211
2012-08-21,36.04499816894531
2012-08-22,36.18000030517578
2012-08-23,35.779998779296875
2012-08-24,35.9900016784668
2012-08-27,36.005001068115234
2012-08-28,36.029998779296875
2012-08-29,35.790000915527344
2012-08-30,35.40999984741211
2012-08-31,35.76499938964844
2012-09-04,35.4900016784668
2012-09-05,35.35499954223633
2012-09-06,36.099998474121094
2012-09-07,36.724998474121094
2012-09-10,36.564998626708984
2012-09-11,36.95500183105469
2012-09-12,37.18000030517578
2012-09-13,37.78499984741211
2012-09-14,38.28499984741211
2012-09-17,37.994998931884766
2012-09-18,37.724998474121094
2012-09-19,37.36000061035156
2012-09-20,37.46500015258789
2012-09-21,37.34000015258789
2012-09-24,37.150001525878906
2012-09-25,36.744998931884766
2012-09-26,36.39500045776367
2012-09-27,36.88999938964844
2012-09-28,36.71500015258789
2012-10-01,36.900001525878906
2012-10-02,36.96500015258789
2012-10-03,36.5099983215332
2012-10-04,36.875
2012-10-05,36.790000915527344
2012-10-08,36.849998474121094
2012-10-09,36.900001525878906
2012-10-10,36.209999084472656
2012-10-11,36.47999954223633
2012-10-12,36.279998779296875
2012-10-15,36.46500015258789
2012-10-16,37.04499816894531
2012-10-17,37.5099983215332
2012-10-18,37.505001068115234
2012-10-19,36.915000915527344
2012-10-22,36.72999954223633
2012-10-23,35.875
2012-10-24,35.599998474121094
2012-10-25,35.935001373291016
2012-10-26,35.97999954223633
2012-10-31,35.970001220703125
2012-11-01,36.125
2012-11-02,35.529998779296875
2012-11-05,35.79999923706055
2012-11-06,36.375
2012-11-07,35.42499923706055
2012-11-08,34.78499984741211
2012-11-09,34.775001525878906
2012-11-12,34.845001220703125
2012-11-13,34.70000076293945
2012-11-14,34.279998779296875
2012-11-15,34.32500076293945
2012-11-16,34.459999084472656
2012-11-19,35.255001068115234
2012-11-20,35.1150016784668
2012-11-21,35.30500030517578
2012-11-23,35.80500030517578
2012-11-26,35.45500183105469
2012-11-27,35.15999984741211
2012-11-28,35.47999954223633
2012-11-29,35.560001373291016
2012-11-30,35.529998779296875
2012-12-03,35.334999084472656
2012-12-04,35.20500183105469
2012-12-05,35.45000076293945
2012-12-06,35.564998626708984
2012-12-07,35.779998779296875
2012-12-10,35.7400016784668
2012-12-11,35.95000076293945
2012-12-12,36.08000183105469
2012-12-13,35.744998931884766
2012-12-14,35.61000061035156
2012-12-17,35.935001373291016
2012-12-18,36.595001220703125
2012-12-19,36.345001220703125
2012-12-20,36.59000015258789
2012-12-21,36.03499984741211
2012-12-24,35.7599983215332
2012-12-26,35.599998474121094
2012-12-27,35.53499984741211
2012-12-28,34.915000915527344
2012-12-31,35.709999084472656
2013-01-02,36.5
2013-01-03,36.4900016784668
2013-01-04,36.89500045776367
2013-01-07,36.61000061035156
2013-01-08,36.4900016784668
2013-01-09,36.43000030517578
2013-01-10,36.7599983215332
2013-01-11,36.80500030517578
2013-01-14,36.810001373291016
2013-01-15,36.974998474121094
2013-01-16,37.13999938964844
2013-01-17,37.375
2013-01-18,37.744998931884766
2013-01-22,38.10499954223633
2013-01-23,37.974998474121094
2013-01-24,38.084999084472656
2013-01-25,38.44499969482422
2013-01-28,38.380001068115234
2013-01-29,39.0
2013-01-30,38.80500030517578
2013-01-31,38.67499923706055
2013-02-01,39.03499984741211
2013-02-04,38.665000915527344
2013-02-05,39.0
2013-02-06,39.025001525878906
2013-02-07,38.92499923706055
2013-02-08,39.290000915527344
2013-02-11,39.095001220703125
2013-02-12,39.20000076293945
2013-02-13,39.34000015258789
2013-02-14,39.68000030517578
2013-02-15,39.224998474121094
2013-02-19,39.68000030517578
2013-02-20,38.849998474121094
2013-02-21,38.58000183105469
2013-02-22,38.98500061035156
2013-02-25,37.96500015258789
2013-02-26,38.34000015258789
2013-02-27,38.92499923706055
2013-02-28,38.845001220703125
2013-03-01,38.89500045776367
2013-03-04,38.810001373291016
2013-03-05,39.060001373291016
2013-03-06,39.10499954223633
2013-03-07,39.30500030517578
2013-03-08,39.494998931884766
2013-03-11,39.51499938964844
2013-03-12,39.560001373291016
2013-03-13,39.470001220703125
2013-03-14,40.0099983215332
2013-03-15,39.79999923706055
2013-03-18,39.47999954223633
2013-03-19,39.04499816894531
2013-03-20,39.26499938964844
2013-03-21,39.064998626708984
2013-03-22,39.375
2013-03-25,39.224998474121094
2013-03-26,39.63999938964844
2013-03-27,39.77000045776367
2013-03-28,39.654998779296875
2013-04-01,39.57500076293945
2013-04-02,39.349998474121094
2013-04-03,38.6150016784668
2013-04-04,38.564998626708984
2013-04-05,38.650001525878906
2013-04-08,38.90999984741211
2013-04-09,39.2400016784668
2013-04-10,39.45000076293945
2013-04-11,39.619998931884766
2013-04-12,39.0
2013-04-15,37.40999984741211
2013-04-16,37.869998931884766
2013-04-17,37.040000915527344
2013-04-18,37.35499954223633
2013-04-19,37.279998779296875
2013-04-22,37.68000030517578
2013-04-23,38.1150016784668
2013-04-24,38.625
2013-04-25,38.654998779296875
2013-04-26,38.59000015258789
2013-04-29,38.97999954223633
2013-04-30,39.1349983215332
2013-05-01,38.525001525878906
2013-05-02,39.029998779296875
2013-05-03,39.73500061035156
2013-05-06,40.005001068115234
2013-05-07,40.314998626708984
2013-05-08,40.380001068115234
2013-05-09,40.345001220703125
2013-05-10,40.1349983215332
2013-05-13,40.130001068115234
2013-05-14,40.70000076293945
2013-05-15,40.584999084472656
2013-05-16,40.3849983215332
2013-05-17,41.060001373291016
2013-05-20,41.63999938964844
2013-05-21,41.55500030517578
2013-05-22,41.07500076293945
2013-05-23,41.095001220703125
2013-05-24,40.85499954223633
2013-05-28,41.28499984741211
2013-05-29,41.19499969482422
2013-05-30,41.099998474121094
2013-05-31,40.25
2013-06-03,40.63999938964844
2013-06-04,40.31999969482422
2013-06-05,39.849998474121094
2013-06-06,40.150001525878906
2013-06-07,40.654998779296875
2013-06-10,40.540000915527344
2013-06-11,39.92499923706055
2013-06-12,39.68000030517578
2013-06-13,40.345001220703125
2013-06-14,39.95500183105469
2013-06-17,40.529998779296875
2013-06-18,40.7599983215332
2013-06-19,40.3849983215332
2013-06-20,39.20500183105469
2013-06-21,39.084999084472656
2013-06-24,38.505001068115234
2013-06-25,39.0
2013-06-26,39.2400016784668
2013-06-27,39.314998626708984
2013-06-28,39.150001525878906
2013-07-01,39.43000030517578
2013-07-02,39.51499938964844
2013-07-03,39.4900016784668
2013-07-05,39.97999954223633
2013-07-08,40.2400016784668
2013-07-09,40.650001525878906
2013-07-10,40.400001525878906
2013-07-11,40.724998474121094
2013-07-12,40.95500183105469
2013-07-15,40.91999816894531
2013-07-16,40.66999816894531
2013-07-17,40.849998474121094
2013-07-18,41.28499984741211
2013-07-19,41.86000061035156
2013-07-22,41.724998474121094
2013-07-23,41.79499816894531
2013-07-24,41.33000183105469
2013-07-25,41.60499954223633
2013-07-26,41.5
2013-07-29,41.154998779296875
2013-07-30,41.07500076293945
2013-07-31,41.209999084472656
2013-08-01,41.880001068115234
2013-08-02,41.69499969482422
2013-08-05,41.595001220703125
2013-08-06,41.34000015258789
2013-08-07,41.19499969482422
2013-08-08,41.41999816894531
2013-08-09,41.29499816894531
2013-08-12,41.119998931884766
2013-08-13,41.19499969482422
2013-08-14,41.005001068115234
2013-08-15,40.779998779296875
2013-08-16,40.6150016784668
2013-08-19,39.970001220703125
2013-08-20,40.21500015258789
2013-08-21,39.994998931884766
2013-08-22,40.59000015258789
2013-08-23,40.880001068115234
2013-08-26,40.810001373291016
2013-08-27,40.55500030517578
2013-08-28,41.22999954223633
2013-08-29,40.79999923706055
2013-08-30,40.78499984741211
2013-09-03,41.084999084472656
2013-09-04,41.30500030517578
2013-09-05,41.44499969482422
2013-09-06,41.439998626708984
2013-09-09,41.904998779296875
2013-09-10,41.91999816894531
2013-09-11,42.2400016784668
2013-09-12,41.9900016784668
2013-09-13,41.974998474121094
2013-09-16,41.96500015258789
2013-09-17,42.154998779296875
2013-09-18,42.665000915527344
2013-09-19,42.560001373291016
2013-09-20,42.02000045776367
2013-09-23,41.814998626708984
2013-09-24,41.85499954223633
2013-09-25,41.845001220703125
2013-09-26,41.91999816894531
2013-09-27,41.775001525878906
2013-09-30,41.45500183105469
2013-10-01,41.720001220703125
2013-10-02,41.814998626708984
2013-10-03,41.45000076293945
2013-10-04,41.869998931884766
2013-10-07,41.525001525878906
2013-10-08,41.08000183105469
2013-10-09,40.935001373291016
2013-10-10,41.69499969482422
2013-10-11,42.14500045776367
2013-10-14,42.43000030517578
2013-10-15,42.275001525878906
2013-10-16,42.90999984741211
2013-10-17,43.0
2013-10-18,43.470001220703125
2013-10-21,43.275001525878906
2013-10-22,43.51499938964844
2013-10-23,42.834999084472656
2013-10-24,43.040000915527344
2013-10-25,43.29999923706055
2013-10-28,43.334999084472656
2013-10-29,43.63999938964844
2013-10-30,43.345001220703125
2013-10-31,43.19499969482422
2013-11-01,43.040000915527344
2013-11-04,43.57500076293945
2013-11-05,43.18000030517578
2013-11-06,43.310001373291016
2013-11-07,42.63999938964844
2013-11-08,43.275001525878906
2013-11-11,43.35499954223633
2013-11-12,42.95500183105469
2013-11-13,43.33000183105469
2013-11-14,43.59000015258789
2013-11-15,43.83000183105469
2013-11-18,43.494998931884766
2013-11-19,43.56999969482422
2013-11-20,43.46500015258789
2013-11-21,43.880001068115234
2013-11-22,44.1150016784668
2013-11-25,43.71500015258789
2013-11-26,43.60499954223633
2013-11-27,43.310001373291016
2013-11-29,43.220001220703125
2013-12-02,43.25
2013-12-03,43.35499954223633
2013-12-04,43.21500015258789
2013-12-05,43.06999969482422
2013-12-06,43.20500183105469
2013-12-09,43.26499938964844
2013-12-10,43.1349983215332
2013-12-11,42.525001525878906
2013-12-12,42.70500183105469
2013-12-13,42.564998626708984
2013-12-16,42.935001373291016
2013-12-17,42.689998626708984
2013-12-18,43.334999084472656
2013-12-19,43.459999084472656
2013-12-20,43.334999084472656
2013-12-23,43.380001068115234
2013-12-24,43.619998931884766
2013-12-26,43.93000030517578
2013-12-27,44.14500045776367
2013-12-30,43.83000183105469
2013-12-31,44.255001068115234
2014-01-02,43.625
2014-01-03,43.46500015258789
2014-01-06,43.525001525878906
2014-01-07,43.85499954223633
2014-01-08,43.54999923706055
2014-01-09,43.415000915527344
2014-01-10,43.45000076293945
2014-01-13,42.584999084472656
2014-01-14,43.13999938964844
2014-01-15,43.01499938964844
2014-01-16,43.07500076293945
2014-01-17,43.005001068115234
2014-01-21,43.36000061035156
2014-01-22,43.560001373291016
2014-01-23,43.064998626708984
2014-01-24,42.165000915527344
2014-01-27,42.01499938964844
2014-01-28,42.334999084472656
2014-01-29,42.099998474121094
2014-01-30,42.23500061035156
2014-01-31,41.689998626708984
2014-02-03,40.94499969482422
2014-02-04,41.3650016784668
2014-02-05,40.959999084472656
2014-02-06,41.56999969482422
2014-02-07,42.02000045776367
2014-02-10,41.814998626708984
2014-02-11,42.36000061035156
2014-02-12,42.2599983215332
2014-02-13,42.459999084472656
2014-02-14,43.01499938964844
2014-02-18,43.209999084472656
2014-02-19,43.26499938964844
2014-02-20,43.54999923706055
2014-02-21,43.20500183105469
2014-02-24,43.85499954223633
2014-02-25,43.834999084472656
2014-02-26,43.560001373291016
2014-02-27,43.60499954223633
2014-02-28,43.82500076293945
2014-03-03,43.54499816894531
2014-03-04,44.02000045776367
2014-03-05,43.61000061035156
2014-03-06,43.92499923706055
2014-03-07,44.0099983215332
2014-03-10,44.08000183105469
2014-03-11,43.58000183105469
2014-03-12,43.584999084472656
2014-03-13,43.150001525878906
2014-03-14,43.189998626708984
2014-03-17,43.41999816894531
2014-03-18,43.78499984741211
2014-03-19,43.45500183105469
2014-03-20,43.625
2014-03-21,43.529998779296875
2014-03-24,43.439998626708984
2014-03-25,43.83000183105469
2014-03-26,43.625
2014-03-27,43.97999954223633
2014-03-28,44.529998779296875
2014-03-31,44.529998779296875
2014-04-01,44.79499816894531
2014-04-02,44.95500183105469
2014-04-03,45.244998931884766
2014-04-04,45.08000183105469
2014-04-07,44.32500076293945
2014-04-08,44.77000045776367
2014-04-09,44.974998474121094
2014-04-10,44.349998474121094
2014-04-11,44.224998474121094
2014-04-14,44.83000183105469
2014-04-15,45.43000030517578
2014-04-16,45.974998474121094
2014-04-17,46.39500045776367
2014-04-21,46.709999084472656
2014-04-22,46.6349983215332
2014-04-23,46.880001068115234
2014-04-24,46.89500045776367
2014-04-25,46.6150016784668
2014-04-28,46.69499969482422
2014-04-29,46.90999984741211
2014-04-30,46.869998931884766
2014-05-01,46.76499938964844
2014-05-02,46.86000061035156
2014-05-05,47.08000183105469
2014-05-06,47.150001525878906
2014-05-07,47.560001373291016
2014-05-08,46.880001068115234
2014-05-09,46.834999084472656
2014-05-12,47.165000915527344
2014-05-13,47.34000015258789
2014-05-14,47.36000061035156
2014-05-15,46.81999969482422
2014-05-16,46.70000076293945
2014-05-19,46.845001220703125
2014-05-20,46.709999084472656
2014-05-21,47.21500015258789
2014-05-22,47.16999816894531
2014-05-23,47.07500076293945
2014-05-27,47.20500183105469
2014-05-28,47.28499984741211
2014-05-29,47.689998626708984
2014-05-30,47.654998779296875
2014-06-02,47.595001220703125
2014-06-03,47.7599983215332
2014-06-04,47.73500061035156
2014-06-05,48.0099983215332
2014-06-06,48.404998779296875
2014-06-09,48.47999954223633
2014-06-10,48.400001525878906
2014-06-11,48.584999084472656
2014-06-12,48.744998931884766
2014-06-13,49.209999084472656
2014-06-16,49.505001068115234
2014-06-17,49.470001220703125
2014-06-18,49.845001220703125
2014-06-19,50.20000076293945
2014-06-20,50.46500015258789
2014-06-23,50.64500045776367
2014-06-24,49.58000183105469
2014-06-25,49.95500183105469
2014-06-26,50.0099983215332
2014-06-27,50.0099983215332
2014-06-30,50.04999923706055
2014-07-01,50.08000183105469
2014-07-02,50.005001068115234
2014-07-03,50.19499969482422
2014-07-07,49.810001373291016
2014-07-08,49.72999954223633
2014-07-09,50.060001373291016
2014-07-10,49.58000183105469
2014-07-11,49.20000076293945
2014-07-14,49.625
2014-07-15,49.40999984741211
2014-07-16,50.15999984741211
2014-07-17,49.349998474121094
2014-07-18,49.494998931884766
2014-07-21,49.56999969482422
2014-07-22,49.92499923706055
2014-07-23,50.244998931884766
2014-07-24,50.290000915527344
2014-07-25,49.91999816894531
2014-07-28,49.79999923706055
2014-07-29,49.67499923706055
2014-07-30,49.380001068115234
2014-07-31,48.314998626708984
2014-08-01,47.92499923706055
2014-08-04,48.72999954223633
2014-08-05,47.665000915527344
2014-08-06,47.80500030517578
2014-08-07,47.505001068115234
2014-08-08,48.29999923706055
2014-08-11,48.30500030517578
2014-08-12,47.95000076293945
2014-08-13,48.10499954223633
2014-08-14,47.83000183105469
2014-08-15,48.185001373291016
2014-08-18,48.314998626708984
2014-08-19,48.685001373291016
2014-08-20,48.790000915527344
2014-08-21,48.83000183105469
2014-08-22,48.505001068115234
2014-08-25,48.935001373291016
2014-08-26,49.185001373291016
2014-08-27,49.084999084472656
2014-08-28,49.095001220703125
2014-08-29,49.369998931884766
2014-09-02,48.744998931884766
2014-09-03,48.875
2014-09-04,48.21500015258789
2014-09-05,48.540000915527344
2014-09-08,47.78499984741211
2014-09-09,47.57500076293945
2014-09-10,47.459999084472656
2014-09-11,47.4900016784668
2014-09-12,46.779998779296875
2014-09-15,47.11000061035156
2014-09-16,47.68000030517578
2014-09-17,47.41999816894531
2014-09-18,47.17499923706055
2014-09-19,46.89500045776367
2014-09-22,46.20500183105469
2014-09-23,46.06999969482422
2014-09-24,46.11000061035156
2014-09-25,45.404998779296875
2014-09-26,45.9900016784668
2014-09-29,45.8849983215332
2014-09-30,45.310001373291016
2014-10-01,44.3849983215332
2014-10-02,44.154998779296875
2014-10-03,44.084999084472656
2014-10-06,44.1349983215332
2014-10-07,43.560001373291016
2014-10-08,43.98500061035156
2014-10-09,42.369998931884766
2014-10-10,41.775001525878906
2014-10-13,40.48500061035156
2014-10-14,39.974998474121094
2014-10-15,40.279998779296875
2014-10-16,41.0
2014-10-17,41.349998474121094
2014-10-20,41.709999084472656
2014-10-21,42.97999954223633
2014-10-22,42.165000915527344
2014-10-23,42.95000076293945
2014-10-24,42.79999923706055
2014-10-27,41.900001525878906
2014-10-28,42.85499954223633
2014-10-29,42.994998931884766
2014-10-30,42.84000015258789
2014-10-31,43.709999084472656
2014-11-03,43.02000045776367
2014-11-04,42.1349983215332
2014-11-05,42.875
2014-11-06,43.415000915527344
2014-11-07,43.89500045776367
2014-11-10,43.5
2014-11-11,43.630001068115234
2014-11-12,43.244998931884766
2014-11-13,42.66999816894531
2014-11-14,43.10499954223633
2014-11-17,42.880001068115234
2014-11-18,42.915000915527344
2014-11-19,43.13999938964844
2014-11-20,43.68000030517578
2014-11-21,44.25
2014-11-24,43.90999984741211
2014-11-25,43.19499969482422
2014-11-26,42.650001525878906
2014-11-28,39.90999984741211
2014-12-01,40.04999923706055
2014-12-02,40.48500061035156
2014-12-03,40.97999954223633
2014-12-04,40.625
2014-12-05,40.13999938964844
2014-12-08,38.51499938964844
2014-12-09,38.935001373291016
2014-12-10,37.73500061035156
2014-12-11,37.709999084472656
2014-12-12,37.0099983215332
2014-12-15,36.68000030517578
2014-12-16,37.005001068115234
2014-12-17,38.540000915527344
2014-12-18,39.279998779296875
2014-12-19,40.28499984741211
2014-12-22,39.875
2014-12-23,40.36000061035156
2014-12-24,40.064998626708984
2014-12-26,40.05500030517578
2014-12-29,40.20000076293945
2014-12-30,39.880001068115234
2014-12-31,39.58000183105469
2015-01-02,39.76499938964844
2015-01-05,38.119998931884766
2015-01-06,37.560001373291016
2015-01-07,37.63999938964844
2015-01-08,38.48500061035156
2015-01-09,38.18000030517578
2015-01-12,37.08000183105469
2015-01-13,36.78499984741211
2015-01-14,36.900001525878906
2015-01-15,36.43000030517578
2015-01-16,37.6150016784668
2015-01-20,37.65999984741211
2015-01-21,38.42499923706055
2015-01-22,38.60499954223633
2015-01-23,38.33000183105469
2015-01-26,38.880001068115234
2015-01-27,38.85499954223633
2015-01-28,37.32500076293945
2015-01-29,37.45000076293945
2015-01-30,37.775001525878906
2015-02-02,38.93000030517578
2015-02-03,39.994998931884766
2015-02-04,39.334999084472656
2015-02-05,39.900001525878906
2015-02-06,39.90999984741211
2015-02-09,39.95000076293945
2015-02-10,39.93000030517578
2015-02-11,39.650001525878906
2015-02-12,40.16999816894531
2015-02-13,41.02000045776367
2015-02-17,41.14500045776367
2015-02-18,40.654998779296875
2015-02-19,40.46500015258789
2015-02-20,40.27000045776367
2015-02-23,40.10499954223633
2015-02-24,40.21500015258789
2015-02-25,40.435001373291016
2015-02-26,39.685001373291016
2015-02-27,39.5099983215332
2015-03-02,39.23500061035156
2015-03-03,39.380001068115234
2015-03-04,39.32500076293945
2015-03-05,39.09000015258789
2015-03-06,38.38999938964844
2015-03-09,38.1150016784668
2015-03-10,37.584999084472656
2015-03-11,37.69499969482422
2015-03-12,37.45500183105469
2015-03-13,37.314998626708984
2015-03-16,37.81999969482422
2015-03-17,37.67499923706055
2015-03-18,38.77000045776367
2015-03-19,38.154998779296875
2015-03-20,38.45500183105469
2015-03-23,38.31999969482422
2015-03-24,38.064998626708984
2015-03-25,38.560001373291016
2015-03-26,38.51499938964844
2015-03-27,38.20000076293945
2015-03-30,39.02000045776367
2015-03-31,38.790000915527344
2015-04-01,38.779998779296875
2015-04-02,38.86000061035156
2015-04-06,39.560001373291016
2015-04-07,39.584999084472656
2015-04-08,39.26499938964844
2015-04-09,39.89500045776367
2015-04-10,40.06999969482422
2015-04-13,39.66999816894531
2015-04-14,40.3849983215332
2015-04-15,41.349998474121094
2015-04-16,41.255001068115234
2015-04-17,40.95500183105469
2015-04-20,41.11000061035156
2015-04-21,40.67499923706055
2015-04-22,40.94499969482422
2015-04-23,41.224998474121094
2015-04-24,40.9900016784668
2015-04-27,40.94499969482422
2015-04-28,41.150001525878906
2015-04-29,41.470001220703125
2015-04-30,41.34000015258789
2015-05-01,41.435001373291016
2015-05-04,41.33000183105469
2015-05-05,40.81999969482422
2015-05-06,40.65999984741211
2015-05-07,40.220001220703125
2015-05-08,40.880001068115234
2015-05-11,40.11000061035156
2015-05-12,40.29499816894531
2015-05-13,40.189998626708984
2015-05-14,40.17499923706055
2015-05-15,40.334999084472656
2015-05-18,40.369998931884766
2015-05-19,39.79499816894531
2015-05-20,39.869998931884766
2015-05-21,40.244998931884766
2015-05-22,40.099998474121094
2015-05-26,39.46500015258789
2015-05-27,39.39500045776367
2015-05-28,39.2400016784668
2015-05-29,39.19499969482422
2015-06-01,39.095001220703125
2015-06-02,39.3650016784668
2015-06-03,39.095001220703125
2015-06-04,38.564998626708984
2015-06-05,38.834999084472656
2015-06-08,38.6150016784668
2015-06-09,38.61000061035156
2015-06-10,39.084999084472656
2015-06-11,38.90999984741211
2015-06-12,38.474998474121094
2015-06-15,38.3849983215332
2015-06-16,38.685001373291016
2015-06-17,38.59000015258789
2015-06-18,38.564998626708984
2015-06-19,37.95500183105469
2015-06-22,38.41999816894531
2015-06-23,38.54499816894531
2015-06-24,38.30500030517578
2015-06-25,37.915000915527344
2015-06-26,38.040000915527344
2015-06-29,37.31999969482422
2015-06-30,37.58000183105469
2015-07-01,37.099998474121094
2015-07-02,37.26499938964844
2015-07-06,36.775001525878906
2015-07-07,37.11000061035156
2015-07-08,36.36000061035156
2015-07-09,36.54499816894531
2015-07-10,36.744998931884766
2015-07-13,37.005001068115234
2015-07-14,37.27000045776367
2015-07-15,36.6150016784668
2015-07-16,36.665000915527344
2015-07-17,36.220001220703125
2015-07-20,35.7400016784668
2015-07-21,35.755001068115234
2015-07-22,35.46500015258789
2015-07-23,35.435001373291016
2015-07-24,34.755001068115234
2015-07-27,34.255001068115234
2015-07-28,35.23500061035156
2015-07-29,35.71500015258789
2015-07-30,35.46500015258789
2015-07-31,34.689998626708984
2015-08-03,33.959999084472656
2015-08-04,33.845001220703125
2015-08-05,33.59000015258789
2015-08-06,34.125
2015-08-07,33.51499938964844
2015-08-10,34.584999084472656
2015-08-11,34.650001525878906
2015-08-12,35.279998779296875
2015-08-13,34.744998931884766
2015-08-14,34.66999816894531
2015-08-17,34.744998931884766
2015-08-18,34.6150016784668
2015-08-19,33.65999984741211
2015-08-20,32.900001525878906
2015-08-21,31.75
2015-08-24,30.045000076293945
2015-08-25,29.610000610351562
2015-08-26,30.6299991607666
2015-08-27,32.14500045776367
2015-08-28,32.875
2015-08-31,33.21500015258789
2015-09-01,32.04499816894531
2015-09-02,32.34000015258789
2015-09-03,32.43000030517578
2015-09-04,31.895000457763672
2015-09-08,32.39500045776367
2015-09-09,31.78499984741211
2015-09-10,31.969999313354492
2015-09-11,31.684999465942383
2015-09-14,31.40999984741211
2015-09-15,31.760000228881836
2015-09-16,32.65999984741211
2015-09-17,32.63999938964844
2015-09-18,31.549999237060547
2015-09-21,31.729999542236328
2015-09-22,31.395000457763672
2015-09-23,30.989999771118164
2015-09-24,31.125
2015-09-25,31.184999465942383
2015-09-28,29.940000534057617
2015-09-29,29.895000457763672
2015-09-30,30.600000381469727
2015-10-01,30.65999984741211
2015-10-02,31.924999237060547
2015-10-05,32.88999938964844
2015-10-06,33.619998931884766
2015-10-07,34.04499816894531
2015-10-08,34.69499969482422
2015-10-09,34.470001220703125
2015-10-12,34.025001525878906
2015-10-13,33.66999816894531
2015-10-14,33.959999084472656
2015-10-15,34.56999969482422
2015-10-16,34.6150016784668
2015-10-19,33.93000030517578
2015-10-20,34.025001525878906
2015-10-21,33.60499954223633
2015-10-22,34.209999084472656
2015-10-23,34.130001068115234
2015-10-26,33.29499816894531
2015-10-27,32.89500045776367
2015-10-28,33.625
2015-10-29,33.79499816894531
2015-10-30,34.01499938964844
2015-11-02,34.810001373291016
2015-11-03,35.70000076293945
2015-11-04,35.380001068115234
2015-11-05,35.08000183105469
2015-11-06,34.900001525878906
2015-11-09,34.55500030517578
2015-11-10,34.630001068115234
2015-11-11,33.89500045776367
2015-11-12,33.125
2015-11-13,32.9900016784668
2015-11-16,34.09000015258789
2015-11-17,33.71500015258789
2015-11-18,34.27000045776367
2015-11-19,33.810001373291016
2015-11-20,33.45000076293945
2015-11-23,33.689998626708984
2015-11-24,34.40999984741211
2015-11-25,34.130001068115234
2015-11-27,33.8849983215332
2015-11-30,34.0099983215332
2015-12-01,34.279998779296875
2015-12-02,33.220001220703125
2015-12-03,32.55500030517578
2015-12-04,32.349998474121094
2015-12-07,31.1200008392334
2015-12-08,30.799999237060547
2015-12-09,31.204999923706055
2015-12-10,31.405000686645508
2015-12-11,30.229999542236328
2015-12-14,30.389999389648438
2015-12-15,31.155000686645508
2015-12-16,30.950000762939453
2015-12-17,30.190000534057617
2015-12-18,29.395000457763672
2015-12-21,29.424999237060547
2015-12-22,29.770000457763672
2015-12-23,31.065000534057617
2015-12-24,30.78499984741211
2015-12-28,30.225000381469727
2015-12-29,30.434999465942383
2015-12-30,30.024999618530273
2015-12-31,30.15999984741211
2016-01-04,30.149999618530273
2016-01-05,30.264999389648438
2016-01-06,29.100000381469727
2016-01-07,28.389999389648438
2016-01-08,28.024999618530273
2016-01-11,27.424999237060547
2016-01-12,27.489999771118164
2016-01-13,26.829999923706055
2016-01-14,27.985000610351562
2016-01-15,27.174999237060547
2016-01-19,26.59000015258789
2016-01-20,25.885000228881836
2016-01-21,26.690000534057617
2016-01-22,27.8700008392334
2016-01-25,26.56999969482422
2016-01-26,27.575000762939453
2016-01-27,27.44499969482422
2016-01-28,28.280000686645508
2016-01-29,29.104999542236328
2016-02-01,28.6200008392334
2016-02-02,27.665000915527344
2016-02-03,28.649999618530273
2016-02-04,28.635000228881836
2016-02-05,27.969999313354492
2016-02-08,27.825000762939453
2016-02-09,27.155000686645508
2016-02-10,27.045000076293945
2016-02-11,26.93000030517578
2016-02-12,27.639999389648438
2016-02-16,27.915000915527344
2016-02-17,28.829999923706055
2016-02-18,28.469999313354492
2016-02-19,28.405000686645508
2016-02-22,29.1299991607666
2016-02-23,28.135000228881836
2016-02-24,28.420000076293945
2016-02-25,28.44499969482422
2016-02-26,28.614999771118164
2016-02-29,28.290000915527344
2016-03-01,29.030000686645508
2016-03-02,29.739999771118164
2016-03-03,30.190000534057617
2016-03-04,30.479999542236328
2016-03-07,31.19499969482422
2016-03-08,29.885000228881836
2016-03-09,30.3700008392334
2016-03-10,30.395000457763672
2016-03-11,31.18000030517578
2016-03-14,30.975000381469727
2016-03-15,30.915000915527344
2016-03-16,31.450000762939453
2016-03-17,31.8799991607666
2016-03-18,31.7450008392334
2016-03-21,31.635000228881836
2016-03-22,31.459999084472656
2016-03-23,30.770000457763672
2016-03-24,30.920000076293945
2016-03-28,30.7549991607666
2016-03-29,30.899999618530273
2016-03-30,30.959999084472656
2016-03-31,30.94499969482422
2016-04-01,30.530000686645508
2016-04-04,30.30500030517578
2016-04-05,30.100000381469727
2016-04-06,30.75
2016-04-07,30.56999969482422
2016-04-08,31.184999465942383
2016-04-11,31.05500030517578
2016-04-12,31.979999542236328
2016-04-13,32.130001068115234
2016-04-14,32.20500183105469
2016-04-15,31.770000457763672
2016-04-18,32.29499816894531
2016-04-19,32.939998626708984
2016-04-20,33.23500061035156
2016-04-21,33.040000915527344
2016-04-22,33.52000045776367
2016-04-25,33.14500045776367
2016-04-26,33.67499923706055
2016-04-27,34.314998626708984
2016-04-28,33.80500030517578
2016-04-29,33.75
2016-05-02,33.71500015258789
2016-05-03,32.91999816894531
2016-05-04,32.44499969482422
2016-05-05,32.709999084472656
2016-05-06,32.6349983215332
2016-05-09,32.15999984741211
2016-05-10,32.724998474121094
2016-05-11,32.82500076293945
2016-05-12,32.915000915527344
2016-05-13,32.494998931884766
2016-05-16,33.04499816894531
2016-05-17,33.20000076293945
2016-05-18,32.880001068115234
2016-05-19,32.8849983215332
2016-05-20,33.08000183105469
2016-05-23,32.994998931884766
2016-05-24,33.15999984741211
2016-05-25,33.685001373291016
2016-05-26,33.54499816894531
2016-05-27,33.564998626708984
2016-05-31,33.435001373291016
2016-06-01,33.44499969482422
2016-06-02,33.400001525878906
2016-06-03,33.27000045776367
2016-06-06,34.005001068115234
2016-06-07,34.775001525878906
2016-06-08,34.69499969482422
2016-06-09,34.43000030517578
2016-06-10,33.685001373291016
2016-06-13,33.584999084472656
2016-06-14,33.564998626708984
2016-06-15,33.48500061035156
2016-06-16,33.32500076293945
2016-06-17,33.44499969482422
2016-06-20,33.73500061035156
2016-06-21,34.1349983215332
2016-06-22,33.94499969482422
2016-06-23,34.505001068115234
2016-06-24,33.38999938964844
2016-06-27,32.31999969482422
2016-06-28,33.220001220703125
2016-06-29,33.849998474121094
2016-06-30,34.119998931884766
2016-07-01,34.29999923706055
2016-07-05,33.61000061035156
2016-07-06,33.755001068115234
2016-07-07,33.40999984741211
2016-07-08,33.85499954223633
2016-07-11,33.91999816894531
2016-07-12,34.7599983215332
2016-07-13,34.459999084472656
2016-07-14,34.6349983215332
2016-07-15,34.6150016784668
2016-07-18,34.63999938964844
2016-07-19,34.44499969482422
2016-07-20,34.39500045776367
2016-07-21,34.05500030517578
2016-07-22,34.15999984741211
2016-07-25,33.47999954223633
2016-07-26,33.67499923706055
2016-07-27,33.345001220703125
2016-07-28,33.349998474121094
2016-07-29,33.689998626708984
2016-08-01,32.58000183105469
2016-08-02,32.875
2016-08-03,33.5099983215332
2016-08-04,33.459999084472656
2016-08-05,33.76499938964844
2016-08-08,34.21500015258789
2016-08-09,34.03499984741211
2016-08-10,33.665000915527344
2016-08-11,34.15999984741211
2016-08-12,34.349998474121094
2016-08-15,34.625
2016-08-16,34.68000030517578
2016-08-17,34.78499984741211
2016-08-18,35.5
2016-08-19,35.20500183105469
2016-08-22,34.79999923706055
2016-08-23,35.04499816894531
2016-08-24,34.904998779296875
2016-08-25,34.810001373291016
2016-08-26,34.689998626708984
2016-08-29,34.92499923706055
2016-08-30,34.80500030517578
2016-08-31,34.255001068115234
2016-09-01,34.154998779296875
2016-09-02,34.540000915527344
2016-09-06,35.060001373291016
2016-09-07,35.2599983215332
2016-09-08,35.91999816894531
2016-09-09,34.849998474121094
2016-09-12,35.19499969482422
2016-09-13,34.189998626708984
2016-09-14,33.78499984741211
2016-09-15,34.20500183105469
2016-09-16,33.724998474121094
2016-09-19,33.70500183105469
2016-09-20,33.459999084472656
2016-09-21,34.23500061035156
2016-09-22,34.275001525878906
2016-09-23,33.81999969482422
2016-09-26,33.66999816894531
2016-09-27,33.44499969482422
2016-09-28,34.88999938964844
2016-09-29,34.83000183105469
2016-09-30,35.30500030517578
2016-10-03,35.279998779296875
2016-10-04,34.91999816894531
2016-10-05,35.45500183105469
2016-10-06,35.5099983215332
2016-10-07,35.30500030517578
2016-10-10,35.86000061035156
2016-10-11,35.45000076293945
2016-10-12,35.29999923706055
2016-10-13,35.10499954223633
2016-10-14,34.900001525878906
2016-10-17,34.72999954223633
2016-10-18,34.869998931884766
2016-10-19,35.3650016784668
2016-10-20,35.32500076293945
2016-10-21,35.095001220703125
2016-10-24,34.9900016784668
2016-10-25,34.83000183105469
2016-10-26,34.90999984741211
2016-10-27,34.779998779296875
2016-10-28,34.685001373291016
2016-10-31,34.310001373291016
2016-11-01,34.314998626708984
2016-11-02,33.935001373291016
2016-11-03,34.06999969482422
2016-11-04,33.8849983215332
2016-11-07,34.6150016784668
2016-11-08,34.65999984741211
2016-11-09,35.224998474121094
2016-11-10,35.375
2016-11-11,34.72999954223633
2016-11-14,34.92499923706055
2016-11-15,35.90999984741211
2016-11-16,35.65999984741211
2016-11-17,35.41999816894531
2016-11-18,35.564998626708984
2016-11-21,36.40999984741211
2016-11-22,36.38999938964844
2016-11-23,36.540000915527344
2016-11-25,36.36000061035156
2016-11-28,35.85499954223633
2016-11-29,35.415000915527344
2016-11-30,37.21500015258789
2016-12-01,37.30500030517578
2016-12-02,37.415000915527344
2016-12-05,37.744998931884766
2016-12-06,37.67499923706055
2016-12-07,37.974998474121094
2016-12-08,38.18000030517578
2016-12-09,38.29999923706055
2016-12-12,38.47999954223633
2016-12-13,38.915000915527344
2016-12-14,38.1349983215332
2016-12-15,38.220001220703125
2016-12-16,38.255001068115234
2016-12-19,38.08000183105469
2016-12-20,37.994998931884766
2016-12-21,38.05500030517578
2016-12-22,38.209999084472656
2016-12-23,38.17499923706055
2016-12-27,38.2599983215332
2016-12-28,37.845001220703125
2016-12-29,37.77000045776367
2016-12-30,37.65999984741211
2017-01-03,38.084999084472656
2017-01-04,38.005001068115234
2017-01-05,37.90999984741211
2017-01-06,37.94499969482422
2017-01-09,37.39500045776367
2017-01-10,37.05500030517578
2017-01-11,37.45500183105469
2017-01-12,37.29999923706055
2017-01-13,37.189998626708984
2017-01-17,37.41999816894531
2017-01-18,37.334999084472656
2017-01-19,37.130001068115234
2017-01-20,37.27000045776367
2017-01-23,36.875
2017-01-24,37.279998779296875
2017-01-25,37.474998474121094
2017-01-26,37.505001068115234
2017-01-27,37.1150016784668
2017-01-30,36.435001373291016
2017-01-31,36.45000076293945
2017-02-01,36.18000030517578
2017-02-02,36.3849983215332
2017-02-03,36.70000076293945
2017-02-06,36.38999938964844
2017-02-07,35.875
2017-02-08,35.959999084472656
2017-02-09,36.3650016784668
2017-02-10,36.63999938964844
2017-02-13,36.709999084472656
2017-02-14,36.83000183105469
2017-02-15,36.685001373291016
2017-02-16,36.185001373291016
2017-02-17,35.98500061035156
2017-02-21,36.22999954223633
2017-02-22,35.68000030517578
2017-02-23,35.83000183105469
2017-02-24,35.494998931884766
2017-02-27,35.79999923706055
2017-02-28,35.689998626708984
2017-03-01,36.404998779296875
2017-03-02,36.060001373291016
2017-03-03,35.994998931884766
2017-03-06,36.07500076293945
2017-03-07,35.755001068115234
2017-03-08,34.82500076293945
2017-03-09,35.05500030517578
2017-03-10,35.005001068115234
2017-03-13,35.0099983215332
2017-03-14,34.6150016784668
2017-03-15,35.3849983215332
2017-03-16,35.1349983215332
2017-03-17,34.900001525878906
2017-03-20,34.849998474121094
2017-03-21,34.60499954223633
2017-03-22,34.55500030517578
2017-03-23,34.415000915527344
2017-03-24,34.279998779296875
2017-03-27,34.119998931884766
2017-03-28,34.60499954223633
2017-03-29,35.08000183105469
2017-03-30,35.06999969482422
2017-03-31,34.95000076293945
2017-04-03,34.88999938964844
2017-04-04,35.14500045776367
2017-04-05,35.03499984741211
2017-04-06,35.314998626708984
2017-04-07,35.18000030517578
2017-04-10,35.44499969482422
2017-04-11,35.45000076293945
2017-04-12,35.29999923706055
2017-04-13,34.654998779296875
2017-04-17,34.72999954223633
2017-04-18,34.404998779296875
2017-04-19,33.900001525878906
2017-04-20,34.064998626708984
2017-04-21,33.89500045776367
2017-04-24,34.095001220703125
2017-04-25,34.3849983215332
2017-04-26,34.27000045776367
2017-04-27,33.89500045776367
2017-04-28,33.91999816894531
2017-05-01,33.82500076293945
2017-05-02,33.654998779296875
2017-05-03,33.75
2017-05-04,33.130001068115234
2017-05-05,33.654998779296875
2017-05-08,33.89500045776367
2017-05-09,33.6150016784668
2017-05-10,34.060001373291016
2017-05-11,33.9900016784668
2017-05-12,33.875
2017-05-15,34.13999938964844
2017-05-16,33.970001220703125
2017-05-17,33.6349983215332
2017-05-18,33.625
2017-05-19,34.040000915527344
2017-05-22,33.96500015258789
2017-05-23,34.04499816894531
2017-05-24,33.8650016784668
2017-05-25,33.25
2017-05-26,33.30500030517578
2017-05-30,32.86000061035156
2017-05-31,32.720001220703125
2017-06-01,32.92499923706055
2017-06-02,32.54499816894531
2017-06-05,32.60499954223633
2017-06-06,32.9900016784668
2017-06-07,32.525001525878906
2017-06-08,32.43000030517578
2017-06-09,33.209999084472656
2017-06-12,33.44499969482422
2017-06-13,33.69499969482422
2017-06-14,33.084999084472656
2017-06-15,32.834999084472656
2017-06-16,33.150001525878906
2017-06-19,32.939998626708984
2017-06-20,32.52000045776367
2017-06-21,31.9950008392334
2017-06-22,31.975000381469727
2017-06-23,32.189998626708984
2017-06-26,32.119998931884766
2017-06-27,32.06999969482422
2017-06-28,32.244998931884766
2017-06-29,32.314998626708984
2017-06-30,32.459999084472656
2017-07-03,33.084999084472656
2017-07-05,32.415000915527344
2017-07-06,32.05500030517578
2017-07-07,32.005001068115234
2017-07-10,32.11000061035156
2017-07-11,32.28499984741211
2017-07-12,32.375
2017-07-13,32.505001068115234
2017-07-14,32.70000076293945
2017-07-17,32.65999984741211
2017-07-18,32.505001068115234
2017-07-19,32.97999954223633
2017-07-20,32.880001068115234
2017-07-21,32.55500030517578
2017-07-24,32.494998931884766
2017-07-25,32.904998779296875
2017-07-26,32.939998626708984
2017-07-27,33.275001525878906
2017-07-28,33.23500061035156
2017-07-31,33.310001373291016
2017-08-01,33.30500030517578
2017-08-02,33.18000030517578
2017-08-03,32.71500015258789
2017-08-04,32.81999969482422
2017-08-07,32.56999969482422
2017-08-08,32.494998931884766
2017-08-09,32.525001525878906
2017-08-10,32.18000030517578
2017-08-11,31.969999313354492
2017-08-14,31.875
2017-08-15,31.7549991607666
2017-08-16,31.450000762939453
2017-08-17,31.0049991607666
2017-08-18,31.15999984741211
2017-08-21,31.0
2017-08-22,31.204999923706055
2017-08-23,31.34000015258789
2017-08-24,31.360000610351562
2017-08-25,31.5
2017-08-28,31.360000610351562
2017-08-29,31.31999969482422
2017-08-30,31.334999084472656
2017-08-31,31.485000610351562
2017-09-01,31.790000915527344
2017-09-05,31.96500015258789
2017-09-06,32.48500061035156
2017-09-07,32.54499816894531
2017-09-08,32.20000076293945
2017-09-11,32.505001068115234
2017-09-12,32.70500183105469
2017-09-13,33.1150016784668
2017-09-14,33.275001525878906
2017-09-15,32.91999816894531
2017-09-18,33.060001373291016
2017-09-19,33.19499969482422
2017-09-20,33.41999816894531
2017-09-21,33.43000030517578
2017-09-22,33.599998474121094
2017-09-25,34.084999084472656
2017-09-26,34.06999969482422
2017-09-27,34.21500015258789
2017-09-28,34.244998931884766
2017-09-29,34.2400016784668
2017-10-02,34.22999954223633
2017-10-03,34.19499969482422
2017-10-04,34.16999816894531
2017-10-05,34.32500076293945
2017-10-06,34.03499984741211
2017-10-09,34.10499954223633
2017-10-10,34.1349983215332
2017-10-11,34.21500015258789
2017-10-12,34.09000015258789
2017-10-13,34.06999969482422
2017-10-16,34.14500045776367
2017-10-17,34.165000915527344
2017-10-18,33.92499923706055
2017-10-19,33.81999969482422
2017-10-20,33.8849983215332
2017-10-23,33.709999084472656
2017-10-24,33.775001525878906
2017-10-25,33.540000915527344
2017-10-26,33.61000061035156
2017-10-27,33.66999816894531
2017-10-30,33.845001220703125
2017-10-31,33.95500183105469
2017-11-01,34.34000015258789
2017-11-02,34.2400016784668
2017-11-03,34.34000015258789
2017-11-06,35.125
2017-11-07,35.08000183105469
2017-11-08,34.90999984741211
2017-11-09,35.01499938964844
2017-11-10,34.83000183105469
2017-11-13,34.630001068115234
2017-11-14,34.06999969482422
2017-11-15,33.685001373291016
2017-11-16,33.54999923706055
2017-11-17,33.71500015258789
2017-11-20,33.6349983215332
2017-11-21,33.709999084472656
2017-11-22,33.845001220703125
2017-11-24,33.939998626708984
2017-11-27,33.595001220703125
2017-11-28,33.85499954223633
2017-11-29,34.040000915527344
2017-11-30,34.54999923706055
2017-12-01,34.84000015258789
2017-12-04,34.82500076293945
2017-12-05,34.67499923706055
2017-12-06,34.224998474121094
2017-12-07,34.32500076293945
2017-12-08,34.63999938964844
2017-12-11,34.88999938964844
2017-12-12,34.79499816894531
2017-12-13,34.744998931884766
2017-12-14,34.619998931884766
2017-12-15,34.36000061035156
2017-12-18,34.625
2017-12-19,34.67499923706055
2017-12-20,35.165000915527344
2017-12-21,35.90999984741211
2017-12-22,35.98500061035156
2017-12-26,36.29999923706055
2017-12-27,36.18000030517578
2017-12-28,36.23500061035156
2017-12-29,36.130001068115234
2018-01-02,36.724998474121094
2018-01-03,37.275001525878906
2018-01-04,37.5
2018-01-05,37.48500061035156
2018-01-08,37.709999084472656
2018-01-09,37.6150016784668
2018-01-10,37.56999969482422
2018-01-11,38.34000015258789
2018-01-12,38.709999084472656
2018-01-16,38.220001220703125
2018-01-17,38.55500030517578
2018-01-18,38.2400016784668
2018-01-19,38.189998626708984
2018-01-22,39.01499938964844
2018-01-23,38.95500183105469
2018-01-24,38.849998474121094
2018-01-25,38.54499816894531
2018-01-26,38.755001068115234
2018-01-29,38.16999816894531
2018-01-30,37.400001525878906
2018-01-31,37.42499923706055
2018-02-01,37.810001373291016
2018-02-02,36.22999954223633
2018-02-05,34.709999084472656
2018-02-06,34.98500061035156
2018-02-07,34.400001525878906
2018-02-08,33.36000061035156
2018-02-09,33.334999084472656
2018-02-12,33.880001068115234
2018-02-13,33.7400016784668
2018-02-14,34.22999954223633
2018-02-15,34.14500045776367
2018-02-16,34.060001373291016
2018-02-20,33.875
2018-02-21,33.30500030517578
2018-02-22,33.66999816894531
2018-02-23,34.400001525878906
2018-02-26,34.60499954223633
2018-02-27,34.154998779296875
2018-02-28,33.369998931884766
2018-03-01,33.31999969482422
2018-03-02,33.474998474121094
2018-03-05,33.83000183105469
2018-03-06,33.849998474121094
2018-03-07,33.595001220703125
2018-03-08,33.584999084472656
2018-03-09,34.224998474121094
2018-03-12,34.21500015258789
2018-03-13,33.970001220703125
2018-03-14,33.77000045776367
2018-03-15,33.595001220703125
2018-03-16,33.654998779296875
2018-03-19,33.1349983215332
2018-03-20,33.415000915527344
2018-03-21,34.290000915527344
2018-03-22,33.59000015258789
2018-03-23,33.3849983215332
2018-03-26,33.98500061035156
2018-03-27,33.665000915527344
2018-03-28,33.0099983215332
2018-03-29,33.70500183105469
2018-04-02,33.029998779296875
2018-04-03,33.73500061035156
2018-04-04,33.689998626708984
2018-04-05,34.29499816894531
2018-04-06,33.67499923706055
2018-04-09,33.834999084472656
2018-04-10,34.95500183105469
2018-04-11,35.31999969482422
2018-04-12,35.314998626708984
2018-04-13,35.70500183105469
2018-04-16,36.06999969482422
2018-04-17,36.209999084472656
2018-04-18,36.779998779296875
2018-04-19,36.82500076293945
2018-04-20,36.650001525878906
2018-04-23,36.875
2018-04-24,36.47999954223633
2018-04-25,36.77000045776367
2018-04-26,37.30500030517578
2018-04-27,36.90999984741211
2018-04-30,36.904998779296875
2018-05-01,36.68000030517578
2018-05-02,36.83000183105469
2018-05-03,36.744998931884766
2018-05-04,36.92499923706055
2018-05-07,36.974998474121094
2018-05-08,37.26499938964844
2018-05-09,38.025001525878906
2018-05-10,38.310001373291016
2018-05-11,38.3650016784668
2018-05-14,38.630001068115234
2018-05-15,38.63999938964844
2018-05-16,38.775001525878906
2018-05-17,39.36000061035156
2018-05-18,39.05500030517578
2018-05-21,39.45500183105469
2018-05-22,38.93000030517578
2018-05-23,38.92499923706055
2018-05-24,38.28499984741211
2018-05-25,37.290000915527344
2018-05-29,37.17499923706055
2018-05-30,38.29999923706055
2018-05-31,38.0099983215332
2018-06-01,38.189998626708984
2018-06-04,37.86000061035156
2018-06-05,37.77000045776367
2018-06-06,37.95000076293945
2018-06-07,38.525001525878906
2018-06-08,38.45000076293945
2018-06-11,38.650001525878906
2018-06-12,38.35499954223633
2018-06-13,38.209999084472656
2018-06-14,38.154998779296875
2018-06-15,37.084999084472656
2018-06-18,37.45500183105469
2018-06-19,37.369998931884766
2018-06-20,37.53499984741211
2018-06-21,36.84000015258789
2018-06-22,37.57500076293945
2018-06-25,36.81999969482422
2018-06-26,37.28499984741211
2018-06-27,37.78499984741211
2018-06-28,37.73500061035156
2018-06-29,37.970001220703125
2018-07-02,37.40999984741211
2018-07-03,37.64500045776367
2018-07-05,37.60499954223633
2018-07-06,37.834999084472656
2018-07-09,38.400001525878906
2018-07-10,38.685001373291016
2018-07-11,37.8650016784668
2018-07-12,37.93000030517578
2018-07-13,38.130001068115234
2018-07-16,37.689998626708984
2018-07-17,37.540000915527344
2018-07-18,37.564998626708984
2018-07-19,37.57500076293945
2018-07-20,37.44499969482422
2018-07-23,37.279998779296875
2018-07-24,37.75
2018-07-25,38.064998626708984
2018-07-26,38.47999954223633
2018-07-27,38.314998626708984
2018-07-30,38.630001068115234
2018-07-31,38.560001373291016
2018-08-01,38.025001525878906
2018-08-02,37.814998626708984
2018-08-03,37.619998931884766
2018-08-06,37.7599983215332
2018-08-07,38.040000915527344
2018-08-08,37.76499938964844
2018-08-09,37.415000915527344
2018-08-10,37.64500045776367
2018-08-13,37.165000915527344
2018-08-14,37.255001068115234
2018-08-15,35.95500183105469
2018-08-16,36.21500015258789
2018-08-17,36.30500030517578
2018-08-20,36.54999923706055
2018-08-21,36.73500061035156
2018-08-22,37.17499923706055
2018-08-23,37.0
2018-08-24,37.27000045776367
2018-08-27,37.54499816894531
2018-08-28,37.3849983215332
2018-08-29,37.6150016784668
2018-08-30,37.5099983215332
2018-08-31,37.220001220703125
2018-09-04,37.13999938964844
2018-09-05,37.09000015258789
2018-09-06,36.404998779296875
2018-09-07,36.400001525878906
2018-09-10,36.3849983215332
2018-09-11,36.72999954223633
2018-09-12,36.91999816894531
2018-09-13,36.935001373291016
2018-09-14,37.130001068115234
2018-09-17,37.189998626708984
2018-09-18,37.435001373291016
2018-09-19,37.54999923706055
2018-09-20,37.560001373291016
2018-09-21,37.54999923706055
2018-09-24,38.099998474121094
2018-09-25,38.345001220703125
2018-09-26,37.974998474121094
2018-09-27,37.974998474121094
2018-09-28,37.869998931884766
2018-10-01,38.39500045776367
2018-10-02,38.435001373291016
2018-10-03,38.744998931884766
2018-10-04,38.584999084472656
2018-10-05,38.58000183105469
2018-10-08,38.54999923706055
2018-10-09,38.89500045776367
2018-10-10,37.67499923706055
2018-10-11,36.400001525878906
2018-10-12,36.5
2018-10-15,36.19499969482422
2018-10-16,36.494998931884766
2018-10-17,36.26499938964844
2018-10-18,36.084999084472656
2018-10-19,35.76499938964844
2018-10-22,35.369998931884766
2018-10-23,34.44499969482422
2018-10-24,33.084999084472656
2018-10-25,33.4900016784668
2018-10-26,33.2400016784668
2018-10-29,32.619998931884766
2018-10-30,33.375
2018-10-31,33.58000183105469
2018-11-01,33.8650016784668
2018-11-02,33.779998779296875
2018-11-05,34.345001220703125
2018-11-06,34.505001068115234
2018-11-07,35.06999969482422
2018-11-08,34.310001373291016
2018-11-09,34.25
2018-11-12,33.540000915527344
2018-11-13,32.77000045776367
2018-11-14,32.71500015258789
2018-11-15,33.19499969482422
2018-11-16,33.59000015258789
2018-11-19,33.58000183105469
2018-11-20,32.47999954223633
2018-11-21,32.9900016784668
2018-11-23,31.954999923706055
2018-11-26,32.435001373291016
2018-11-27,32.345001220703125
2018-11-28,32.900001525878906
2018-11-29,33.1150016784668
2018-11-30,33.05500030517578
2018-12-03,33.790000915527344
2018-12-04,32.81999969482422
2018-12-06,32.21500015258789
2018-12-07,32.03499984741211
2018-12-10,31.53499984741211
2018-12-11,31.545000076293945
2018-12-12,31.670000076293945
2018-12-13,31.770000457763672
2018-12-14,31.045000076293945
2018-12-17,30.479999542236328
2018-12-18,29.760000228881836
2018-12-19,29.40999984741211
2018-12-20,28.594999313354492
2018-12-21,28.05500030517578
2018-12-24,26.920000076293945
2018-12-26,28.594999313354492
2018-12-27,28.7450008392334
2018-12-28,28.524999618530273
2018-12-31,28.674999237060547
2019-01-02,29.239999771118164
2019-01-03,28.950000762939453
2019-01-04,29.934999465942383
2019-01-07,30.3799991607666
2019-01-08,30.614999771118164
2019-01-09,31.100000381469727
2019-01-10,31.190000534057617
2019-01-11,31.0049991607666
2019-01-14,30.93000030517578
2019-01-15,31.040000915527344
2019-01-16,31.0
2019-01-17,31.28499984741211
2019-01-18,31.920000076293945
2019-01-22,31.225000381469727
2019-01-23,30.905000686645508
2019-01-24,31.06999969482422
2019-01-25,31.46500015258789
2019-01-28,31.149999618530273
2019-01-29,31.2450008392334
2019-01-30,31.684999465942383
2019-01-31,31.889999389648438
2019-02-01,32.44499969482422
2019-02-04,32.52000045776367
2019-02-05,32.56999969482422
2019-02-06,32.33000183105469
2019-02-07,31.614999771118164
2019-02-08,31.469999313354492
2019-02-11,31.6200008392334
2019-02-12,32.02000045776367
2019-02-13,32.41999816894531
2019-02-14,32.53499984741211
2019-02-15,33.060001373291016
2019-02-19,33.15999984741211
2019-02-20,33.29999923706055
2019-02-21,32.78499984741211
2019-02-22,32.880001068115234
2019-02-25,32.935001373291016
2019-02-26,32.83000183105469
2019-02-27,32.95500183105469
2019-02-28,32.625
2019-03-01,33.224998474121094
2019-03-04,33.28499984741211
2019-03-05,33.17499923706055
2019-03-06,32.755001068115234
2019-03-07,32.560001373291016
2019-03-08,31.950000762939453
2019-03-11,32.45000076293945
2019-03-12,32.65999984741211
2019-03-13,32.9900016784668
2019-03-14,33.025001525878906
2019-03-15,32.755001068115234
2019-03-18,33.209999084472656
2019-03-19,33.119998931884766
2019-03-20,33.40999984741211
2019-03-21,33.64500045776367
2019-03-22,32.73500061035156
2019-03-25,32.75
2019-03-26,33.220001220703125
2019-03-27,32.98500061035156
2019-03-28,33.11000061035156
2019-03-29,33.060001373291016
2019-04-01,33.494998931884766
2019-04-02,33.26499938964844
2019-04-03,32.94499969482422
2019-04-04,33.220001220703125
2019-04-05,33.80500030517578
2019-04-08,33.95500183105469
2019-04-09,33.540000915527344
2019-04-10,33.665000915527344
2019-04-11,33.689998626708984
2019-04-12,33.779998779296875
2019-04-15,33.58000183105469
2019-04-16,33.79999923706055
2019-04-17,33.755001068115234
2019-04-18,33.595001220703125
2019-04-22,34.30500030517578
2019-04-23,34.25
2019-04-24,33.650001525878906
2019-04-25,33.54499816894531
2019-04-26,33.11000061035156
2019-04-29,33.08000183105469
2019-04-30,33.05500030517578
2019-05-01,32.39500045776367
2019-05-02,31.829999923706055
2019-05-03,32.125
2019-05-06,32.154998779296875
2019-05-07,31.875
2019-05-08,31.875
2019-05-09,31.875
2019-05-10,32.025001525878906
2019-05-13,31.475000381469727
2019-05-14,31.860000610351562
2019-05-15,32.025001525878906
2019-05-16,32.20000076293945
2019-05-17,31.875
2019-05-20,31.889999389648438
2019-05-21,32.2599983215332
2019-05-22,31.760000228881836
2019-05-23,30.69499969482422
2019-05-24,30.809999465942383
2019-05-28,30.489999771118164
2019-05-29,30.295000076293945
2019-05-30,29.90999984741211
2019-05-31,29.385000228881836
2019-06-03,29.760000228881836
2019-06-04,30.274999618530273
2019-06-05,29.940000534057617
2019-06-06,30.4950008392334
2019-06-07,30.635000228881836
2019-06-10,30.725000381469727
2019-06-11,30.78499984741211
2019-06-12,30.350000381469727
2019-06-13,30.704999923706055
2019-06-14,30.5049991607666
2019-06-17,30.760000228881836
2019-06-18,31.184999465942383
2019-06-19,31.149999618530273
2019-06-20,31.84000015258789
2019-06-21,31.780000686645508
2019-06-24,31.4950008392334
2019-06-25,31.2450008392334
2019-06-26,31.725000381469727
2019-06-27,31.489999771118164
2019-06-28,31.854999542236328
2019-07-01,31.885000228881836
2019-07-02,31.375
2019-07-03,31.5
2019-07-05,31.545000076293945
2019-07-08,31.59000015258789
2019-07-09,31.614999771118164
2019-07-10,32.02000045776367
2019-07-11,32.084999084472656
2019-07-12,32.220001220703125
2019-07-15,31.93000030517578
2019-07-16,31.59000015258789
2019-07-17,31.229999542236328
2019-07-18,31.235000610351562
2019-07-19,31.3799991607666
2019-07-22,31.524999618530273
2019-07-23,31.610000610351562
2019-07-24,31.7450008392334
2019-07-25,31.385000228881836
2019-07-26,31.225000381469727
2019-07-29,31.100000381469727
2019-07-30,31.450000762939453
2019-07-31,31.350000381469727
2019-08-01,30.639999389648438
2019-08-02,30.200000762939453
2019-08-05,29.299999237060547
2019-08-06,29.264999389648438
2019-08-07,29.045000076293945
2019-08-08,29.8799991607666
2019-08-09,29.549999237060547
2019-08-12,29.200000762939453
2019-08-13,29.469999313354492
2019-08-14,28.315000534057617
2019-08-15,28.139999389648438
2019-08-16,28.510000228881836
2019-08-19,29.139999389648438
2019-08-20,28.895000457763672
2019-08-21,29.079999923706055
2019-08-22,28.950000762939453
2019-08-23,27.979999542236328
2019-08-26,28.100000381469727
2019-08-27,27.924999237060547
2019-08-28,28.325000762939453
2019-08-29,28.739999771118164
2019-08-30,28.739999771118164
2019-09-03,28.600000381469727
2019-09-04,29.0
2019-09-05,29.360000610351562
2019-09-06,29.514999389648438
2019-09-09,30.104999542236328
2019-09-10,30.459999084472656
2019-09-11,30.489999771118164
2019-09-12,30.299999237060547
2019-09-13,30.540000915527344
2019-09-16,31.565000534057617
2019-09-17,31.125
2019-09-18,30.975000381469727
2019-09-19,30.895000457763672
2019-09-20,30.639999389648438
2019-09-23,30.649999618530273
2019-09-24,30.165000915527344
2019-09-25,30.21500015258789
2019-09-26,29.81999969482422
2019-09-27,29.815000534057617
2019-09-30,29.600000381469727
2019-10-01,28.915000915527344
2019-10-02,28.204999923706055
2019-10-03,28.510000228881836
2019-10-04,28.690000534057617
2019-10-07,28.434999465942383
2019-10-08,27.950000762939453
2019-10-09,28.204999923706055
2019-10-10,28.559999465942383
2019-10-11,28.94499969482422
2019-10-14,28.93000030517578
2019-10-15,29.049999237060547
2019-10-16,28.645000457763672
2019-10-17,28.665000915527344
2019-10-18,28.514999389648438
2019-10-21,29.024999618530273
2019-10-22,29.399999618530273
2019-10-23,29.645000457763672
2019-10-24,29.520000457763672
2019-10-25,29.760000228881836
2019-10-28,29.59000015258789
2019-10-29,29.709999084472656
2019-10-30,29.104999542236328
2019-10-31,28.979999542236328
2019-11-01,29.639999389648438
2019-11-04,30.604999542236328
2019-11-05,30.645000457763672
2019-11-06,30.020000457763672
2019-11-07,30.469999313354492
2019-11-08,30.344999313354492
2019-11-11,30.174999237060547
2019-11-12,30.020000457763672
2019-11-13,29.889999389648438
2019-11-14,29.809999465942383
2019-11-15,30.040000915527344
2019-11-18,29.674999237060547
2019-11-19,29.235000610351562
2019-11-20,29.530000686645508
2019-11-21,30.014999389648438
2019-11-22,29.915000915527344
2019-11-25,29.94499969482422
2019-11-26,29.670000076293945
2019-11-27,29.7450008392334
2019-11-29,29.44499969482422
2019-12-02,29.44499969482422
2019-12-03,29.0049991607666
2019-12-04,29.440000534057617
2019-12-05,29.299999237060547
2019-12-06,29.860000610351562
2019-12-09,29.825000762939453
2019-12-10,29.885000228881836
2019-12-11,29.834999084472656
2019-12-12,30.385000228881836
2019-12-13,30.155000686645508
2019-12-16,30.559999465942383
2019-12-17,30.579999923706055
2019-12-18,30.69499969482422
2019-12-19,30.684999465942383
2019-12-20,30.68000030517578
2019-12-23,30.9950008392334
2019-12-24,30.979999542236328
2019-12-26,30.969999313354492
2019-12-27,30.84000015258789
2019-12-30,29.850000381469727
2019-12-31,30.020000457763672
2020-01-02,30.290000915527344
2020-01-03,30.200000762939453
2020-01-06,30.434999465942383
2020-01-07,30.354999542236328
2020-01-08,29.854999542236328
2020-01-09,30.075000762939453
2020-01-10,29.905000686645508
2020-01-13,29.915000915527344
2020-01-14,29.920000076293945
2020-01-15,29.700000762939453
2020-01-16,29.75
2020-01-17,29.559999465942383
2020-01-21,29.030000686645508
2020-01-22,28.75
2020-01-23,28.639999389648438
2020-01-24,28.309999465942383
2020-01-27,27.524999618530273
2020-01-28,27.649999618530273
2020-01-29,27.360000610351562
2020-01-30,27.579999923706055
2020-01-31,26.719999313354492
2020-02-03,26.3700008392334
2020-02-04,26.46500015258789
2020-02-05,27.459999084472656
2020-02-06,27.18000030517578
2020-02-07,26.989999771118164
2020-02-10,26.854999542236328
2020-02-11,27.155000686645508
2020-02-12,27.520000457763672
2020-02-13,27.434999465942383
2020-02-14,27.290000915527344
2020-02-18,27.065000534057617
2020-02-19,27.424999237060547
2020-02-20,27.395000457763672
2020-02-21,27.06999969482422
2020-02-24,25.81999969482422
2020-02-25,24.68000030517578
2020-02-26,23.934999465942383
2020-02-27,22.655000686645508
2020-02-28,22.635000228881836
2020-03-02,23.549999237060547
2020-03-03,22.829999923706055
2020-03-04,23.3700008392334
2020-03-05,22.514999389648438
2020-03-06,21.25
2020-03-09,16.969999313354492
2020-03-10,17.774999618530273
2020-03-11,16.834999084472656
2020-03-12,14.734999656677246
2020-03-13,16.094999313354492
2020-03-16,13.904999732971191
2020-03-17,14.0
2020-03-18,11.989999771118164
2020-03-19,12.805000305175781
2020-03-20,12.930000305175781
2020-03-23,11.78499984741211
2020-03-24,13.675000190734863
2020-03-25,14.319999694824219
2020-03-26,15.194999694824219
2020-03-27,14.164999961853027
2020-03-30,14.3100004196167
2020-03-31,14.529999732971191
2020-04-01,13.8100004196167
2020-04-02,15.074999809265137
2020-04-03,14.914999961853027
2020-04-06,15.704999923706055
2020-04-07,16.040000915527344
2020-04-08,17.110000610351562
2020-04-09,16.954999923706055
2020-04-13,16.899999618530273
2020-04-14,16.81999969482422
2020-04-15,16.030000686645508
2020-04-16,15.345000267028809
2020-04-17,16.975000381469727
2020-04-20,16.44499969482422
2020-04-21,16.155000686645508
2020-04-22,16.729999542236328
2020-04-23,17.270000457763672
2020-04-24,17.309999465942383
2020-04-27,17.684999465942383
2020-04-28,18.09000015258789
2020-04-29,19.43000030517578
2020-04-30,19.0
2020-05-01,17.924999237060547
2020-05-04,18.545000076293945
2020-05-05,18.559999465942383
2020-05-06,18.075000762939453
2020-05-07,18.545000076293945
2020-05-08,19.389999389648438
2020-05-11,19.049999237060547
2020-05-12,18.71500015258789
2020-05-13,17.864999771118164
2020-05-14,18.065000534057617
2020-05-15,17.9950008392334
2020-05-18,19.46500015258789
2020-05-19,18.920000076293945
2020-05-20,19.674999237060547
2020-05-21,19.360000610351562
2020-05-22,19.239999771118164
2020-05-26,19.774999618530273
2020-05-27,20.030000686645508
2020-05-28,19.469999313354492
2020-05-29,19.3799991607666
2020-06-01,19.719999313354492
2020-06-02,20.270000457763672
2020-06-03,20.864999771118164
2020-06-04,20.8700008392334
2020-06-05,22.420000076293945
2020-06-08,23.43000030517578
2020-06-09,22.549999237060547
2020-06-10,21.440000534057617
2020-06-11,19.420000076293945
2020-06-12,19.90999984741211
2020-06-15,19.969999313354492
2020-06-16,20.545000076293945
2020-06-17,19.844999313354492
2020-06-18,20.09000015258789
2020-06-19,19.78499984741211
2020-06-22,19.625
2020-06-23,19.645000457763672
2020-06-24,18.55500030517578
2020-06-25,18.90999984741211
2020-06-26,18.2549991607666
2020-06-29,18.5
2020-06-30,18.924999237060547
2020-07-01,18.46500015258789
2020-07-02,18.670000076293945
2020-07-06,18.725000381469727
2020-07-07,18.1299991607666
2020-07-08,18.114999771118164
2020-07-09,17.219999313354492
2020-07-10,17.770000457763672
2020-07-13,17.674999237060547
2020-07-14,18.295000076293945
2020-07-15,18.690000534057617
2020-07-16,18.604999542236328
2020-07-17,18.344999313354492
2020-07-20,18.040000915527344
2020-07-21,19.1299991607666
2020-07-22,18.895000457763672
2020-07-23,18.860000610351562
2020-07-24,18.7549991607666
2020-07-27,18.774999618530273
2020-07-28,18.454999923706055
2020-07-29,18.84000015258789
2020-07-30,18.100000381469727
2020-07-31,18.014999389648438
2020-08-03,18.079999923706055
2020-08-04,18.520000457763672
2020-08-05,18.71500015258789
2020-08-06,18.565000534057617
2020-08-07,18.59000015258789
2020-08-10,19.165000915527344
2020-08-11,19.100000381469727
2020-08-12,19.290000915527344
2020-08-13,18.915000915527344
2020-08-14,19.094999313354492
2020-08-17,18.985000610351562
2020-08-18,18.7450008392334
2020-08-19,18.530000686645508
2020-08-20,18.1299991607666
2020-08-21,18.014999389648438
2020-08-24,18.510000228881836
2020-08-25,18.25
2020-08-26,17.864999771118164
2020-08-27,17.899999618530273
2020-08-28,18.219999313354492
2020-08-31,17.825000762939453
2020-09-01,17.704999923706055
2020-09-02,17.6200008392334
2020-09-03,17.489999771118164
2020-09-04,17.434999465942383
2020-09-08,16.799999237060547
2020-09-09,16.915000915527344
2020-09-10,16.295000076293945
2020-09-11,16.309999465942383
2020-09-14,16.434999465942383
2020-09-15,16.315000534057617
2020-09-16,16.969999313354492
2020-09-17,16.9950008392334
2020-09-18,16.80500030517578
2020-09-21,15.984999656677246
2020-09-22,15.819999694824219
2020-09-23,15.104999542236328
2020-09-24,15.100000381469727
2020-09-25,15.09000015258789
2020-09-28,15.444999694824219
2020-09-29,15.020000457763672
2020-09-30,14.975000381469727
2020-10-01,14.515000343322754
2020-10-02,14.654999732971191
2020-10-05,15.095000267028809
2020-10-06,14.869999885559082
2020-10-07,15.079999923706055
2020-10-08,15.645000457763672
2020-10-09,15.395000457763672
2020-10-12,15.4350004196167
2020-10-13,15.194999694824219
2020-10-14,15.260000228881836
2020-10-15,15.444999694824219
2020-10-16,15.095000267028809
2020-10-19,14.774999618530273
2020-10-20,14.949999809265137
2020-10-21,14.664999961853027
2020-10-22,15.270000457763672
2020-10-23,15.194999694824219
2020-10-26,14.649999618530273
2020-10-27,14.460000038146973
2020-10-28,13.854999542236328
2020-10-29,14.279999732971191
2020-10-30,14.359999656677246
2020-11-02,14.850000381469727
2020-11-03,14.765000343322754
2020-11-04,14.78499984741211
2020-11-05,14.78499984741211
2020-11-06,14.46500015258789
2020-11-09,16.530000686645508
2020-11-10,17.065000534057617
2020-11-11,16.889999389648438
2020-11-12,16.344999313354492
2020-11-13,16.940000534057617
2020-11-16,18.05500030517578
2020-11-17,18.239999771118164
2020-11-18,17.709999084472656
2020-11-19,18.0
2020-11-20,17.905000686645508
2020-11-23,19.170000076293945
2020-11-24,20.155000686645508
2020-11-25,19.684999465942383
2020-11-27,19.454999923706055
2020-11-30,18.3799991607666
2020-12-01,18.46500015258789
2020-12-02,19.065000534057617
2020-12-03,19.264999389648438
2020-12-04,20.315000534057617
2020-12-07,19.84000015258789
2020-12-08,20.135000228881836
2020-12-09,20.18000030517578
2020-12-10,20.799999237060547
2020-12-11,20.559999465942383
2020-12-14,19.84000015258789
2020-12-15,20.229999542236328
2020-12-16,20.1299991607666
2020-12-17,20.03499984741211
2020-12-18,19.700000762939453
2020-12-21,19.065000534057617
2020-12-22,18.7450008392334
2020-12-23,19.15999984741211
2020-12-24,19.059999465942383
2020-12-28,18.940000534057617
2020-12-29,18.815000534057617
2020-12-30,19.110000610351562
2020-12-31,18.950000762939453
2021-01-04,18.979999542236328
2021-01-05,19.829999923706055
2021-01-06,20.434999465942383
2021-01-07,20.735000610351562
2021-01-08,20.709999084472656
2021-01-11,21.03499984741211
2021-01-12,21.770000457763672
2021-01-13,21.600000381469727
2021-01-14,22.239999771118164
2021-01-15,21.375
2021-01-19,21.80500030517578
2021-01-20,21.885000228881836
2021-01-21,21.145000457763672
2021-01-22,21.03499984741211
2021-01-25,20.81999969482422
2021-01-26,20.375
2021-01-27,20.100000381469727
2021-01-28,20.334999084472656
2021-01-29,19.65999984741211
2021-02-01,19.799999237060547
2021-02-02,20.014999389648438
2021-02-03,20.8700008392334
2021-02-04,21.100000381469727
2021-02-05,21.280000686645508
2021-02-08,22.170000076293945
2021-02-09,21.934999465942383
2021-02-10,22.354999542236328
2021-02-11,22.010000228881836
2021-02-12,22.334999084472656
2021-02-16,22.895000457763672
2021-02-17,23.235000610351562
2021-02-18,22.709999084472656
2021-02-19,23.09000015258789
2021-02-22,23.889999389648438
2021-02-23,24.28499984741211
2021-02-24,25.145000457763672
2021-02-25,24.65999984741211
2021-02-26,24.075000762939453
2021-03-01,24.700000762939453
2021-03-02,24.565000534057617
2021-03-03,24.924999237060547
2021-03-04,25.520000457763672
2021-03-05,26.475000381469727
2021-03-08,26.524999618530273
2021-03-09,26.059999465942383
2021-03-10,26.719999313354492
2021-03-11,26.729999542236328
2021-03-12,26.78499984741211
2021-03-15,26.479999542236328
2021-03-16,25.725000381469727
2021-03-17,25.924999237060547
2021-03-18,24.760000228881836
2021-03-19,24.764999389648438
2021-03-22,24.270000457763672
2021-03-23,23.915000915527344
2021-03-24,24.514999389648438
2021-03-25,24.604999542236328
2021-03-26,25.21500015258789
2021-03-29,24.915000915527344
2021-03-30,24.700000762939453
2021-03-31,24.530000686645508
2021-04-01,25.155000686645508
2021-04-05,24.55500030517578
2021-04-06,24.489999771118164
2021-04-07,24.575000762939453
2021-04-08,24.2549991607666
2021-04-09,24.094999313354492
2021-04-12,23.905000686645508
2021-04-13,23.93000030517578
2021-04-14,24.594999313354492
2021-04-15,24.395000457763672
2021-04-16,24.200000762939453
2021-04-19,24.174999237060547
2021-04-20,23.53499984741211
2021-04-21,23.834999084472656
2021-04-22,23.55500030517578
2021-04-23,23.770000457763672
2021-04-26,23.93000030517578
2021-04-27,24.219999313354492
2021-04-28,25.05500030517578
2021-04-29,25.334999084472656
2021-04-30,24.69499969482422
2021-05-03,25.375
2021-05-04,25.389999389648438
2021-05-05,26.209999084472656
2021-05-06,26.344999313354492
2021-05-07,26.815000534057617
2021-05-10,26.825000762939453
2021-05-11,26.135000228881836
2021-05-12,26.260000228881836
2021-05-13,25.940000534057617
2021-05-14,26.7450008392334
2021-05-17,27.364999771118164
2021-05-18,26.729999542236328
2021-05-19,26.065000534057617
2021-05-20,26.024999618530273
2021-05-21,26.079999923706055
2021-05-24,26.34000015258789
2021-05-25,25.80500030517578
2021-05-26,26.03499984741211
2021-05-27,26.05500030517578
2021-05-28,26.104999542236328
2021-06-01,27.110000610351562
2021-06-02,27.614999771118164
2021-06-03,27.690000534057617
2021-06-04,27.875
2021-06-07,27.7549991607666
2021-06-08,27.9950008392334
2021-06-09,27.81999969482422
2021-06-10,27.78499984741211
2021-06-11,27.690000534057617
2021-06-14,27.56999969482422
2021-06-15,28.094999313354492
2021-06-16,27.94499969482422
2021-06-17,26.9950008392334
2021-06-18,26.19499969482422
2021-06-21,27.03499984741211
2021-06-22,27.21500015258789
2021-06-23,27.290000915527344
2021-06-24,27.524999618530273
2021-06-25,27.670000076293945
2021-06-28,26.735000610351562
2021-06-29,26.604999542236328
2021-06-30,26.934999465942383
2021-07-01,27.405000686645508
2021-07-02,27.344999313354492
2021-07-06,26.454999923706055
2021-07-07,26.024999618530273
2021-07-08,25.875
2021-07-09,26.424999237060547
2021-07-12,26.385000228881836
2021-07-13,26.184999465942383
2021-07-14,25.405000686645508
2021-07-15,25.049999237060547
2021-07-16,24.34000015258789
2021-07-19,23.479999542236328
2021-07-20,23.795000076293945
2021-07-21,24.625
2021-07-22,24.350000381469727
2021-07-23,24.260000228881836
2021-07-26,24.860000610351562
2021-07-27,24.6299991607666
2021-07-28,24.854999542236328
2021-07-29,25.094999313354492
2021-07-30,24.69499969482422
2021-08-02,24.510000228881836
2021-08-03,24.93000030517578
2021-08-04,24.2549991607666
2021-08-05,24.530000686645508
2021-08-06,24.7549991607666
2021-08-09,24.405000686645508
2021-08-10,24.834999084472656
2021-08-11,25.030000686645508
2021-08-12,25.0049991607666
2021-08-13,24.709999084472656
2021-08-16,24.2549991607666
2021-08-17,24.0049991607666
2021-08-18,23.5049991607666
2021-08-19,22.895000457763672
2021-08-20,22.94499969482422
2021-08-23,23.80500030517578
2021-08-24,24.200000762939453
2021-08-25,24.385000228881836
2021-08-26,24.014999389648438
2021-08-27,24.655000686645508
2021-08-30,24.364999771118164
2021-08-31,24.200000762939453
2021-09-01,23.844999313354492
2021-09-02,24.450000762939453
2021-09-03,24.309999465942383
2021-09-07,24.165000915527344
2021-09-08,23.854999542236328
2021-09-09,23.905000686645508
2021-09-10,23.895000457763672
2021-09-13,24.579999923706055
2021-09-14,24.225000381469727
2021-09-15,25.1299991607666
2021-09-16,24.844999313354492
2021-09-17,24.65999984741211
2021-09-20,23.6200008392334
2021-09-21,23.674999237060547
2021-09-22,24.405000686645508
2021-09-23,25.260000228881836
2021-09-24,25.450000762939453
2021-09-27,26.354999542236328
2021-09-28,26.44499969482422
2021-09-29,26.44499969482422
2021-09-30,26.045000076293945
2021-10-01,26.920000076293945
2021-10-04,27.360000610351562
2021-10-05,27.520000457763672
2021-10-06,27.229999542236328
2021-10-07,27.440000534057617
2021-10-08,28.28499984741211
2021-10-11,28.18000030517578
2021-10-12,28.204999923706055
2021-10-13,28.18000030517578
2021-10-14,28.524999618530273
2021-10-15,28.665000915527344
2021-10-18,28.684999465942383
2021-10-19,29.010000228881836
2021-10-20,29.2450008392334
2021-10-21,28.704999923706055
2021-10-22,28.975000381469727
2021-10-25,29.399999618530273
2021-10-26,29.56999969482422
2021-10-27,28.719999313354492
2021-10-28,28.924999237060547
2021-10-29,28.735000610351562
2021-11-01,29.229999542236328
2021-11-02,28.954999923706055
2021-11-03,28.71500015258789
2021-11-04,28.7549991607666
2021-11-05,29.1299991607666
2021-11-08,29.395000457763672
2021-11-09,29.514999389648438
2021-11-10,28.735000610351562
2021-11-11,28.844999313354492
2021-11-12,28.774999618530273
2021-11-15,29.014999389648438
2021-11-16,29.059999465942383
2021-11-17,28.614999771118164
2021-11-18,28.44499969482422
2021-11-19,27.334999084472656
2021-11-22,27.81999969482422
2021-11-23,28.674999237060547
2021-11-24,28.954999923706055
2021-11-26,27.790000915527344
2021-11-29,27.950000762939453
2021-11-30,27.295000076293945
2021-12-01,27.0049991607666
2021-12-02,27.790000915527344
2021-12-03,27.56999969482422
2021-12-06,27.979999542236328
2021-12-07,28.635000228881836
2021-12-08,28.6299991607666
2021-12-09,28.40999984741211
2021-12-10,28.6200008392334
2021-12-13,27.825000762939453
2021-12-14,27.709999084472656
2021-12-15,27.575000762939453
2021-12-16,27.75
2021-12-17,27.184999465942383
2021-12-20,26.5049991607666
2021-12-21,27.260000228881836
2021-12-22,27.434999465942383
2021-12-23,27.450000762939453
2021-12-27,28.049999237060547
2021-12-28,28.030000686645508
2021-12-29,27.850000381469727
2021-12-30,27.68000030517578
2021-12-31,27.75
2022-01-03,28.610000610351562
2022-01-04,29.600000381469727
2022-01-05,29.594999313354492
2022-01-06,30.2549991607666
2022-01-07,30.670000076293945
2022-01-10,30.575000762939453
2022-01-11,31.614999771118164
2022-01-12,31.674999237060547
2022-01-13,31.514999389648438
2022-01-14,32.255001068115234
2022-01-18,32.3849983215332
2022-01-19,32.150001525878906
2022-01-20,31.854999542236328
2022-01-21,31.225000381469727
2022-01-24,31.434999465942383
2022-01-25,32.654998779296875
2022-01-26,32.599998474121094
2022-01-27,32.95500183105469
2022-01-28,32.814998626708984
2022-01-31,32.959999084472656
2022-02-01,34.1349983215332
2022-02-02,34.244998931884766
2022-02-03,33.91999816894531
2022-02-04,34.45000076293945
2022-02-07,34.88999938964844
2022-02-08,34.13999938964844
2022-02-09,34.42499923706055
2022-02-10,34.209999084472656
2022-02-11,35.20500183105469
2022-02-14,34.375
2022-02-15,34.01499938964844
2022-02-16,34.290000915527344
2022-02-17,34.23500061035156
2022-02-18,34.025001525878906
2022-02-22,33.474998474121094
2022-02-23,33.81999969482422
2022-02-24,33.55500030517578
2022-02-25,34.439998626708984
2022-02-28,35.290000915527344
2022-03-01,35.64500045776367
2022-03-02,36.459999084472656
2022-03-03,36.560001373291016
2022-03-04,37.6150016784668
2022-03-07,38.16999816894531
2022-03-08,38.77000045776367
2022-03-09,37.584999084472656
2022-03-10,38.73500061035156
2022-03-11,38.42499923706055
2022-03-14,37.275001525878906
2022-03-15,35.90999984741211
2022-03-16,35.744998931884766
2022-03-17,36.974998474121094
2022-03-18,36.939998626708984
2022-03-21,38.064998626708984
2022-03-22,37.78499984741211
2022-03-23,38.435001373291016
2022-03-24,38.529998779296875
2022-03-25,39.375
2022-03-28,38.400001525878906
2022-03-29,38.29999923706055
2022-03-30,38.744998931884766
2022-03-31,38.220001220703125
2022-04-01,38.529998779296875
2022-04-04,38.58000183105469
2022-04-05,37.974998474121094
2022-04-06,38.20000076293945
2022-04-07,38.70000076293945
2022-04-08,39.76499938964844
2022-04-11,38.56999969482422
2022-04-12,39.209999084472656
2022-04-13,39.79499816894531
2022-04-14,39.92499923706055
2022-04-18,40.5099983215332
2022-04-19,40.18000030517578
2022-04-20,40.334999084472656
2022-04-21,39.05500030517578
2022-04-22,38.099998474121094
2022-04-25,36.84000015258789
2022-04-26,36.88999938964844
2022-04-27,37.43000030517578
2022-04-28,38.564998626708984
2022-04-29,37.57500076293945
2022-05-02,38.17499923706055
2022-05-03,39.244998931884766
2022-05-04,40.875
2022-05-05,40.2599983215332
2022-05-06,41.459999084472656
2022-05-09,38.029998779296875
2022-05-10,38.375
2022-05-11,38.88999938964844
2022-05-12,39.05500030517578
2022-05-13,40.38999938964844
2022-05-16,41.45500183105469
2022-05-17,41.935001373291016
2022-05-18,40.86000061035156
2022-05-19,40.709999084472656
2022-05-20,40.8849983215332
2022-05-23,41.96500015258789
2022-05-24,42.125
2022-05-25,42.994998931884766
2022-05-26,43.470001220703125
2022-05-27,44.26499938964844
2022-05-31,43.599998474121094
2022-06-01,44.310001373291016
2022-06-02,44.16999816894531
2022-06-03,44.755001068115234
2022-06-06,44.70500183105469
2022-06-07,46.040000915527344
2022-06-08,46.13999938964844
2022-06-09,45.119998931884766
2022-06-10,44.35499954223633
2022-06-13,42.040000915527344
2022-06-14,42.119998931884766
2022-06-15,41.189998626708984
2022-06-16,38.869998931884766
2022-06-17,36.744998931884766
2022-06-21,38.220001220703125
2022-06-22,36.689998626708984
2022-06-23,35.33000183105469
2022-06-24,35.79499816894531
2022-06-27,36.845001220703125
2022-06-28,37.84000015258789
2022-06-29,36.525001525878906
2022-06-30,35.755001068115234
2022-07-01,36.290000915527344
2022-07-05,34.849998474121094
2022-07-06,34.255001068115234
2022-07-07,35.4900016784668
2022-07-08,35.474998474121094
2022-07-11,35.1349983215332
2022-07-12,34.45000076293945
2022-07-13,34.39500045776367
2022-07-14,33.744998931884766
2022-07-15,34.29499816894531
2022-07-18,35.08000183105469
2022-07-19,36.15999984741211
2022-07-20,36.5099983215332
2022-07-21,35.869998931884766
2022-07-22,35.57500076293945
2022-07-25,36.880001068115234
2022-07-26,36.54499816894531
2022-07-27,37.369998931884766
2022-07-28,37.58000183105469
2022-07-29,39.209999084472656
2022-08-01,38.400001525878906
2022-08-02,38.310001373291016
2022-08-03,37.209999084472656
2022-08-04,35.83000183105469
2022-08-05,36.540000915527344
2022-08-08,36.72999954223633
2022-08-09,37.375
2022-08-10,37.64500045776367
2022-08-11,38.939998626708984
2022-08-12,39.23500061035156
2022-08-15,38.470001220703125
2022-08-16,38.380001068115234
2022-08-17,38.70000076293945
2022-08-18,39.7400016784668
2022-08-19,39.72999954223633
2022-08-22,39.654998779296875
2022-08-23,41.084999084472656
2022-08-24,41.59000015258789
2022-08-25,41.90999984741211
2022-08-26,41.41999816894531
2022-08-29,42.04499816894531
2022-08-30,40.619998931884766
2022-08-31,40.25
2022-09-01,39.2599983215332
2022-09-02,39.97999954223633
2022-09-06,39.61000061035156
2022-09-07,39.150001525878906
2022-09-08,39.31999969482422
2022-09-09,40.29999923706055
2022-09-12,41.040000915527344
2022-09-13,40.005001068115234
2022-09-14,41.1349983215332
2022-09-15,40.07500076293945
2022-09-16,39.220001220703125
2022-09-19,38.81999969482422
2022-09-20,38.54999923706055
2022-09-21,37.98500061035156
2022-09-22,37.849998474121094
2022-09-23,35.2400016784668
2022-09-26,34.375
2022-09-27,34.7599983215332
2022-09-28,36.29999923706055
2022-09-29,36.29999923706055
2022-09-30,36.0099983215332
2022-10-03,38.04499816894531
2022-10-04,39.68000030517578
2022-10-05,40.5
2022-10-06,41.220001220703125
2022-10-07,40.900001525878906
2022-10-10,40.060001373291016
2022-10-11,39.7400016784668
2022-10-12,40.060001373291016
2022-10-13,41.69499969482422
2022-10-14,40.13999938964844
2022-10-17,40.63999938964844
2022-10-18,40.994998931884766
2022-10-19,42.20500183105469
2022-10-20,42.244998931884766
2022-10-21,43.46500015258789
2022-10-24,43.66999816894531
2022-10-25,43.71500015258789
2022-10-26,44.310001373291016
2022-10-27,44.470001220703125
2022-10-28,44.625
2022-10-31,45.0
2022-11-01,45.435001373291016
2022-11-02,44.34000015258789
2022-11-03,45.15999984741211
2022-11-04,45.709999084472656
2022-11-07,46.494998931884766
2022-11-08,46.540000915527344
2022-11-09,44.26499938964844
2022-11-10,45.25
2022-11-11,46.564998626708984
2022-11-14,46.54999923706055
2022-11-15,47.040000915527344
2022-11-16,46.08000183105469
2022-11-17,46.18000030517578
2022-11-18,45.814998626708984
2022-11-21,45.19499969482422
2022-11-22,46.61000061035156
2022-11-23,46.10499954223633
2022-11-25,45.935001373291016
2022-11-28,44.67499923706055
2022-11-29,45.349998474121094
2022-11-30,45.57500076293945
2022-12-01,45.42499923706055
2022-12-02,45.154998779296875
2022-12-05,43.814998626708984
2022-12-06,42.65999984741211
2022-12-07,42.560001373291016
2022-12-08,42.369998931884766
2022-12-09,41.34000015258789
2022-12-12,42.42499923706055
2022-12-13,43.22999954223633
2022-12-14,42.96500015258789
2022-12-15,42.70500183105469
2022-12-16,42.18000030517578
2022-12-19,41.744998931884766
2022-12-20,42.375
2022-12-21,43.18000030517578
2022-12-22,42.185001373291016
2022-12-23,43.529998779296875
2022-12-27,43.994998931884766
2022-12-28,43.0099983215332
2022-12-29,43.459999084472656
2022-12-30,43.73500061035156
2023-01-03,42.20000076293945
2023-01-04,42.19499969482422
2023-01-05,42.96500015258789
2023-01-06,43.779998779296875
2023-01-09,43.625
2023-01-10,43.935001373291016
2023-01-11,44.06999969482422
2023-01-12,44.90999984741211
2023-01-13,44.974998474121094
2023-01-17,45.06999969482422
2023-01-18,44.244998931884766
2023-01-19,44.79499816894531
2023-01-20,45.2400016784668
2023-01-23,45.29999923706055
2023-01-24,45.125
2023-01-25,45.130001068115234
2023-01-26,46.55500030517578
2023-01-27,45.6150016784668
2023-01-30,44.56999969482422
2023-01-31,44.96500015258789
2023-02-01,44.08000183105469
2023-02-02,43.07500076293945
2023-02-03,42.97999954223633
2023-02-06,42.78499984741211
2023-02-07,44.17499923706055
2023-02-08,43.779998779296875
2023-02-09,43.404998779296875
2023-02-10,45.10499954223633
2023-02-13,44.9900016784668
2023-02-14,45.005001068115234
2023-02-15,44.2400016784668
2023-02-16,43.80500030517578
2023-02-17,42.244998931884766
2023-02-21,42.03499984741211
2023-02-22,41.755001068115234
2023-02-23,42.3849983215332
2023-02-24,42.33000183105469
2023-02-27,42.45500183105469
2023-02-28,41.845001220703125
2023-03-01,42.66999816894531
2023-03-02,43.04499816894531
2023-03-03,43.630001068115234
2023-03-06,43.650001525878906
2023-03-07,42.88999938964844
2023-03-08,42.45000076293945
2023-03-09,41.849998474121094
2023-03-10,41.314998626708984
2023-03-13,40.474998474121094
2023-03-14,40.875
2023-03-15,38.68000030517578
2023-03-16,39.099998474121094
2023-03-17,38.48500061035156
2023-03-20,38.849998474121094
2023-03-21,40.19499969482422
2023-03-22,39.34000015258789
2023-03-23,38.79499816894531
2023-03-24,38.94499969482422
2023-03-27,39.775001525878906
2023-03-28,40.38999938964844
2023-03-29,40.95000076293945
2023-03-30,41.130001068115234
2023-03-31,41.415000915527344
2023-04-03,43.290000915527344
2023-04-04,42.505001068115234
2023-04-05,43.14500045776367
2023-04-06,42.4900016784668
2023-04-10,42.83000183105469
2023-04-11,43.23500061035156
2023-04-12,43.26499938964844
2023-04-13,43.53499984741211
2023-04-14,43.6150016784668
2023-04-17,43.099998474121094
2023-04-18,43.27000045776367
2023-04-19,43.119998931884766
2023-04-20,42.7400016784668
2023-04-21,42.4900016784668
2023-04-24,43.13999938964844
2023-04-25,42.33000183105469
2023-04-26,41.76499938964844
2023-04-27,41.915000915527344
2023-04-28,42.564998626708984
2023-05-01,42.084999084472656
2023-05-02,40.255001068115234
2023-05-03,39.494998931884766
2023-05-04,39.05500030517578
2023-05-05,40.1150016784668
2023-05-08,40.1150016784668
2023-05-09,40.130001068115234
2023-05-10,39.67499923706055
2023-05-11,39.20000076293945
2023-05-12,39.2599983215332
2023-05-15,39.459999084472656
2023-05-16,38.4900016784668
2023-05-17,39.22999954223633
2023-05-18,39.51499938964844
2023-05-19,39.81999969482422
2023-05-22,39.654998779296875
2023-05-23,40.08000183105469
2023-05-24,40.255001068115234
2023-05-25,39.540000915527344
2023-05-26,39.3849983215332
2023-05-30,38.97999954223633
2023-05-31,38.29499816894531
2023-06-01,38.77000045776367
2023-06-02,39.95000076293945
2023-06-05,39.685001373291016
2023-06-06,40.005001068115234
2023-06-07,41.064998626708984
2023-06-08,40.88999938964844
2023-06-09,40.665000915527344
2023-06-12,40.275001525878906
2023-06-13,40.46500015258789
2023-06-14,40.04999923706055
2023-06-15,40.4900016784668
2023-06-16,40.43000030517578
2023-06-20,39.18000030517578
2023-06-21,39.4900016784668
2023-06-22,38.959999084472656
2023-06-23,38.68000030517578
2023-06-26,39.375
2023-06-27,39.46500015258789
2023-06-28,39.8650016784668
2023-06-29,40.32500076293945
2023-06-30,40.584999084472656
2023-07-03,40.68000030517578
2023-07-05,40.45500183105469
2023-07-06,39.54499816894531
2023-07-07,40.39500045776367
2023-07-10,40.709999084472656
2023-07-11,41.60499954223633
2023-07-12,41.9900016784668
2023-07-13,41.83000183105469
2023-07-14,40.724998474121094
2023-07-17,40.64500045776367
2023-07-18,41.05500030517578
2023-07-19,41.29499816894531
2023-07-20,41.779998779296875
2023-07-21,42.150001525878906
2023-07-24,42.83000183105469
2023-07-25,43.05500030517578
2023-07-26,43.06999969482422
2023-07-27,42.79499816894531
2023-07-28,42.92499923706055
2023-07-31,43.7400016784668
2023-08-01,43.53499984741211
2023-08-02,42.96500015258789
2023-08-03,43.400001525878906
2023-08-04,43.459999084472656
2023-08-07,43.5099983215332
2023-08-08,43.724998474121094
2023-08-09,44.275001525878906
2023-08-10,44.27000045776367
2023-08-11,44.95000076293945
2023-08-14,44.7599983215332
2023-08-15,43.83000183105469
2023-08-16,43.45000076293945
2023-08-17,43.970001220703125
2023-08-18,44.404998779296875
2023-08-21,44.125
2023-08-22,43.78499984741211
2023-08-23,43.67499923706055
2023-08-24,43.375
2023-08-25,43.79499816894531
2023-08-28,44.09000015258789
2023-08-29,44.209999084472656
2023-08-30,44.43000030517578
2023-08-31,44.459999084472656
2023-09-01,45.369998931884766
2023-09-05,45.61000061035156
2023-09-06,45.630001068115234
2023-09-07,45.584999084472656
2023-09-08,46.025001525878906
2023-09-11,45.41999816894531
2023-09-12,46.4900016784668
2023-09-13,46.13999938964844
2023-09-14,46.68000030517578
2023-09-15,46.005001068115234
2023-09-18,46.05500030517578
2023-09-19,45.625
2023-09-20,45.20000076293945
2023-09-21,44.58000183105469
2023-09-22,44.654998779296875
2023-09-25,45.21500015258789
2023-09-26,44.95500183105469
2023-09-27,46.07500076293945
2023-09-28,46.125
2023-09-29,45.19499969482422
2023-10-02,44.29499816894531
2023-10-03,44.26499938964844
2023-10-04,42.875
2023-10-05,42.61000061035156
2023-10-06,42.8650016784668
2023-10-09,44.29499816894531
2023-10-10,44.349998474121094
2023-10-11,43.779998779296875
2023-10-12,43.83000183105469
2023-10-13,44.79499816894531
2023-10-16,45.095001220703125
2023-10-17,45.564998626708984
2023-10-18,45.97999954223633
2023-10-19,45.900001525878906
2023-10-20,45.130001068115234
2023-10-23,44.400001525878906
2023-10-24,43.775001525878906
2023-10-25,43.69499969482422
2023-10-26,43.35499954223633
2023-10-27,42.314998626708984
2023-10-30,42.45500183105469
2023-10-31,42.595001220703125
2023-11-01,42.494998931884766
2023-11-02,43.779998779296875
2023-11-03,43.34000015258789
2023-11-06,42.849998474121094
2023-11-07,41.900001525878906
2023-11-08,41.375
2023-11-09,41.25
2023-11-10,41.70500183105469
2023-11-13,42.005001068115234
2023-11-14,42.380001068115234
2023-11-15,42.29999923706055
2023-11-16,41.474998474121094
2023-11-17,42.345001220703125
2023-11-20,42.404998779296875
2023-11-21,42.310001373291016
2023-11-22,42.290000915527344
2023-11-24,42.46500015258789
2023-11-27,42.314998626708984
2023-11-28,42.32500076293945
2023-11-29,42.0099983215332
2023-11-30,42.290000915527344
2023-12-01,42.5099983215332
2023-12-04,42.314998626708984
2023-12-05,41.57500076293945
2023-12-06,40.95500183105469
2023-12-07,40.67499923706055
2023-12-08,41.1150016784668
2023-12-11,41.165000915527344
2023-12-12,40.599998474121094
2023-12-13,41.165000915527344
2023-12-14,42.375
2023-12-15,42.150001525878906
2023-12-18,42.09000015258789
2023-12-19,42.595001220703125
2023-12-20,42.20000076293945
2023-12-21,42.3650016784668
2023-12-22,42.4900016784668
2023-12-26,42.85499954223633
2023-12-27,42.665000915527344
2023-12-28,42.01499938964844
2023-12-29,41.91999816894531
2024-01-02,42.369998931884766
2024-01-03,43.060001373291016
2024-01-04,42.30500030517578
2024-01-05,42.34000015258789
2024-01-08,41.849998474121094
2024-01-09,41.18000030517578
2024-01-10,40.775001525878906
2024-01-11,40.880001068115234
2024-01-12,41.34000015258789
2024-01-16,40.35499954223633
2024-01-17,40.02000045776367
2024-01-18,39.95500183105469
2024-01-19,40.084999084472656
2024-01-22,40.23500061035156
2024-01-23,40.31999969482422
2024-01-24,40.89500045776367
2024-01-25,41.814998626708984
2024-01-26,42.125
2024-01-29,42.064998626708984
2024-01-30,42.5
2024-01-31,41.70500183105469
2024-02-01,41.70000076293945
2024-02-02,41.7599983215332
2024-02-05,41.654998779296875
2024-02-06,41.790000915527344
2024-02-07,41.875
2024-02-08,42.30500030517578
2024-02-09,41.654998779296875
2024-02-12,42.1150016784668
2024-02-13,41.689998626708984
2024-02-14,41.650001525878906
2024-02-15,42.810001373291016
2024-02-16,42.78499984741211
2024-02-20,42.39500045776367
2024-02-21,43.189998626708984
2024-02-22,43.26499938964844
2024-02-23,42.97999954223633
2024-02-26,43.130001068115234
2024-02-27,42.94499969482422
2024-02-28,42.86000061035156
2024-02-29,43.06999969482422
2024-03-01,43.56999969482422
2024-03-04,43.10499954223633
2024-03-05,43.42499923706055
2024-03-06,43.560001373291016
2024-03-07,43.93000030517578
2024-03-08,44.084999084472656
2024-03-11,44.540000915527344
2024-03-12,44.470001220703125
2024-03-13,45.18000030517578
2024-03-14,45.64500045776367
2024-03-15,45.779998779296875
2024-03-18,45.56999969482422
2024-03-19,46.09000015258789
2024-03-20,46.025001525878906
2024-03-21,46.29999923706055
2024-03-22,46.20000076293945
2024-03-25,46.630001068115234
2024-03-26,46.27000045776367
2024-03-27,46.70000076293945
2024-03-28,47.20500183105469
2024-04-01,47.55500030517578
2024-04-02,48.220001220703125
2024-04-03,48.54999923706055
2024-04-04,48.52000045776367
2024-04-05,49.040000915527344
2024-04-08,48.72999954223633
2024-04-09,48.744998931884766
2024-04-10,48.89500045776367
2024-04-11,48.86000061035156
2024-04-12,48.064998626708984
2024-04-15,47.6150016784668
2024-04-16,47.20000076293945
2024-04-17,47.064998626708984
2024-04-18,46.91999816894531
2024-04-19,47.48500061035156
2024-04-22,47.79499816894531
2024-04-23,48.060001373291016
2024-04-24,48.095001220703125
2024-04-25,48.314998626708984
2024-04-26,47.869998931884766
2024-04-29,48.19499969482422
2024-04-30,46.7599983215332
2024-05-01,46.01499938964844
2024-05-02,46.279998779296875
2024-05-03,46.28499984741211
2024-05-06,46.650001525878906
2024-05-07,46.60499954223633
2024-05-08,46.54999923706055
2024-05-09,47.17499923706055
2024-05-10,46.915000915527344
2024-05-13,46.790000915527344
2024-05-14,46.849998474121094
2024-05-15,46.95500183105469
2024-05-16,46.82500076293945
2024-05-17,47.47999954223633
2024-05-20,47.16999816894531
2024-05-21,46.939998626708984
2024-05-22,46.040000915527344
2024-05-23,45.619998931884766
2024-05-24,45.685001373291016
2024-05-28,46.154998779296875
2024-05-29,45.34000015258789
2024-05-30,45.470001220703125
2024-05-31,46.599998474121094
2024-06-03,45.380001068115234
2024-06-04,44.94499969482422
2024-06-05,44.939998626708984
2024-06-06,45.17499923706055
2024-06-07,44.994998931884766
2024-06-10,45.334999084472656
2024-06-11,45.244998931884766
2024-06-12,44.7599983215332
2024-06-13,44.349998474121094
2024-06-14,44.02000045776367
2024-06-17,44.1349983215332
2024-06-18,44.31999969482422
2024-06-20,45.1349983215332
2024-06-21,44.875
2024-06-24,45.63999938964844
2024-06-25,45.744998931884766
2024-06-26,45.29499816894531
2024-06-27,45.400001525878906
2024-06-28,45.57500076293945
2024-07-01,45.599998474121094
2024-07-02,45.564998626708984
2024-07-03,45.76499938964844
2024-07-05,45.04999923706055
2024-07-08,44.775001525878906
2024-07-09,44.380001068115234
2024-07-10,44.68000030517578
2024-07-11,45.14500045776367
2024-07-12,45.2599983215332
2024-07-15,45.94499969482422
2024-07-16,46.150001525878906
2024-07-17,46.61000061035156
2024-07-18,46.69499969482422
2024-07-19,46.185001373291016
2024-07-22,45.89500045776367
2024-07-23,45.165000915527344
2024-07-24,45.16999816894531
2024-07-25,45.95000076293945
2024-07-26,46.095001220703125
2024-07-29,45.70000076293945
2024-07-30,46.40999984741211
2024-07-31,46.60499954223633
2024-08-01,45.369998931884766
2024-08-02,44.20000076293945
2024-08-05,43.224998474121094
2024-08-06,43.4900016784668
2024-08-07,43.665000915527344
2024-08-08,44.60499954223633
2024-08-09,44.70500183105469
2024-08-12,44.92499923706055
2024-08-13,44.4900016784668
2024-08-14,44.75
2024-08-15,45.28499984741211
2024-08-16,45.23500061035156
2024-08-19,45.540000915527344
2024-08-20,44.34000015258789
2024-08-21,44.415000915527344
2024-08-22,44.529998779296875
2024-08-23,45.19499969482422
2024-08-26,45.599998474121094
2024-08-27,45.17499923706055
2024-08-28,44.8849983215332
2024-08-29,45.470001220703125
2024-08-30,45.63999938964844
2024-09-03,44.505001068115234
2024-09-04,43.88999938964844
2024-09-05,43.54999923706055
2024-09-06,43.005001068115234
2024-09-09,43.314998626708984
2024-09-10,42.56999969482422
2024-09-11,42.17499923706055
2024-09-12,42.55500030517578
2024-09-13,42.79499816894531
2024-09-16,43.28499984741211
2024-09-17,43.869998931884766
2024-09-18,43.95500183105469
2024-09-19,44.47999954223633
2024-09-20,44.380001068115234
2024-09-23,44.560001373291016
2024-09-24,44.45000076293945
2024-09-25,43.58000183105469
2024-09-26,42.724998474121094
2024-09-27,43.595001220703125
2024-09-30,43.900001525878906
2024-10-01,44.900001525878906
2024-10-02,45.36000061035156
2024-10-03,46.15999984741211
2024-10-04,46.59000015258789
2024-10-07,46.755001068115234
2024-10-08,45.53499984741211
2024-10-09,45.810001373291016
2024-10-10,46.119998931884766
2024-10-11,46.404998779296875
2024-10-14,46.3849983215332
2024-10-15,44.88999938964844
2024-10-16,45.10499954223633
2024-10-17,45.31999969482422
2024-10-18,45.16999816894531
2024-10-21,45.03499984741211
2024-10-22,45.13999938964844
2024-10-23,44.904998779296875
2024-10-24,44.900001525878906
2024-10-25,44.8849983215332
2024-10-28,44.599998474121094
2024-10-29,43.91999816894531
2024-10-30,44.02000045776367
2024-10-31,44.29499816894531
2024-11-01,44.01499938964844
2024-11-04,44.78499984741211
2024-11-05,45.084999084472656
2024-11-06,46.779998779296875
2024-11-07,46.564998626708984
2024-11-08,46.875
2024-11-11,47.13999938964844
2024-11-12,46.88999938964844
2024-11-13,47.255001068115234
2024-11-14,47.435001373291016
2024-11-15,47.3650016784668
2024-11-18,47.994998931884766
2024-11-19,47.689998626708984
2024-11-20,48.16999816894531
2024-11-21,48.560001373291016
2024-11-22,48.6349983215332
2024-11-25,47.67499923706055
2024-11-26,47.61000061035156
2024-11-27,47.560001373291016
2024-11-29,47.76499938964844
2024-12-02,47.2599983215332
2024-12-03,47.255001068115234
2024-12-04,46.1150016784668
2024-12-05,46.29499816894531
2024-12-06,45.5099983215332
2024-12-09,45.435001373291016
2024-12-10,45.125
2024-12-11,45.20000076293945
2024-12-12,44.834999084472656
2024-12-13,44.61000061035156
2024-12-16,43.630001068115234
2024-12-17,43.30500030517578
2024-12-18,42.025001525878906
2024-12-19,41.65999984741211
2024-12-20,42.06999969482422
2024-12-23,41.96500015258789
2024-12-24,42.31999969482422
2024-12-26,42.28499984741211
2024-12-27,42.279998779296875
2024-12-30,42.275001525878906
2024-12-31,42.83000183105469
2025-01-02,43.33000183105469
2025-01-03,43.73500061035156
2025-01-06,43.53499984741211
2025-01-07,43.970001220703125
2025-01-08,44.01499938964844
2025-01-10,44.19499969482422
2025-01-13,45.125
2025-01-14,45.61000061035156
2025-01-15,46.28499984741211
2025-01-16,46.619998931884766
2025-01-17,46.97999954223633
2025-01-21,46.7400016784668
2025-01-22,45.88999938964844
2025-01-23,46.099998474121094
2025-01-24,45.654998779296875
2025-01-27,45.18000030517578
2025-01-28,44.75
2025-01-29,44.849998474121094
2025-01-30,45.08000183105469
2025-01-31,43.81999969482422
2025-02-03,44.095001220703125
2025-02-04,45.02000045776367
2025-02-05,45.1150016784668
2025-02-06,44.28499984741211
2025-02-07,44.279998779296875
2025-02-10,45.255001068115234
2025-02-11,45.619998931884766
2025-02-12,44.52000045776367
2025-02-13,44.85499954223633
2025-02-14,45.03499984741211
2025-02-18,45.650001525878906
2025-02-19,46.0099983215332
2025-02-20,46.43000030517578
2025-02-21,45.46500015258789
2025-02-24,45.474998474121094
2025-02-25,44.81999969482422
2025-02-26,44.564998626708984
2025-02-27,44.80500030517578
2025-02-28,45.5
2025-03-03,43.90999984741211
2025-03-04,43.48500061035156
2025-03-05,42.849998474121094
2025-03-06,42.97999954223633
2025-03-07,43.71500015258789
2025-03-10,44.040000915527344
2025-03-11,43.689998626708984
2025-03-12,43.88999938964844
2025-03-13,43.59000015258789
2025-03-14,44.880001068115234
2025-03-17,45.595001220703125
2025-03-18,45.66999816894531
2025-03-19,46.415000915527344
2025-03-20,46.584999084472656
2025-03-21,46.2599983215332
2025-03-24,46.42499923706055
2025-03-25,46.6150016784668
2025-03-26,46.88999938964844
2025-03-27,46.435001373291016
2025-03-28,46.21500015258789
2025-03-31,46.724998474121094
2025-04-01,47.0
2025-04-02,47.064998626708984
2025-04-03,43.369998931884766
2025-04-04,39.380001068115234
2025-04-07,39.125
2025-04-08,38.220001220703125
2025-04-09,41.18000030517578
2025-04-10,38.4900016784668
2025-04-11,39.44499969482422
2025-04-14,39.584999084472656
2025-04-15,39.525001525878906
2025-04-16,39.849998474121094
2025-04-17,40.75
2025-04-21,39.685001373291016
2025-04-22,40.69499969482422
2025-04-23,40.619998931884766
2025-04-24,41.27000045776367
2025-04-25,41.19499969482422
2025-04-28,41.48500061035156
2025-04-29,41.3650016784668
2025-04-30,40.25
2025-05-01,40.400001525878906
2025-05-02,40.9900016784668
2025-05-05,40.25
2025-05-06,40.2599983215332
2025-05-07,40.275001525878906
2025-05-08,40.80500030517578
2025-05-09,41.21500015258789
2025-05-12,42.290000915527344
2025-05-13,42.8849983215332
2025-05-14,42.625
2025-05-15,42.80500030517578
2025-05-16,42.7400016784668
2025-05-19,42.185001373291016
2025-05-20,41.79499816894531
2025-05-21,41.025001525878906
2025-05-22,40.8650016784668
2025-05-23,40.994998931884766
2025-05-27,41.349998474121094
2025-05-28,40.82500076293945
2025-05-29,41.130001068115234
2025-05-30,40.76499938964844
2025-06-02,41.29999923706055
2025-06-03,41.790000915527344
2025-06-04,40.974998474121094
2025-06-05,40.935001373291016
2025-06-06,41.70500183105469
2025-06-09,41.78499984741211
2025-06-10,42.529998779296875
2025-06-11,43.14500045776367
2025-06-12,43.29499816894531
2025-06-13,44.04999923706055
2025-06-16,43.91999816894531
2025-06-17,44.33000183105469
2025-06-18,44.040000915527344
2025-06-20,44.4900016784668
2025-06-23,43.01499938964844
2025-06-24,42.45500183105469
2025-06-25,42.27000045776367
2025-06-26,42.875
2025-06-27,42.650001525878906
2025-06-30,42.404998779296875
2025-07-01,42.72999954223633
2025-07-02,43.46500015258789
2025-07-03,43.51499938964844
2025-07-07,43.095001220703125
2025-07-08,44.255001068115234
2025-07-09,44.029998779296875
2025-07-10,44.3650016784668
2025-07-11,44.564998626708984
2025-07-14,44.07500076293945
2025-07-15,43.439998626708984
2025-07-16,43.064998626708984
2025-07-17,43.33000183105469
2025-07-18,42.97999954223633
2025-07-21,42.53499984741211
2025-07-22,42.73500061035156
2025-07-23,43.404998779296875
2025-07-24,43.71500015258789
2025-07-25,43.54999923706055
2025-07-28,44.04499816894531
2025-07-29,44.474998474121094
2025-07-30,43.84000015258789
2025-07-31,43.60499954223633
2025-08-01,42.79499816894531
2025-08-04,42.70000076293945
2025-08-05,42.755001068115234
2025-08-06,42.36000061035156
2025-08-07,42.19499969482422
2025-08-08,42.46500015258789
2025-08-11,42.125
2025-08-12,42.33000183105469
2025-08-13,42.81999969482422
2025-08-14,42.779998779296875
2025-08-15,42.779998779296875
2025-08-18,42.525001525878906
2025-08-19,42.540000915527344
2025-08-20,42.89500045776367
2025-08-21,43.189998626708984
2025-08-22,44.06999969482422
2025-08-25,44.185001373291016
2025-08-26,44.1150016784668
2025-08-27,44.61000061035156
2025-08-28,44.95000076293945
2025-08-29,45.19499969482422
2025-09-02,45.2599983215332
2025-09-03,44.244998931884766
2025-09-04,44.540000915527344
2025-09-05,43.68000030517578
2025-09-08,43.58000183105469
2025-09-09,43.790000915527344
2025-09-10,44.55500030517578
2025-09-11,44.564998626708984
2025-09-12,44.29999923706055
2025-09-15,44.150001525878906
2025-09-16,44.88999938964844
2025-09-17,44.994998931884766
2025-09-18,44.85499954223633
2025-09-19,44.2599983215332
2025-09-22,43.834999084472656
2025-09-23,44.59000015258789
2025-09-24,45.16999816894531
2025-09-25,45.57500076293945
2025-09-26,45.994998931884766
2025-09-29,45.150001525878906
2025-09-30,44.66999816894531
2025-10-01,44.66999816894531
2025-10-02,44.220001220703125
2025-10-03,44.45500183105469
2025-10-06,44.67499923706055
2025-10-07,44.744998931884766
2025-10-08,44.48500061035156
2025-10-09,43.880001068115234
2025-10-10,42.61000061035156
2025-10-13,43.189998626708984
2025-10-14,43.185001373291016
2025-10-15,43.15999984741211
2025-10-16,42.63999938964844
2025-10-17,42.9900016784668
2025-10-20,43.44499969482422
2025-10-21,43.345001220703125
2025-10-22,43.900001525878906
2025-10-23,44.48500061035156
2025-10-24,44.03499984741211
2025-10-27,44.13999938964844
2025-10-28,43.68000030517578
2025-10-29,44.005001068115234
2025-10-30,43.744998931884766
2025-10-31,44.064998626708984
2025-11-03,44.06999969482422
2025-11-04,43.595001220703125
2025-11-05,43.709999084472656
2025-11-06,44.1349983215332
2025-11-07,44.77000045776367
2025-11-10,45.17499923706055
2025-11-11,45.76499938964844
2025-11-12,45.125
2025-11-13,45.2400016784668
2025-11-14,46.0099983215332
2025-11-17,45.16999816894531
2025-11-18,45.529998779296875
2025-11-19,44.939998626708984
2025-11-20,44.43000030517578
2025-11-21,44.709999084472656
2025-11-24,44.584999084472656
2025-11-25,44.30500030517578
2025-11-26,44.63999938964844
2025-11-28,45.224998474121094
2025-12-01,45.65999984741211
2025-12-02,45.06999969482422
2025-12-03,45.915000915527344
2025-12-04,46.11000061035156
2025-12-05,45.91999816894531
2025-12-08,45.41999816894531
2025-12-09,45.70000076293945
2025-12-10,46.18000030517578
2025-12-11,45.959999084472656
2025-12-12,45.5099983215332
2025-12-15,45.189998626708984
2025-12-16,43.810001373291016
2025-12-17,44.779998779296875
2025-12-18,44.130001068115234
2025-12-19,44.130001068115234
2025-12-22,44.209999084472656
2025-12-23,44.5
2025-12-24,44.369998931884766
2025-12-26,44.20000076293945
2025-12-29,44.619998931884766
2025-12-30,44.959999084472656
2025-12-31,44.709999084472656
2026-01-02,45.650001525878906
2026-01-05,46.88999938964844
2026-01-06,45.63999938964844
2026-01-07,45.130001068115234
2026-01-08,46.54999923706055
2026-01-09,46.66999816894531
2026-01-12,46.34000015258789
2026-01-13,47.0
2026-01-14,48.060001373291016
2026-01-15,47.61000061035156
2026-01-16,47.689998626708984
2026-01-20,47.599998474121094
2026-01-21,48.75
2026-01-22,48.90999984741211
2026-01-23,49.189998626708984
2026-01-26,49.220001220703125
2026-01-27,49.66999816894531
2026-01-28,50.04999923706055
2026-01-29,50.5099983215332
2026-01-30,51.04999923706055
2026-02-02,50.04999923706055
2026-02-03,51.66999816894531
2026-02-04,52.83000183105469
2026-02-05,52.209999084472656
2026-02-06,53.25
2026-02-09,53.63999938964844
2026-02-10,53.58000183105469
2026-02-11,54.97999954223633
2026-02-12,53.97999954223633
2026-02-13,54.349998474121094
2026-02-17,53.75
2026-02-18,54.779998779296875
2026-02-19,55.18000030517578
2026-02-20,54.880001068115234
2026-02-23,55.150001525878906
2026-02-24,55.099998474121094
2026-02-25,54.869998931884766
2026-02-26,55.04999923706055
2026-02-27,55.91999816894531
2026-03-02,57.040000915527344
2026-03-03,56.52000045776367
2026-03-04,56.189998626708984
2026-03-05,56.47999954223633
2026-03-06,56.56999969482422
2026-03-09,56.31999969482422
2026-03-10,55.599998474121094
2026-03-11,56.97999954223633
2026-03-12,57.5099983215332
2026-03-13,57.70000076293945
2026-03-16,57.900001525878906
2026-03-17,58.5099983215332
2026-03-18,58.43000030517578
2026-03-19,59.36000061035156
2026-03-20,59.310001373291016
2026-03-23,59.630001068115234
2026-03-24,60.84000015258789
2026-03-25,60.56999969482422
2026-03-26,61.52000045776367
2026-03-27,62.560001373291016
2026-03-30,61.959999084472656
2026-03-31,61.2599983215332
2026-04-01,58.970001220703125
2026-04-02,59.25
2026-04-06,59.68000030517578
2026-04-07,60.15999984741211
2026-04-08,58.04999923706055
2026-04-09,57.33000183105469
2026-04-10,56.939998626708984
2026-04-13,57.11000061035156
2026-04-14,55.95000076293945
2026-04-15,55.7599983215332
2026-04-16,56.58000183105469
2026-04-17,55.02000045776367
2026-04-20,55.06999969482422
2026-04-21,55.869998931884766
2026-04-22,56.540000915527344
2026-04-23,56.97999954223633
2026-04-24,56.869998931884766
2026-04-27,56.77000045776367
2026-04-28,57.709999084472656
2026-04-29,59.029998779296875
2026-04-30,59.650001525878906
2026-05-01,58.849998474121094
2026-05-04,59.38999938964844
2026-05-05,59.45000076293945
2026-05-06,57.0
2026-05-07,55.95000076293945
2026-05-08,55.70000076293945
2026-05-11,57.16999816894531
2026-05-12,57.56999969482422
2026-05-13,57.630001068115234
2026-05-14,58.06999969482422
2026-05-15,59.439998626708984
2026-05-18,60.58000183105469
2026-05-19,61.290000915527344
2026-05-20,59.79999923706055
2026-05-21,59.130001068115234
2026-05-22,59.4900016784668
2026-05-26,57.849998474121094
