date,value
1998-12-22,16.0234375
1998-12-23,16.40625
1998-12-24,16.34375
1998-12-28,16.390625
1998-12-29,16.4375
1998-12-30,16.375
1998-12-31,16.3125
1999-01-04,16.5
1999-01-05,16.921875
1999-01-06,17.421875
1999-01-07,17.3671875
1999-01-08,17.4375
1999-01-11,17.609375
1999-01-12,17.1328125
1999-01-13,17.125
1999-01-14,16.890625
1999-01-15,17.390625
1999-01-19,17.9921875
1999-01-20,18.15625
1999-01-21,17.6875
1999-01-22,17.375
1999-01-25,17.6796875
1999-01-26,18.390625
1999-01-27,18.0
1999-01-28,18.6328125
1999-01-29,18.90625
1999-02-01,18.921875
1999-02-02,18.6015625
1999-02-03,18.734375
1999-02-04,18.09375
1999-02-05,17.65625
1999-02-08,17.953125
1999-02-09,17.25
1999-02-10,17.375
1999-02-11,18.109375
1999-02-12,17.390625
1999-02-16,17.3125
1999-02-17,16.921875
1999-02-18,17.015625
1999-02-19,17.171875
1999-02-22,17.78125
1999-02-23,18.015625
1999-02-24,17.515625
1999-02-25,17.5625
1999-02-26,17.03125
1999-03-01,16.953125
1999-03-02,16.5
1999-03-03,16.78125
1999-03-04,16.953125
1999-03-05,17.34375
1999-03-08,17.84375
1999-03-09,17.65625
1999-03-10,17.65625
1999-03-11,17.625
1999-03-12,17.46875
1999-03-15,17.75
1999-03-16,18.0546875
1999-03-17,17.9375
1999-03-18,18.1875
1999-03-19,17.75
1999-03-22,17.75
1999-03-23,17.234375
1999-03-24,17.5703125
1999-03-25,17.984375
1999-03-26,17.890625
1999-03-29,18.5625
1999-03-30,18.53125
1999-03-31,18.296875
1999-04-01,18.5859375
1999-04-05,19.2265625
1999-04-06,19.390625
1999-04-07,19.34375
1999-04-08,19.53125
1999-04-09,19.5
1999-04-12,19.203125
1999-04-13,18.90625
1999-04-14,18.4375
1999-04-15,18.59375
1999-04-16,18.09375
1999-04-19,17.21875
1999-04-20,17.65625
1999-04-21,18.125
1999-04-22,18.9609375
1999-04-23,19.0
1999-04-26,19.484375
1999-04-27,19.0
1999-04-28,18.75
1999-04-29,18.5546875
1999-04-30,18.40625
1999-05-03,18.5625
1999-05-04,18.28125
1999-05-05,18.65625
1999-05-06,18.1875
1999-05-07,18.5
1999-05-10,18.65625
1999-05-11,18.9375
1999-05-12,19.3125
1999-05-13,19.2578125
1999-05-14,18.75
1999-05-17,19.015625
1999-05-18,19.1875
1999-05-19,19.25
1999-05-20,19.0
1999-05-21,18.78125
1999-05-24,18.375
1999-05-25,17.9921875
1999-05-26,18.3671875
1999-05-27,18.234375
1999-05-28,18.46875
1999-06-01,18.0546875
1999-06-02,18.25
1999-06-03,18.125
1999-06-04,18.6640625
1999-06-07,19.0
1999-06-08,18.5625
1999-06-09,18.84375
1999-06-10,18.5625
1999-06-11,18.3125
1999-06-14,18.2265625
1999-06-15,18.390625
1999-06-16,19.1484375
1999-06-17,19.359375
1999-06-18,19.53125
1999-06-21,20.0234375
1999-06-22,19.6015625
1999-06-23,19.75
1999-06-24,19.34375
1999-06-25,19.3671875
1999-06-28,19.6875
1999-06-29,19.9375
1999-06-30,20.2421875
1999-07-01,20.46875
1999-07-02,20.734375
1999-07-06,20.6171875
1999-07-07,20.859375
1999-07-08,21.140625
1999-07-09,21.3671875
1999-07-12,21.3984375
1999-07-13,21.3046875
1999-07-14,21.5703125
1999-07-15,21.7265625
1999-07-16,21.921875
1999-07-19,21.65625
1999-07-20,20.7578125
1999-07-21,20.9375
1999-07-22,20.2890625
1999-07-23,20.34375
1999-07-26,19.8828125
1999-07-27,20.375
1999-07-28,20.5625
1999-07-29,20.21875
1999-07-30,20.0078125
1999-08-02,19.96875
1999-08-03,19.890625
1999-08-04,19.6484375
1999-08-05,19.8046875
1999-08-06,19.8125
1999-08-09,19.5859375
1999-08-10,19.2578125
1999-08-11,19.875
1999-08-12,19.625
1999-08-13,20.25
1999-08-16,20.3125
1999-08-17,20.40625
1999-08-18,20.171875
1999-08-19,19.96875
1999-08-20,20.03125
1999-08-23,20.4921875
1999-08-24,20.8125
1999-08-25,21.25
1999-08-26,20.9921875
1999-08-27,20.875
1999-08-30,20.53125
1999-08-31,20.7109375
1999-09-01,20.8203125
1999-09-02,20.7421875
1999-09-03,21.5
1999-09-07,21.5078125
1999-09-08,21.359375
1999-09-09,21.546875
1999-09-10,21.78125
1999-09-13,21.484375
1999-09-14,21.71875
1999-09-15,21.265625
1999-09-16,21.171875
1999-09-17,21.59375
1999-09-20,21.6875
1999-09-21,21.2421875
1999-09-22,21.28125
1999-09-23,20.5
1999-09-24,20.546875
1999-09-27,20.7578125
1999-09-28,20.8515625
1999-09-29,20.46875
1999-09-30,20.625
1999-10-01,20.5
1999-10-04,21.0
1999-10-05,21.125
1999-10-06,21.3828125
1999-10-07,21.2734375
1999-10-08,21.2578125
1999-10-11,21.46875
1999-10-12,21.0859375
1999-10-13,20.53125
1999-10-14,20.4140625
1999-10-15,19.9296875
1999-10-18,19.75
1999-10-19,19.4375
1999-10-20,20.21875
1999-10-21,19.890625
1999-10-22,19.9375
1999-10-25,19.9921875
1999-10-26,20.0
1999-10-27,19.9765625
1999-10-28,20.4921875
1999-10-29,21.25
1999-11-01,21.21875
1999-11-02,21.125
1999-11-03,21.4375
1999-11-04,21.6015625
1999-11-05,21.8359375
1999-11-08,22.0546875
1999-11-09,21.8125
1999-11-10,22.1953125
1999-11-11,22.5
1999-11-12,22.625
1999-11-15,22.5234375
1999-11-16,23.0
1999-11-17,22.78125
1999-11-18,23.5546875
1999-11-19,23.7734375
1999-11-22,23.921875
1999-11-23,23.7109375
1999-11-24,24.078125
1999-11-26,24.265625
1999-11-29,24.0546875
1999-11-30,23.3359375
1999-12-01,23.5625
1999-12-02,24.125
1999-12-03,24.8125
1999-12-06,24.984375
1999-12-07,25.046875
1999-12-08,24.78125
1999-12-09,24.71875
1999-12-10,24.84375
1999-12-13,25.0078125
1999-12-14,24.53125
1999-12-15,25.03125
1999-12-16,25.5
1999-12-17,25.78125
1999-12-20,26.03125
1999-12-21,26.53125
1999-12-22,26.53125
1999-12-23,26.671875
1999-12-27,26.875
1999-12-28,26.625
1999-12-29,27.0546875
1999-12-30,27.03125
1999-12-31,26.9375
2000-01-03,27.71875
2000-01-04,26.3125
2000-01-05,25.921875
2000-01-06,25.0625
2000-01-07,25.5
2000-01-10,26.46875
2000-01-11,25.71875
2000-01-12,25.609375
2000-01-13,25.84375
2000-01-14,26.4375
2000-01-18,26.578125
2000-01-19,26.625
2000-01-20,26.78125
2000-01-21,26.8125
2000-01-24,25.9375
2000-01-25,26.4921875
2000-01-26,25.625
2000-01-27,25.375
2000-01-28,24.46875
2000-01-31,25.28125
2000-02-01,25.8125
2000-02-02,26.0
2000-02-03,26.75
2000-02-04,27.0625
2000-02-07,27.375
2000-02-08,27.625
2000-02-09,27.28125
2000-02-10,27.9296875
2000-02-11,27.1875
2000-02-14,27.203125
2000-02-15,27.28125
2000-02-16,27.140625
2000-02-17,27.75
2000-02-18,26.8125
2000-02-22,26.75
2000-02-23,27.5625
2000-02-24,27.90625
2000-02-25,27.640625
2000-02-28,27.3125
2000-02-29,27.9375
2000-03-01,28.21875
2000-03-02,28.5
2000-03-03,29.2890625
2000-03-06,29.2421875
2000-03-07,28.4375
2000-03-08,28.9375
2000-03-09,29.8125
2000-03-10,29.875
2000-03-13,29.4375
2000-03-14,28.765625
2000-03-15,28.265625
2000-03-16,29.25
2000-03-17,29.9375
2000-03-20,29.8125
2000-03-21,30.59375
2000-03-22,31.125
2000-03-23,31.71875
2000-03-24,31.9921875
2000-03-27,32.25
2000-03-28,31.46875
2000-03-29,30.546875
2000-03-30,29.71875
2000-03-31,30.28125
2000-04-03,29.0
2000-04-04,28.71875
2000-04-05,28.90625
2000-04-06,29.28125
2000-04-07,30.28125
2000-04-10,29.1875
2000-04-11,28.46875
2000-04-12,26.625
2000-04-13,26.1171875
2000-04-14,24.75
2000-04-17,26.09375
2000-04-18,27.578125
2000-04-19,26.671875
2000-04-20,26.4375
2000-04-24,25.625
2000-04-25,27.109375
2000-04-26,26.59375
2000-04-27,27.421875
2000-04-28,27.5
2000-05-01,27.890625
2000-05-02,27.375
2000-05-03,26.1875
2000-05-04,26.0
2000-05-05,26.7109375
2000-05-08,25.765625
2000-05-09,25.2890625
2000-05-10,24.0625
2000-05-11,24.7421875
2000-05-12,25.0625
2000-05-15,25.53125
2000-05-16,26.296875
2000-05-17,25.921875
2000-05-18,25.265625
2000-05-19,24.28125
2000-05-22,24.171875
2000-05-23,23.0
2000-05-24,23.90625
2000-05-25,23.515625
2000-05-26,23.59375
2000-05-30,25.125
2000-05-31,24.640625
2000-06-01,25.75
2000-06-02,26.921875
2000-06-05,27.0
2000-06-06,26.625
2000-06-07,27.125
2000-06-08,27.0
2000-06-09,27.0625
2000-06-12,26.5
2000-06-13,27.0625
2000-06-14,26.5625
2000-06-15,27.09375
2000-06-16,27.1875
2000-06-19,28.046875
2000-06-20,28.125
2000-06-21,28.375
2000-06-22,27.5
2000-06-23,26.9140625
2000-06-26,27.09375
2000-06-27,26.828125
2000-06-28,27.09375
2000-06-29,26.5625
2000-06-30,27.09375
2000-07-03,27.28125
2000-07-05,26.40625
2000-07-06,26.8125
2000-07-07,27.25
2000-07-10,26.953125
2000-07-11,26.734375
2000-07-12,27.421875
2000-07-13,27.953125
2000-07-14,28.46875
2000-07-17,28.703125
2000-07-18,28.125
2000-07-19,27.5
2000-07-20,28.078125
2000-07-21,27.46875
2000-07-24,26.796875
2000-07-25,27.25
2000-07-26,26.890625
2000-07-27,26.109375
2000-07-28,25.140625
2000-07-31,25.65625
2000-08-01,25.359375
2000-08-02,25.25
2000-08-03,25.734375
2000-08-04,25.734375
2000-08-07,26.265625
2000-08-08,26.3125
2000-08-09,26.40625
2000-08-10,25.84375
2000-08-11,25.9375
2000-08-14,26.46875
2000-08-15,26.53125
2000-08-16,26.5625
2000-08-17,27.0625
2000-08-18,27.09375
2000-08-21,27.21875
2000-08-22,27.21875
2000-08-23,27.484375
2000-08-24,27.7421875
2000-08-25,27.6484375
2000-08-28,27.875
2000-08-29,27.90625
2000-08-30,27.71875
2000-08-31,28.265625
2000-09-01,28.28125
2000-09-05,27.640625
2000-09-06,26.9375
2000-09-07,27.375
2000-09-08,26.5
2000-09-11,25.8125
2000-09-12,25.4375
2000-09-13,25.6875
2000-09-14,25.828125
2000-09-15,25.3828125
2000-09-18,24.8125
2000-09-19,25.78125
2000-09-20,25.875
2000-09-21,25.34375
2000-09-22,24.625
2000-09-25,24.109375
2000-09-26,23.6015625
2000-09-27,23.4375
2000-09-28,24.25
2000-09-29,23.1875
2000-10-02,23.015625
2000-10-03,22.40625
2000-10-04,23.0078125
2000-10-05,22.6796875
2000-10-06,22.2109375
2000-10-09,22.0859375
2000-10-10,21.4375
2000-10-11,20.75
2000-10-12,20.03125
2000-10-13,21.71875
2000-10-16,21.375
2000-10-17,20.8125
2000-10-18,20.484375
2000-10-19,22.3046875
2000-10-20,22.640625
2000-10-23,22.5
2000-10-24,22.0625
2000-10-25,20.5078125
2000-10-26,21.0
2000-10-27,21.1796875
2000-10-30,20.890625
2000-10-31,21.859375
2000-11-01,21.4375
2000-11-02,21.9921875
2000-11-03,22.15625
2000-11-06,21.8125
2000-11-07,21.96875
2000-11-08,20.8125
2000-11-09,20.5078125
2000-11-10,19.375
2000-11-13,19.3125
2000-11-14,20.359375
2000-11-15,20.5
2000-11-16,19.84375
2000-11-17,20.0
2000-11-20,19.1875
2000-11-21,19.28125
2000-11-22,18.578125
2000-11-24,19.3125
2000-11-27,19.203125
2000-11-28,18.4296875
2000-11-29,18.34375
2000-11-30,17.375
2000-12-01,17.6015625
2000-12-04,17.5
2000-12-05,19.15625
2000-12-06,18.625
2000-12-07,18.0078125
2000-12-08,18.84375
2000-12-11,19.5546875
2000-12-12,19.15625
2000-12-13,18.34375
2000-12-14,18.0625
2000-12-15,17.34375
2000-12-18,17.0
2000-12-19,16.5
2000-12-20,15.265625
2000-12-21,15.3125
2000-12-22,16.3671875
2000-12-26,16.09375
2000-12-27,16.25
2000-12-28,16.171875
2000-12-29,15.65625
2001-01-02,14.75
2001-01-03,17.125
2001-01-04,17.296875
2001-01-05,16.25
2001-01-08,16.203125
2001-01-09,16.5625
2001-01-10,17.0625
2001-01-11,17.78125
2001-01-12,17.515625
2001-01-16,17.3125
2001-01-17,17.84375
2001-01-18,18.78125
2001-01-19,19.0390625
2001-01-22,18.6875
2001-01-23,19.0
2001-01-24,19.234375
2001-01-25,18.5625
2001-01-26,18.6875
2001-01-29,19.079999923706055
2001-01-30,19.125
2001-01-31,18.649999618530273
2001-02-01,18.639999389648438
2001-02-02,17.81999969482422
2001-02-05,17.709999084472656
2001-02-06,17.815000534057617
2001-02-07,17.354999542236328
2001-02-08,17.100000381469727
2001-02-09,16.309999465942383
2001-02-12,16.450000762939453
2001-02-13,16.170000076293945
2001-02-14,16.549999237060547
2001-02-15,17.049999237060547
2001-02-16,15.994999885559082
2001-02-20,15.135000228881836
2001-02-21,14.75
2001-02-22,14.774999618530273
2001-02-23,14.664999961853027
2001-02-26,14.899999618530273
2001-02-27,14.329999923706055
2001-02-28,14.005000114440918
2001-03-01,14.399999618530273
2001-03-02,13.899999618530273
2001-03-05,14.199999809265137
2001-03-06,14.800000190734863
2001-03-07,14.819999694824219
2001-03-08,14.524999618530273
2001-03-09,13.574999809265137
2001-03-12,12.850000381469727
2001-03-13,13.489999771118164
2001-03-14,13.15999984741211
2001-03-15,13.005000114440918
2001-03-16,12.720000267028809
2001-03-19,13.114999771118164
2001-03-20,12.484999656677246
2001-03-21,12.545000076293945
2001-03-22,13.119999885559082
2001-03-23,13.399999618530273
2001-03-26,13.225000381469727
2001-03-27,13.649999618530273
2001-03-28,12.640000343322754
2001-03-29,12.475000381469727
2001-03-30,12.399999618530273
2001-04-02,12.100000381469727
2001-04-03,11.289999961853027
2001-04-04,11.074999809265137
2001-04-05,12.244999885559082
2001-04-06,11.675000190734863
2001-04-09,11.704999923706055
2001-04-10,12.489999771118164
2001-04-11,12.944999694824219
2001-04-12,13.270000457763672
2001-04-16,12.949999809265137
2001-04-17,13.085000038146973
2001-04-18,14.274999618530273
2001-04-19,15.175000190734863
2001-04-20,15.0
2001-04-23,14.170000076293945
2001-04-24,13.949999809265137
2001-04-25,14.194999694824219
2001-04-26,13.994999885559082
2001-04-27,14.1850004196167
2001-04-30,14.404999732971191
2001-05-01,14.75
2001-05-02,15.045000076293945
2001-05-03,14.5649995803833
2001-05-04,14.774999618530273
2001-05-07,14.760000228881836
2001-05-08,14.824999809265137
2001-05-09,14.619999885559082
2001-05-10,14.404999732971191
2001-05-11,14.25
2001-05-14,14.050000190734863
2001-05-15,14.024999618530273
2001-05-16,14.595000267028809
2001-05-17,14.680000305175781
2001-05-18,14.744999885559082
2001-05-21,15.399999618530273
2001-05-22,15.369999885559082
2001-05-23,14.994999885559082
2001-05-24,15.109999656677246
2001-05-25,14.824999809265137
2001-05-29,14.270000457763672
2001-05-30,13.6899995803833
2001-05-31,13.8149995803833
2001-06-01,14.050000190734863
2001-06-04,14.020000457763672
2001-06-05,14.574999809265137
2001-06-06,14.4350004196167
2001-06-07,14.845000267028809
2001-06-08,14.515000343322754
2001-06-11,14.274999618530273
2001-06-12,14.164999961853027
2001-06-13,13.845000267028809
2001-06-14,13.350000381469727
2001-06-15,13.225000381469727
2001-06-18,12.895000457763672
2001-06-19,12.944999694824219
2001-06-20,13.079999923706055
2001-06-21,13.324999809265137
2001-06-22,13.199999809265137
2001-06-25,13.390000343322754
2001-06-26,13.46500015258789
2001-06-27,13.494999885559082
2001-06-28,13.760000228881836
2001-06-29,14.085000038146973
2001-07-02,14.074999809265137
2001-07-03,14.024999618530273
2001-07-05,13.574999809265137
2001-07-06,12.949999809265137
2001-07-09,13.114999771118164
2001-07-10,12.71500015258789
2001-07-11,12.779999732971191
2001-07-12,13.630000114440918
2001-07-13,13.670000076293945
2001-07-16,13.34000015258789
2001-07-17,13.5
2001-07-18,12.984999656677246
2001-07-19,13.225000381469727
2001-07-20,13.149999618530273
2001-07-23,12.829999923706055
2001-07-24,12.65999984741211
2001-07-25,12.930000305175781
2001-07-26,13.175000190734863
2001-07-27,13.154999732971191
2001-07-30,13.114999771118164
2001-07-31,13.109999656677246
2001-08-01,13.460000038146973
2001-08-02,13.645000457763672
2001-08-03,13.449999809265137
2001-08-06,13.28499984741211
2001-08-07,13.210000038146973
2001-08-08,12.78499984741211
2001-08-09,12.789999961853027
2001-08-10,12.770000457763672
2001-08-13,12.819999694824219
2001-08-14,12.654999732971191
2001-08-15,12.369999885559082
2001-08-16,12.4350004196167
2001-08-17,12.0649995803833
2001-08-20,12.145000457763672
2001-08-21,11.789999961853027
2001-08-22,11.90999984741211
2001-08-23,11.899999618530273
2001-08-24,12.479999542236328
2001-08-27,12.449999809265137
2001-08-28,12.104999542236328
2001-08-29,11.875
2001-08-30,11.414999961853027
2001-08-31,11.510000228881836
2001-09-04,11.260000228881836
2001-09-05,11.164999961853027
2001-09-06,10.635000228881836
2001-09-07,10.510000228881836
2001-09-10,10.734999656677246
2001-09-17,10.050000190734863
2001-09-18,9.960000038146973
2001-09-19,9.869999885559082
2001-09-20,9.4399995803833
2001-09-21,9.170000076293945
2001-09-24,9.6850004196167
2001-09-25,9.774999618530273
2001-09-26,9.444999694824219
2001-09-27,9.369999885559082
2001-09-28,9.625
2001-10-01,9.5
2001-10-02,9.489999771118164
2001-10-03,10.125
2001-10-04,10.34000015258789
2001-10-05,10.335000038146973
2001-10-08,10.404999732971191
2001-10-09,10.164999961853027
2001-10-10,10.479999542236328
2001-10-11,10.984999656677246
2001-10-12,10.960000038146973
2001-10-15,10.885000228881836
2001-10-16,11.0
2001-10-17,10.5
2001-10-18,10.475000381469727
2001-10-19,10.614999771118164
2001-10-22,10.864999771118164
2001-10-23,10.875
2001-10-24,11.010000228881836
2001-10-25,11.274999618530273
2001-10-26,11.289999961853027
2001-10-29,10.75
2001-10-30,10.529999732971191
2001-10-31,10.675000190734863
2001-11-01,11.045000076293945
2001-11-02,11.0600004196167
2001-11-05,11.399999618530273
2001-11-06,11.800000190734863
2001-11-07,11.75
2001-11-08,11.8100004196167
2001-11-09,11.765000343322754
2001-11-12,11.854999542236328
2001-11-13,12.274999618530273
2001-11-14,12.34000015258789
2001-11-15,12.265000343322754
2001-11-16,12.225000381469727
2001-11-19,12.479999542236328
2001-11-20,12.130000114440918
2001-11-21,12.010000228881836
2001-11-23,12.194999694824219
2001-11-26,12.404999732971191
2001-11-27,12.364999771118164
2001-11-28,11.975000381469727
2001-11-29,12.295000076293945
2001-11-30,12.270000457763672
2001-12-03,12.095000267028809
2001-12-04,12.475000381469727
2001-12-05,13.074999809265137
2001-12-06,13.039999961853027
2001-12-07,12.800000190734863
2001-12-10,12.520000457763672
2001-12-11,12.609999656677246
2001-12-12,12.65999984741211
2001-12-13,12.210000038146973
2001-12-14,12.260000228881836
2001-12-17,12.494999885559082
2001-12-18,12.545000076293945
2001-12-19,12.364999771118164
2001-12-20,11.9399995803833
2001-12-21,12.100000381469727
2001-12-24,12.055000305175781
2001-12-26,12.149999618530273
2001-12-27,12.255000114440918
2001-12-28,12.279999732971191
2001-12-31,12.0
2002-01-02,12.300000190734863
2002-01-03,12.84000015258789
2002-01-04,12.920000076293945
2002-01-07,12.779999732971191
2002-01-08,12.875
2002-01-09,12.774999618530273
2002-01-10,12.670000076293945
2002-01-11,12.550000190734863
2002-01-14,12.354999542236328
2002-01-15,12.4350004196167
2002-01-16,12.130000114440918
2002-01-17,12.430000305175781
2002-01-18,12.015000343322754
2002-01-22,11.585000038146973
2002-01-23,11.760000228881836
2002-01-24,11.9350004196167
2002-01-25,11.890000343322754
2002-01-28,11.975000381469727
2002-01-29,11.550000190734863
2002-01-30,11.699999809265137
2002-01-31,11.869999885559082
2002-02-01,11.649999618530273
2002-02-04,11.319999694824219
2002-02-05,11.145000457763672
2002-02-06,11.079999923706055
2002-02-07,10.914999961853027
2002-02-08,11.125
2002-02-11,11.375
2002-02-12,11.1899995803833
2002-02-13,11.369999885559082
2002-02-14,11.25
2002-02-15,10.925000190734863
2002-02-19,10.539999961853027
2002-02-20,10.670000076293945
2002-02-21,10.175000190734863
2002-02-22,10.239999771118164
2002-02-25,10.585000038146973
2002-02-26,10.520000457763672
2002-02-27,10.444999694824219
2002-02-28,10.324999809265137
2002-03-01,10.845000267028809
2002-03-04,11.239999771118164
2002-03-05,11.274999618530273
2002-03-06,11.385000228881836
2002-03-07,11.345000267028809
2002-03-08,11.645000457763672
2002-03-11,11.680000305175781
2002-03-12,11.430000305175781
2002-03-13,11.130000114440918
2002-03-14,11.0
2002-03-15,11.079999923706055
2002-03-18,11.114999771118164
2002-03-19,11.15999984741211
2002-03-20,10.819999694824219
2002-03-21,11.03499984741211
2002-03-22,10.875
2002-03-25,10.630000114440918
2002-03-26,10.710000038146973
2002-03-27,10.704999923706055
2002-03-28,10.835000038146973
2002-04-01,10.954999923706055
2002-04-02,10.635000228881836
2002-04-03,10.470000267028809
2002-04-04,10.515000343322754
2002-04-05,10.350000381469727
2002-04-08,10.300000190734863
2002-04-09,10.039999961853027
2002-04-10,10.069999694824219
2002-04-11,9.734999656677246
2002-04-12,9.899999618530273
2002-04-15,9.925000190734863
2002-04-16,10.375
2002-04-17,10.414999961853027
2002-04-18,10.305000305175781
2002-04-19,10.274999618530273
2002-04-22,10.020000457763672
2002-04-23,9.8149995803833
2002-04-24,9.664999961853027
2002-04-25,9.729999542236328
2002-04-26,9.399999618530273
2002-04-29,9.34000015258789
2002-04-30,9.524999618530273
2002-05-01,9.444999694824219
2002-05-02,9.204999923706055
2002-05-03,8.984999656677246
2002-05-06,8.729999542236328
2002-05-07,8.729999542236328
2002-05-08,9.635000228881836
2002-05-09,9.319999694824219
2002-05-10,9.0
2002-05-13,9.354999542236328
2002-05-14,9.805000305175781
2002-05-15,9.774999618530273
2002-05-16,9.920000076293945
2002-05-17,9.970000267028809
2002-05-20,9.710000038146973
2002-05-21,9.470000267028809
2002-05-22,9.585000038146973
2002-05-23,9.65999984741211
2002-05-24,9.449999809265137
2002-05-28,9.364999771118164
2002-05-29,9.1899995803833
2002-05-30,9.234999656677246
2002-05-31,9.130000114440918
2002-06-03,8.859999656677246
2002-06-04,8.984999656677246
2002-06-05,9.095000267028809
2002-06-06,8.875
2002-06-07,8.680000305175781
2002-06-10,8.600000381469727
2002-06-11,8.40999984741211
2002-06-12,8.579999923706055
2002-06-13,8.4350004196167
2002-06-14,8.420000076293945
2002-06-17,8.704999923706055
2002-06-18,8.609999656677246
2002-06-19,8.270000457763672
2002-06-20,8.079999923706055
2002-06-21,7.849999904632568
2002-06-24,7.985000133514404
2002-06-25,7.710000038146973
2002-06-26,7.715000152587891
2002-06-27,7.920000076293945
2002-06-28,7.909999847412109
2002-07-01,7.574999809265137
2002-07-02,7.349999904632568
2002-07-03,7.619999885559082
2002-07-05,8.029999732971191
2002-07-08,7.789999961853027
2002-07-09,7.675000190734863
2002-07-10,7.46999979019165
2002-07-11,7.744999885559082
2002-07-12,7.710000038146973
2002-07-15,7.860000133514404
2002-07-16,7.769999980926514
2002-07-17,7.824999809265137
2002-07-18,7.659999847412109
2002-07-19,7.420000076293945
2002-07-22,7.03000020980835
2002-07-23,6.679999828338623
2002-07-24,7.025000095367432
2002-07-25,6.605000019073486
2002-07-26,6.695000171661377
2002-07-29,7.090000152587891
2002-07-30,7.199999809265137
2002-07-31,7.159999847412109
2002-08-01,6.84499979019165
2002-08-02,6.699999809265137
2002-08-05,6.409999847412109
2002-08-06,6.679999828338623
2002-08-07,6.800000190734863
2002-08-08,7.050000190734863
2002-08-09,7.025000095367432
2002-08-12,6.960000038146973
2002-08-13,6.800000190734863
2002-08-14,7.224999904632568
2002-08-15,7.324999809265137
2002-08-16,7.5
2002-08-19,7.775000095367432
2002-08-20,7.554999828338623
2002-08-21,7.789999961853027
2002-08-22,7.880000114440918
2002-08-23,7.59499979019165
2002-08-26,7.644999980926514
2002-08-27,7.389999866485596
2002-08-28,7.184999942779541
2002-08-29,7.284999847412109
2002-08-30,7.099999904632568
2002-09-03,6.75
2002-09-04,6.960000038146973
2002-09-05,6.724999904632568
2002-09-06,6.949999809265137
2002-09-09,7.025000095367432
2002-09-10,7.144999980926514
2002-09-11,7.184999942779541
2002-09-12,6.920000076293945
2002-09-13,6.949999809265137
2002-09-16,6.835000038146973
2002-09-17,6.75
2002-09-18,6.679999828338623
2002-09-19,6.380000114440918
2002-09-20,6.414999961853027
2002-09-23,6.215000152587891
2002-09-24,6.114999771118164
2002-09-25,6.349999904632568
2002-09-26,6.275000095367432
2002-09-27,6.119999885559082
2002-09-30,5.914999961853027
2002-10-01,6.235000133514404
2002-10-02,6.09499979019165
2002-10-03,6.079999923706055
2002-10-04,5.949999809265137
2002-10-07,5.84499979019165
2002-10-08,5.84499979019165
2002-10-09,5.789999961853027
2002-10-10,6.09499979019165
2002-10-11,6.480000019073486
2002-10-14,6.489999771118164
2002-10-15,6.900000095367432
2002-10-16,6.525000095367432
2002-10-17,6.800000190734863
2002-10-18,6.889999866485596
2002-10-21,7.03000020980835
2002-10-22,7.0
2002-10-23,7.190000057220459
2002-10-24,7.074999809265137
2002-10-25,7.264999866485596
2002-10-28,7.25
2002-10-29,7.130000114440918
2002-10-30,7.375
2002-10-31,7.380000114440918
2002-11-01,7.599999904632568
2002-11-04,7.894999980926514
2002-11-05,7.84499979019165
2002-11-06,7.96999979019165
2002-11-07,7.65500020980835
2002-11-08,7.599999904632568
2002-11-11,7.335000038146973
2002-11-12,7.539999961853027
2002-11-13,7.574999809265137
2002-11-14,7.880000114440918
2002-11-15,7.894999980926514
2002-11-18,7.804999828338623
2002-11-19,7.679999828338623
2002-11-20,8.0
2002-11-21,8.414999961853027
2002-11-22,8.385000228881836
2002-11-25,8.510000228881836
2002-11-26,8.265000343322754
2002-11-27,8.600000381469727
2002-11-29,8.550000190734863
2002-12-02,8.574999809265137
2002-12-03,8.274999618530273
2002-12-04,8.149999618530273
2002-12-05,7.96999979019165
2002-12-06,8.045000076293945
2002-12-09,7.664999961853027
2002-12-10,7.789999961853027
2002-12-11,7.849999904632568
2002-12-12,7.815000057220459
2002-12-13,7.639999866485596
2002-12-16,7.900000095367432
2002-12-17,7.860000133514404
2002-12-18,7.644999980926514
2002-12-19,7.614999771118164
2002-12-20,7.675000190734863
2002-12-23,7.769999980926514
2002-12-24,7.690000057220459
2002-12-26,7.650000095367432
2002-12-27,7.514999866485596
2002-12-30,7.440000057220459
2002-12-31,7.400000095367432
2003-01-02,7.800000190734863
2003-01-03,7.829999923706055
2003-01-06,8.175000190734863
2003-01-07,8.260000228881836
2003-01-08,7.989999771118164
2003-01-09,8.225000381469727
2003-01-10,8.270000457763672
2003-01-13,8.225000381469727
2003-01-14,8.34000015258789
2003-01-15,8.175000190734863
2003-01-16,8.0
2003-01-17,7.610000133514404
2003-01-21,7.559999942779541
2003-01-22,7.510000228881836
2003-01-23,7.639999866485596
2003-01-24,7.340000152587891
2003-01-27,7.260000228881836
2003-01-28,7.360000133514404
2003-01-29,7.465000152587891
2003-01-30,7.235000133514404
2003-01-31,7.224999904632568
2003-02-03,7.289999961853027
2003-02-04,7.164999961853027
2003-02-05,7.139999866485596
2003-02-06,7.099999904632568
2003-02-07,7.019999980926514
2003-02-10,7.09499979019165
2003-02-11,7.070000171661377
2003-02-12,6.974999904632568
2003-02-13,6.994999885559082
2003-02-14,7.215000152587891
2003-02-18,7.449999809265137
2003-02-19,7.400000095367432
2003-02-20,7.284999847412109
2003-02-21,7.375
2003-02-24,7.25
2003-02-25,7.269999980926514
2003-02-26,7.079999923706055
2003-02-27,7.150000095367432
2003-02-28,7.260000228881836
2003-03-03,7.135000228881836
2003-03-04,7.054999828338623
2003-03-05,7.125
2003-03-06,7.034999847412109
2003-03-07,7.0
2003-03-10,6.855000019073486
2003-03-11,6.820000171661377
2003-03-12,6.909999847412109
2003-03-13,7.28000020980835
2003-03-14,7.304999828338623
2003-03-17,7.639999866485596
2003-03-18,7.675000190734863
2003-03-19,7.659999847412109
2003-03-20,7.650000095367432
2003-03-21,7.764999866485596
2003-03-24,7.449999809265137
2003-03-25,7.554999828338623
2003-03-26,7.53000020980835
2003-03-27,7.445000171661377
2003-03-28,7.349999904632568
2003-03-31,7.150000095367432
2003-04-01,7.235000133514404
2003-04-02,7.545000076293945
2003-04-03,7.525000095367432
2003-04-04,7.440000057220459
2003-04-07,7.460000038146973
2003-04-08,7.385000228881836
2003-04-09,7.224999904632568
2003-04-10,7.269999980926514
2003-04-11,7.204999923706055
2003-04-14,7.380000114440918
2003-04-15,7.394999980926514
2003-04-16,7.449999809265137
2003-04-17,7.605000019073486
2003-04-21,7.574999809265137
2003-04-22,7.739999771118164
2003-04-23,7.869999885559082
2003-04-24,7.800000190734863
2003-04-25,7.65500020980835
2003-04-28,7.815000057220459
2003-04-29,7.894999980926514
2003-04-30,7.804999828338623
2003-05-01,7.880000114440918
2003-05-02,8.045000076293945
2003-05-05,8.024999618530273
2003-05-06,8.170000076293945
2003-05-07,8.069999694824219
2003-05-08,7.940000057220459
2003-05-09,8.15999984741211
2003-05-12,8.28499984741211
2003-05-13,8.270000457763672
2003-05-14,8.239999771118164
2003-05-15,8.324999809265137
2003-05-16,8.25
2003-05-19,7.949999809265137
2003-05-20,7.965000152587891
2003-05-21,7.974999904632568
2003-05-22,8.0600004196167
2003-05-23,8.069999694824219
2003-05-27,8.279999732971191
2003-05-28,8.335000038146973
2003-05-29,8.354999542236328
2003-05-30,8.475000381469727
2003-06-02,8.430000305175781
2003-06-03,8.505000114440918
2003-06-04,8.6850004196167
2003-06-05,8.6850004196167
2003-06-06,8.600000381469727
2003-06-09,8.475000381469727
2003-06-10,8.595000267028809
2003-06-11,8.649999618530273
2003-06-12,8.6899995803833
2003-06-13,8.5
2003-06-16,8.710000038146973
2003-06-17,8.75
2003-06-18,8.835000038146973
2003-06-19,8.770000457763672
2003-06-20,8.760000228881836
2003-06-23,8.585000038146973
2003-06-24,8.550000190734863
2003-06-25,8.46500015258789
2003-06-26,8.625
2003-06-27,8.5600004196167
2003-06-30,8.53499984741211
2003-07-01,8.654999732971191
2003-07-02,8.835000038146973
2003-07-03,8.729999542236328
2003-07-07,9.029999732971191
2003-07-08,9.100000381469727
2003-07-09,9.09000015258789
2003-07-10,8.880000114440918
2003-07-11,9.005000114440918
2003-07-14,9.045000076293945
2003-07-15,9.0600004196167
2003-07-16,9.029999732971191
2003-07-17,8.755000114440918
2003-07-18,8.774999618530273
2003-07-21,8.579999923706055
2003-07-22,8.765000343322754
2003-07-23,8.8149995803833
2003-07-24,8.6899995803833
2003-07-25,8.875
2003-07-28,8.890000343322754
2003-07-29,8.805000305175781
2003-07-30,8.739999771118164
2003-07-31,8.800000190734863
2003-08-01,8.755000114440918
2003-08-04,8.829999923706055
2003-08-05,8.609999656677246
2003-08-06,8.529999732971191
2003-08-07,8.505000114440918
2003-08-08,8.494999885559082
2003-08-11,8.53499984741211
2003-08-12,8.664999961853027
2003-08-13,8.649999618530273
2003-08-14,8.725000381469727
2003-08-15,8.6850004196167
2003-08-18,8.9399995803833
2003-08-19,9.0600004196167
2003-08-20,9.010000228881836
2003-08-21,9.095000267028809
2003-08-22,9.079999923706055
2003-08-25,9.024999618530273
2003-08-26,9.074999809265137
2003-08-27,9.135000228881836
2003-08-28,9.1899995803833
2003-08-29,9.220000267028809
2003-09-02,9.420000076293945
2003-09-03,9.520000457763672
2003-09-04,9.609999656677246
2003-09-05,9.5600004196167
2003-09-08,9.734999656677246
2003-09-09,9.630000114440918
2003-09-10,9.345000267028809
2003-09-11,9.454999923706055
2003-09-12,9.46500015258789
2003-09-15,9.40999984741211
2003-09-16,9.649999618530273
2003-09-17,9.635000228881836
2003-09-18,9.770000457763672
2003-09-19,9.779999732971191
2003-09-22,9.595000267028809
2003-09-23,9.649999618530273
2003-09-24,9.319999694824219
2003-09-25,9.25
2003-09-26,9.199999809265137
2003-09-29,9.350000381469727
2003-09-30,9.140000343322754
2003-10-01,9.34000015258789
2003-10-02,9.319999694824219
2003-10-03,9.604999542236328
2003-10-06,9.654999732971191
2003-10-07,9.720000267028809
2003-10-08,9.649999618530273
2003-10-09,9.6899995803833
2003-10-10,9.770000457763672
2003-10-13,9.800000190734863
2003-10-14,9.774999618530273
2003-10-15,9.835000038146973
2003-10-16,9.869999885559082
2003-10-17,9.710000038146973
2003-10-20,9.824999809265137
2003-10-21,9.880000114440918
2003-10-22,9.734999656677246
2003-10-23,9.65999984741211
2003-10-24,9.515000343322754
2003-10-27,9.5649995803833
2003-10-28,9.795000076293945
2003-10-29,9.8100004196167
2003-10-30,9.800000190734863
2003-10-31,9.8100004196167
2003-11-03,10.039999961853027
2003-11-04,9.954999923706055
2003-11-05,9.984999656677246
2003-11-06,10.0649995803833
2003-11-07,10.024999618530273
2003-11-10,9.895000457763672
2003-11-11,9.869999885559082
2003-11-12,10.079999923706055
2003-11-13,9.994999885559082
2003-11-14,9.859999656677246
2003-11-17,9.725000381469727
2003-11-18,9.604999542236328
2003-11-19,9.710000038146973
2003-11-20,9.5600004196167
2003-11-21,9.640000343322754
2003-11-24,9.885000228881836
2003-11-25,9.875
2003-11-26,9.914999961853027
2003-11-28,9.949999809265137
2003-12-01,10.050000190734863
2003-12-02,10.005000114440918
2003-12-03,9.970000267028809
2003-12-04,10.095000267028809
2003-12-05,9.914999961853027
2003-12-08,9.9399995803833
2003-12-09,9.725000381469727
2003-12-10,9.779999732971191
2003-12-11,9.96500015258789
2003-12-12,9.975000381469727
2003-12-15,9.850000381469727
2003-12-16,9.899999618530273
2003-12-17,9.885000228881836
2003-12-18,10.050000190734863
2003-12-19,9.944999694824219
2003-12-22,9.960000038146973
2003-12-23,10.039999961853027
2003-12-24,10.020000457763672
2003-12-26,10.039999961853027
2003-12-29,10.220000267028809
2003-12-30,10.204999923706055
2003-12-31,10.1899995803833
2004-01-02,10.239999771118164
2004-01-05,10.489999771118164
2004-01-06,10.585000038146973
2004-01-07,10.635000228881836
2004-01-08,10.845000267028809
2004-01-09,10.699999809265137
2004-01-12,10.864999771118164
2004-01-13,10.710000038146973
2004-01-14,10.84000015258789
2004-01-15,10.885000228881836
2004-01-16,11.024999618530273
2004-01-20,11.050000190734863
2004-01-21,10.96500015258789
2004-01-22,10.859999656677246
2004-01-23,10.824999809265137
2004-01-26,11.024999618530273
2004-01-27,10.854999542236328
2004-01-28,10.675000190734863
2004-01-29,10.619999885559082
2004-01-30,10.625
2004-02-02,10.625
2004-02-03,10.640000343322754
2004-02-04,10.380000114440918
2004-02-05,10.395000457763672
2004-02-06,10.614999771118164
2004-02-09,10.53499984741211
2004-02-10,10.619999885559082
2004-02-11,10.704999923706055
2004-02-12,10.604999542236328
2004-02-13,10.539999961853027
2004-02-17,10.694999694824219
2004-02-18,10.645000457763672
2004-02-19,10.484999656677246
2004-02-20,10.4350004196167
2004-02-23,10.295000076293945
2004-02-24,10.305000305175781
2004-02-25,10.385000228881836
2004-02-26,10.40999984741211
2004-02-27,10.354999542236328
2004-03-01,10.479999542236328
2004-03-02,10.4399995803833
2004-03-03,10.390000343322754
2004-03-04,10.479999542236328
2004-03-05,10.399999618530273
2004-03-08,10.175000190734863
2004-03-09,10.175000190734863
2004-03-10,9.994999885559082
2004-03-11,9.885000228881836
2004-03-12,10.079999923706055
2004-03-15,9.890000343322754
2004-03-16,9.949999809265137
2004-03-17,10.074999809265137
2004-03-18,10.010000228881836
2004-03-19,9.875
2004-03-22,9.71500015258789
2004-03-23,9.699999809265137
2004-03-24,9.75
2004-03-25,10.0600004196167
2004-03-26,10.0
2004-03-29,10.130000114440918
2004-03-30,10.145000457763672
2004-03-31,10.079999923706055
2004-04-01,10.1850004196167
2004-04-02,10.4399995803833
2004-04-05,10.529999732971191
2004-04-06,10.420000076293945
2004-04-07,10.354999542236328
2004-04-08,10.375
2004-04-12,10.399999618530273
2004-04-13,10.270000457763672
2004-04-14,10.260000228881836
2004-04-15,10.140000343322754
2004-04-16,10.045000076293945
2004-04-19,10.15999984741211
2004-04-20,9.9399995803833
2004-04-21,10.09000015258789
2004-04-22,10.244999885559082
2004-04-23,10.380000114440918
2004-04-26,10.255000114440918
2004-04-27,10.225000381469727
2004-04-28,10.050000190734863
2004-04-29,9.899999618530273
2004-04-30,9.694999694824219
2004-05-03,9.75
2004-05-04,9.845000267028809
2004-05-05,9.895000457763672
2004-05-06,9.850000381469727
2004-05-07,9.800000190734863
2004-05-10,9.760000228881836
2004-05-11,9.890000343322754
2004-05-12,9.859999656677246
2004-05-13,9.859999656677246
2004-05-14,9.725000381469727
2004-05-17,9.619999885559082
2004-05-18,9.71500015258789
2004-05-19,9.760000228881836
2004-05-20,9.755000114440918
2004-05-21,9.78499984741211
2004-05-24,9.800000190734863
2004-05-25,9.984999656677246
2004-05-26,9.96500015258789
2004-05-27,10.024999618530273
2004-05-28,10.074999809265137
2004-06-01,10.005000114440918
2004-06-02,10.005000114440918
2004-06-03,9.875
2004-06-04,9.970000267028809
2004-06-07,10.199999809265137
2004-06-08,10.255000114440918
2004-06-09,10.140000343322754
2004-06-10,10.194999694824219
2004-06-14,10.055000305175781
2004-06-15,10.204999923706055
2004-06-16,10.15999984741211
2004-06-17,10.045000076293945
2004-06-18,10.0649995803833
2004-06-21,10.020000457763672
2004-06-22,10.125
2004-06-23,10.265000343322754
2004-06-24,10.21500015258789
2004-06-25,10.255000114440918
2004-06-28,10.175000190734863
2004-06-29,10.279999732971191
2004-06-30,10.350000381469727
2004-07-01,10.15999984741211
2004-07-02,10.050000190734863
2004-07-06,9.835000038146973
2004-07-07,9.899999618530273
2004-07-08,9.734999656677246
2004-07-09,9.8149995803833
2004-07-12,9.800000190734863
2004-07-13,9.755000114440918
2004-07-14,9.600000381469727
2004-07-15,9.550000190734863
2004-07-16,9.449999809265137
2004-07-19,9.479999542236328
2004-07-20,9.635000228881836
2004-07-21,9.489999771118164
2004-07-22,9.59000015258789
2004-07-23,9.425000190734863
2004-07-26,9.479999542236328
2004-07-27,9.569999694824219
2004-07-28,9.5649995803833
2004-07-29,9.699999809265137
2004-07-30,9.720000267028809
2004-08-02,9.744999885559082
2004-08-03,9.585000038146973
2004-08-04,9.600000381469727
2004-08-05,9.454999923706055
2004-08-06,9.170000076293945
2004-08-09,9.229999542236328
2004-08-10,9.390000343322754
2004-08-11,9.154999732971191
2004-08-12,8.975000381469727
2004-08-13,9.024999618530273
2004-08-16,9.104999542236328
2004-08-17,9.164999961853027
2004-08-18,9.3149995803833
2004-08-19,9.28499984741211
2004-08-20,9.329999923706055
2004-08-23,9.375
2004-08-24,9.324999809265137
2004-08-25,9.430000305175781
2004-08-26,9.380000114440918
2004-08-27,9.420000076293945
2004-08-30,9.324999809265137
2004-08-31,9.289999961853027
2004-09-01,9.359999656677246
2004-09-02,9.470000267028809
2004-09-03,9.265000343322754
2004-09-07,9.305000305175781
2004-09-08,9.3149995803833
2004-09-09,9.454999923706055
2004-09-10,9.614999771118164
2004-09-13,9.65999984741211
2004-09-14,9.699999809265137
2004-09-15,9.545000076293945
2004-09-16,9.5649995803833
2004-09-17,9.630000114440918
2004-09-20,9.664999961853027
2004-09-21,9.699999809265137
2004-09-22,9.539999961853027
2004-09-23,9.5649995803833
2004-09-24,9.484999656677246
2004-09-27,9.399999618530273
2004-09-28,9.425000190734863
2004-09-29,9.524999618530273
2004-09-30,9.5600004196167
2004-10-01,9.800000190734863
2004-10-04,9.880000114440918
2004-10-05,9.949999809265137
2004-10-06,10.015000343322754
2004-10-07,9.90999984741211
2004-10-08,9.770000457763672
2004-10-11,9.800000190734863
2004-10-12,9.774999618530273
2004-10-13,9.739999771118164
2004-10-14,9.664999961853027
2004-10-15,9.725000381469727
2004-10-18,9.824999809265137
2004-10-19,9.824999809265137
2004-10-20,9.84000015258789
2004-10-21,9.925000190734863
2004-10-22,9.710000038146973
2004-10-25,9.694999694824219
2004-10-26,9.71500015258789
2004-10-27,9.949999809265137
2004-10-28,9.975000381469727
2004-10-29,9.979999542236328
2004-11-01,10.0600004196167
2004-11-02,10.074999809265137
2004-11-03,10.130000114440918
2004-11-04,10.244999885559082
2004-11-05,10.335000038146973
2004-11-08,10.350000381469727
2004-11-09,10.345000267028809
2004-11-10,10.255000114440918
2004-11-11,10.385000228881836
2004-11-12,10.529999732971191
2004-11-15,10.59000015258789
2004-11-16,10.510000228881836
2004-11-17,10.630000114440918
2004-11-18,10.670000076293945
2004-11-19,10.505000114440918
2004-11-22,10.520000457763672
2004-11-23,10.475000381469727
2004-11-24,10.5600004196167
2004-11-26,10.545000076293945
2004-11-29,10.550000190734863
2004-11-30,10.489999771118164
2004-12-01,10.704999923706055
2004-12-02,10.734999656677246
2004-12-03,10.8100004196167
2004-12-06,10.854999542236328
2004-12-07,10.710000038146973
2004-12-08,10.699999809265137
2004-12-09,10.694999694824219
2004-12-10,10.640000343322754
2004-12-13,10.765000343322754
2004-12-14,10.78499984741211
2004-12-15,10.78499984741211
2004-12-16,10.739999771118164
2004-12-17,10.479999542236328
2004-12-20,10.420000076293945
2004-12-21,10.53499984741211
2004-12-22,10.555000305175781
2004-12-23,10.579999923706055
2004-12-27,10.515000343322754
2004-12-28,10.569999694824219
2004-12-29,10.569999694824219
2004-12-30,10.574999809265137
2004-12-31,10.555000305175781
2005-01-03,10.46500015258789
2005-01-04,10.270000457763672
2005-01-05,10.234999656677246
2005-01-06,10.204999923706055
2005-01-07,10.225000381469727
2005-01-10,10.225000381469727
2005-01-11,10.125
2005-01-12,10.180000305175781
2005-01-13,10.079999923706055
2005-01-14,10.109999656677246
2005-01-18,10.220000267028809
2005-01-19,10.005000114440918
2005-01-20,9.9350004196167
2005-01-21,9.864999771118164
2005-01-24,9.78499984741211
2005-01-25,9.800000190734863
2005-01-26,9.899999618530273
2005-01-27,9.890000343322754
2005-01-28,9.890000343322754
2005-01-31,9.960000038146973
2005-02-01,10.020000457763672
2005-02-02,10.024999618530273
2005-02-03,9.960000038146973
2005-02-04,10.130000114440918
2005-02-07,10.100000381469727
2005-02-08,10.149999618530273
2005-02-09,9.975000381469727
2005-02-10,9.994999885559082
2005-02-11,10.09000015258789
2005-02-14,10.109999656677246
2005-02-15,10.15999984741211
2005-02-16,10.125
2005-02-17,9.960000038146973
2005-02-18,9.9399995803833
2005-02-22,9.885000228881836
2005-02-23,9.854999542236328
2005-02-24,9.9399995803833
2005-02-25,10.005000114440918
2005-02-28,9.975000381469727
2005-03-01,10.095000267028809
2005-03-02,10.069999694824219
2005-03-03,9.994999885559082
2005-03-04,10.0600004196167
2005-03-07,10.135000228881836
2005-03-08,10.050000190734863
2005-03-09,10.029999732971191
2005-03-10,10.074999809265137
2005-03-11,9.944999694824219
2005-03-14,9.984999656677246
2005-03-15,9.885000228881836
2005-03-16,9.78499984741211
2005-03-17,9.779999732971191
2005-03-18,9.725000381469727
2005-03-21,9.725000381469727
2005-03-22,9.640000343322754
2005-03-23,9.680000305175781
2005-03-24,9.6850004196167
2005-03-28,9.694999694824219
2005-03-29,9.619999885559082
2005-03-30,9.765000343322754
2005-03-31,9.779999732971191
2005-04-01,9.694999694824219
2005-04-04,9.729999542236328
2005-04-05,9.75
2005-04-06,9.734999656677246
2005-04-07,9.864999771118164
2005-04-08,9.795000076293945
2005-04-11,9.739999771118164
2005-04-12,9.800000190734863
2005-04-13,9.65999984741211
2005-04-14,9.524999618530273
2005-04-15,9.234999656677246
2005-04-18,9.244999885559082
2005-04-19,9.359999656677246
2005-04-20,9.274999618530273
2005-04-21,9.524999618530273
2005-04-22,9.40999984741211
2005-04-25,9.475000381469727
2005-04-26,9.40999984741211
2005-04-27,9.444999694824219
2005-04-28,9.350000381469727
2005-04-29,9.4350004196167
2005-05-02,9.425000190734863
2005-05-03,9.489999771118164
2005-05-04,9.555000305175781
2005-05-05,9.539999961853027
2005-05-06,9.5649995803833
2005-05-09,9.604999542236328
2005-05-10,9.505000114440918
2005-05-11,9.550000190734863
2005-05-12,9.5600004196167
2005-05-13,9.680000305175781
2005-05-16,9.770000457763672
2005-05-17,9.805000305175781
2005-05-18,9.944999694824219
2005-05-19,10.0
2005-05-20,10.015000343322754
2005-05-23,10.050000190734863
2005-05-24,10.100000381469727
2005-05-25,10.055000305175781
2005-05-26,10.170000076293945
2005-05-27,10.154999732971191
2005-05-31,10.09000015258789
2005-06-01,10.1899995803833
2005-06-02,10.234999656677246
2005-06-03,10.125
2005-06-06,10.109999656677246
2005-06-07,10.069999694824219
2005-06-08,10.09000015258789
2005-06-09,10.140000343322754
2005-06-10,10.085000038146973
2005-06-13,10.125
2005-06-14,10.0649995803833
2005-06-15,10.125
2005-06-16,10.145000457763672
2005-06-17,10.149999618530273
2005-06-20,10.135000228881836
2005-06-21,10.180000305175781
2005-06-22,10.199999809265137
2005-06-23,10.119999885559082
2005-06-24,9.994999885559082
2005-06-27,9.914999961853027
2005-06-28,10.039999961853027
2005-06-29,10.055000305175781
2005-06-30,9.960000038146973
2005-07-01,9.984999656677246
2005-07-05,10.050000190734863
2005-07-06,10.024999618530273
2005-07-07,10.045000076293945
2005-07-08,10.225000381469727
2005-07-11,10.329999923706055
2005-07-12,10.385000228881836
2005-07-13,10.430000305175781
2005-07-14,10.520000457763672
2005-07-15,10.515000343322754
2005-07-18,10.454999923706055
2005-07-19,10.609999656677246
2005-07-20,10.574999809265137
2005-07-21,10.505000114440918
2005-07-22,10.479999542236328
2005-07-25,10.425000190734863
2005-07-26,10.505000114440918
2005-07-27,10.574999809265137
2005-07-28,10.579999923706055
2005-07-29,10.524999618530273
2005-08-01,10.529999732971191
2005-08-02,10.635000228881836
2005-08-03,10.704999923706055
2005-08-04,10.604999542236328
2005-08-05,10.579999923706055
2005-08-08,10.494999885559082
2005-08-09,10.574999809265137
2005-08-10,10.454999923706055
2005-08-11,10.53499984741211
2005-08-12,10.395000457763672
2005-08-15,10.449999809265137
2005-08-16,10.350000381469727
2005-08-17,10.4399995803833
2005-08-18,10.369999885559082
2005-08-19,10.380000114440918
2005-08-22,10.399999618530273
2005-08-23,10.395000457763672
2005-08-24,10.329999923706055
2005-08-25,10.335000038146973
2005-08-26,10.300000190734863
2005-08-29,10.369999885559082
2005-08-30,10.369999885559082
2005-08-31,10.425000190734863
2005-09-01,10.399999618530273
2005-09-02,10.369999885559082
2005-09-06,10.489999771118164
2005-09-07,10.489999771118164
2005-09-08,10.515000343322754
2005-09-09,10.524999618530273
2005-09-12,10.550000190734863
2005-09-13,10.5600004196167
2005-09-14,10.449999809265137
2005-09-15,10.425000190734863
2005-09-16,10.489999771118164
2005-09-19,10.404999732971191
2005-09-20,10.364999771118164
2005-09-21,10.239999771118164
2005-09-22,10.279999732971191
2005-09-23,10.28499984741211
2005-09-26,10.270000457763672
2005-09-27,10.234999656677246
2005-09-28,10.300000190734863
2005-09-29,10.380000114440918
2005-09-30,10.449999809265137
2005-10-03,10.4350004196167
2005-10-04,10.34000015258789
2005-10-05,10.194999694824219
2005-10-06,10.079999923706055
2005-10-07,10.104999542236328
2005-10-10,10.03499984741211
2005-10-11,9.960000038146973
2005-10-12,9.895000457763672
2005-10-13,9.96500015258789
2005-10-14,10.005000114440918
2005-10-17,9.994999885559082
2005-10-18,9.975000381469727
2005-10-19,10.100000381469727
2005-10-20,10.024999618530273
2005-10-21,10.085000038146973
2005-10-24,10.21500015258789
2005-10-25,10.145000457763672
2005-10-26,10.119999885559082
2005-10-27,10.010000228881836
2005-10-28,10.104999542236328
2005-10-31,10.210000038146973
2005-11-01,10.1899995803833
2005-11-02,10.305000305175781
2005-11-03,10.399999618530273
2005-11-04,10.444999694824219
2005-11-07,10.46500015258789
2005-11-08,10.470000267028809
2005-11-09,10.460000038146973
2005-11-10,10.550000190734863
2005-11-11,10.574999809265137
2005-11-14,10.585000038146973
2005-11-15,10.550000190734863
2005-11-16,10.59000015258789
2005-11-17,10.71500015258789
2005-11-18,10.774999618530273
2005-11-21,10.770000457763672
2005-11-22,10.84000015258789
2005-11-23,10.899999618530273
2005-11-25,10.930000305175781
2005-11-28,10.890000343322754
2005-11-29,10.890000343322754
2005-11-30,10.854999542236328
2005-12-01,11.020000457763672
2005-12-02,11.010000228881836
2005-12-05,10.954999923706055
2005-12-06,10.970000267028809
2005-12-07,10.949999809265137
2005-12-08,10.869999885559082
2005-12-09,10.90999984741211
2005-12-12,10.9399995803833
2005-12-13,10.904999732971191
2005-12-14,10.920000076293945
2005-12-15,10.875
2005-12-16,10.78499984741211
2005-12-19,10.654999732971191
2005-12-20,10.614999771118164
2005-12-21,10.625
2005-12-22,10.675000190734863
2005-12-23,10.694999694824219
2005-12-27,10.604999542236328
2005-12-28,10.579999923706055
2005-12-29,10.520000457763672
2005-12-30,10.449999809265137
2006-01-03,10.654999732971191
2006-01-04,10.779999732971191
2006-01-05,10.829999923706055
2006-01-06,11.0
2006-01-09,11.03499984741211
2006-01-10,11.024999618530273
2006-01-11,11.130000114440918
2006-01-12,11.069999694824219
2006-01-13,11.0649995803833
2006-01-17,10.954999923706055
2006-01-18,10.824999809265137
2006-01-19,10.920000076293945
2006-01-20,10.635000228881836
2006-01-23,10.595000267028809
2006-01-24,10.630000114440918
2006-01-25,10.664999961853027
2006-01-26,10.734999656677246
2006-01-27,10.854999542236328
2006-01-30,10.890000343322754
2006-01-31,10.800000190734863
2006-02-01,10.864999771118164
2006-02-02,10.71500015258789
2006-02-03,10.640000343322754
2006-02-06,10.609999656677246
2006-02-07,10.579999923706055
2006-02-08,10.78499984741211
2006-02-09,10.734999656677246
2006-02-10,10.819999694824219
2006-02-13,10.720000267028809
2006-02-14,10.864999771118164
2006-02-15,10.925000190734863
2006-02-16,11.024999618530273
2006-02-17,10.96500015258789
2006-02-21,10.845000267028809
2006-02-22,10.899999618530273
2006-02-23,10.845000267028809
2006-02-24,10.850000381469727
2006-02-27,10.949999809265137
2006-02-28,10.824999809265137
2006-03-01,11.039999961853027
2006-03-02,11.0649995803833
2006-03-03,11.0
2006-03-06,10.954999923706055
2006-03-07,10.885000228881836
2006-03-08,10.875
2006-03-09,10.8100004196167
2006-03-10,10.859999656677246
2006-03-13,10.899999618530273
2006-03-14,11.024999618530273
2006-03-15,11.09000015258789
2006-03-16,11.020000457763672
2006-03-17,11.055000305175781
2006-03-20,11.074999809265137
2006-03-21,11.029999732971191
2006-03-22,11.03499984741211
2006-03-23,11.010000228881836
2006-03-24,11.045000076293945
2006-03-27,11.0600004196167
2006-03-28,10.9350004196167
2006-03-29,11.100000381469727
2006-03-30,11.135000228881836
2006-03-31,11.069999694824219
2006-04-03,11.135000228881836
2006-04-04,11.175000190734863
2006-04-05,11.270000457763672
2006-04-06,11.260000228881836
2006-04-07,11.130000114440918
2006-04-10,11.114999771118164
2006-04-11,11.015000343322754
2006-04-12,11.03499984741211
2006-04-13,11.050000190734863
2006-04-17,10.930000305175781
2006-04-18,11.149999618530273
2006-04-19,11.140000343322754
2006-04-20,11.149999618530273
2006-04-21,11.029999732971191
2006-04-24,11.015000343322754
2006-04-25,11.010000228881836
2006-04-26,11.050000190734863
2006-04-27,11.15999984741211
2006-04-28,10.925000190734863
2006-05-01,10.835000038146973
2006-05-02,10.885000228881836
2006-05-03,10.859999656677246
2006-05-04,10.899999618530273
2006-05-05,10.960000038146973
2006-05-08,10.975000381469727
2006-05-09,10.930000305175781
2006-05-10,10.8149995803833
2006-05-11,10.59000015258789
2006-05-12,10.489999771118164
2006-05-15,10.5
2006-05-16,10.399999618530273
2006-05-17,10.260000228881836
2006-05-18,10.225000381469727
2006-05-19,10.300000190734863
2006-05-22,10.210000038146973
2006-05-23,10.135000228881836
2006-05-24,10.234999656677246
2006-05-25,10.329999923706055
2006-05-26,10.380000114440918
2006-05-30,10.175000190734863
2006-05-31,10.21500015258789
2006-06-01,10.390000343322754
2006-06-02,10.354999542236328
2006-06-05,10.199999809265137
2006-06-06,10.199999809265137
2006-06-07,10.0600004196167
2006-06-08,10.010000228881836
2006-06-09,9.970000267028809
2006-06-12,9.78499984741211
2006-06-13,9.795000076293945
2006-06-14,9.859999656677246
2006-06-15,10.109999656677246
2006-06-16,10.095000267028809
2006-06-19,10.050000190734863
2006-06-20,10.03499984741211
2006-06-21,10.164999961853027
2006-06-22,10.045000076293945
2006-06-23,10.015000343322754
2006-06-26,10.03499984741211
2006-06-27,9.899999618530273
2006-06-28,9.96500015258789
2006-06-29,10.220000267028809
2006-06-30,10.164999961853027
2006-07-03,10.239999771118164
2006-07-05,10.079999923706055
2006-07-06,10.09000015258789
2006-07-07,9.989999771118164
2006-07-10,9.875
2006-07-11,9.914999961853027
2006-07-12,9.734999656677246
2006-07-13,9.574999809265137
2006-07-14,9.550000190734863
2006-07-17,9.579999923706055
2006-07-18,9.600000381469727
2006-07-19,9.739999771118164
2006-07-20,9.600000381469727
2006-07-21,9.5
2006-07-24,9.645000457763672
2006-07-25,9.75
2006-07-26,9.774999618530273
2006-07-27,9.744999885559082
2006-07-28,9.914999961853027
2006-07-31,9.899999618530273
2006-08-01,9.760000228881836
2006-08-02,9.880000114440918
2006-08-03,9.90999984741211
2006-08-04,9.880000114440918
2006-08-07,9.845000267028809
2006-08-08,9.8100004196167
2006-08-09,9.869999885559082
2006-08-10,9.90999984741211
2006-08-11,9.854999542236328
2006-08-14,9.9399995803833
2006-08-15,10.170000076293945
2006-08-16,10.329999923706055
2006-08-17,10.375
2006-08-18,10.414999961853027
2006-08-21,10.345000267028809
2006-08-22,10.350000381469727
2006-08-23,10.300000190734863
2006-08-24,10.34000015258789
2006-08-25,10.369999885559082
2006-08-28,10.46500015258789
2006-08-29,10.5600004196167
2006-08-30,10.635000228881836
2006-08-31,10.595000267028809
2006-09-01,10.640000343322754
2006-09-05,10.694999694824219
2006-09-06,10.520000457763672
2006-09-07,10.460000038146973
2006-09-08,10.545000076293945
2006-09-11,10.635000228881836
2006-09-12,10.819999694824219
2006-09-13,10.819999694824219
2006-09-14,10.845000267028809
2006-09-15,10.850000381469727
2006-09-18,10.845000267028809
2006-09-19,10.795000076293945
2006-09-20,10.970000267028809
2006-09-21,10.864999771118164
2006-09-22,10.800000190734863
2006-09-25,10.994999885559082
2006-09-26,11.0649995803833
2006-09-27,10.979999542236328
2006-09-28,11.03499984741211
2006-09-29,11.0
2006-10-02,10.920000076293945
2006-10-03,10.979999542236328
2006-10-04,11.149999618530273
2006-10-05,11.145000457763672
2006-10-06,11.149999618530273
2006-10-09,11.180000305175781
2006-10-10,11.1899995803833
2006-10-11,11.1850004196167
2006-10-12,11.350000381469727
2006-10-13,11.404999732971191
2006-10-16,11.399999618530273
2006-10-17,11.305000305175781
2006-10-18,11.274999618530273
2006-10-19,11.3100004196167
2006-10-20,11.380000114440918
2006-10-23,11.449999809265137
2006-10-24,11.369999885559082
2006-10-25,11.470000267028809
2006-10-26,11.529999732971191
2006-10-27,11.380000114440918
2006-10-30,11.420000076293945
2006-10-31,11.4350004196167
2006-11-01,11.385000228881836
2006-11-02,11.3149995803833
2006-11-03,11.3149995803833
2006-11-06,11.449999809265137
2006-11-07,11.510000228881836
2006-11-08,11.520000457763672
2006-11-09,11.515000343322754
2006-11-10,11.545000076293945
2006-11-13,11.645000457763672
2006-11-14,11.729999542236328
2006-11-15,11.755000114440918
2006-11-16,11.800000190734863
2006-11-17,11.819999694824219
2006-11-20,11.819999694824219
2006-11-21,11.8149995803833
2006-11-22,11.904999732971191
2006-11-24,11.880000114440918
2006-11-27,11.600000381469727
2006-11-28,11.65999984741211
2006-11-29,11.734999656677246
2006-11-30,11.760000228881836
2006-12-01,11.65999984741211
2006-12-04,11.8100004196167
2006-12-05,11.8149995803833
2006-12-06,11.739999771118164
2006-12-07,11.694999694824219
2006-12-08,11.694999694824219
2006-12-11,11.765000343322754
2006-12-12,11.725000381469727
2006-12-13,11.744999885559082
2006-12-14,11.845000267028809
2006-12-15,11.779999732971191
2006-12-18,11.734999656677246
2006-12-19,11.65999984741211
2006-12-20,11.664999961853027
2006-12-21,11.609999656677246
2006-12-22,11.520000457763672
2006-12-26,11.585000038146973
2006-12-27,11.670000076293945
2006-12-28,11.664999961853027
2006-12-29,11.630000114440918
2007-01-03,11.664999961853027
2007-01-04,11.845000267028809
2007-01-05,11.75
2007-01-08,11.78499984741211
2007-01-09,11.800000190734863
2007-01-10,11.859999656677246
2007-01-11,11.979999542236328
2007-01-12,12.010000228881836
2007-01-16,11.984999656677246
2007-01-17,11.829999923706055
2007-01-18,11.694999694824219
2007-01-19,11.6899995803833
2007-01-22,11.604999542236328
2007-01-23,11.604999542236328
2007-01-24,11.8149995803833
2007-01-25,11.670000076293945
2007-01-26,11.675000190734863
2007-01-29,11.725000381469727
2007-01-30,11.795000076293945
2007-01-31,11.864999771118164
2007-02-01,11.8149995803833
2007-02-02,11.875
2007-02-05,11.845000267028809
2007-02-06,11.829999923706055
2007-02-07,11.885000228881836
2007-02-08,11.899999618530273
2007-02-09,11.770000457763672
2007-02-12,11.720000267028809
2007-02-13,11.765000343322754
2007-02-14,11.930000305175781
2007-02-15,11.975000381469727
2007-02-16,11.949999809265137
2007-02-20,11.954999923706055
2007-02-21,11.9350004196167
2007-02-22,12.0
2007-02-23,11.989999771118164
2007-02-26,11.960000038146973
2007-02-27,11.5
2007-02-28,11.545000076293945
2007-03-01,11.53499984741211
2007-03-02,11.319999694824219
2007-03-05,11.345000267028809
2007-03-06,11.520000457763672
2007-03-07,11.375
2007-03-08,11.470000267028809
2007-03-09,11.5
2007-03-12,11.569999694824219
2007-03-13,11.385000228881836
2007-03-14,11.489999771118164
2007-03-15,11.494999885559082
2007-03-16,11.475000381469727
2007-03-19,11.550000190734863
2007-03-20,11.625
2007-03-21,11.859999656677246
2007-03-22,11.8149995803833
2007-03-23,11.78499984741211
2007-03-26,11.800000190734863
2007-03-27,11.805000305175781
2007-03-28,11.670000076293945
2007-03-29,11.6850004196167
2007-03-30,11.65999984741211
2007-04-02,11.720000267028809
2007-04-03,11.8149995803833
2007-04-04,11.885000228881836
2007-04-05,11.930000305175781
2007-04-09,11.930000305175781
2007-04-10,11.920000076293945
2007-04-11,11.8100004196167
2007-04-12,11.9350004196167
2007-04-13,11.944999694824219
2007-04-16,12.045000076293945
2007-04-17,12.069999694824219
2007-04-18,12.039999961853027
2007-04-19,12.045000076293945
2007-04-20,12.114999771118164
2007-04-23,12.09000015258789
2007-04-24,12.154999732971191
2007-04-25,12.244999885559082
2007-04-26,12.3149995803833
2007-04-27,12.305000305175781
2007-04-30,12.210000038146973
2007-05-01,12.270000457763672
2007-05-02,12.335000038146973
2007-05-03,12.454999923706055
2007-05-04,12.505000114440918
2007-05-07,12.489999771118164
2007-05-08,12.539999961853027
2007-05-09,12.524999618530273
2007-05-10,12.460000038146973
2007-05-11,12.595000267028809
2007-05-14,12.53499984741211
2007-05-15,12.515000343322754
2007-05-16,12.625
2007-05-17,12.59000015258789
2007-05-18,12.654999732971191
2007-05-21,12.710000038146973
2007-05-22,12.694999694824219
2007-05-23,12.649999618530273
2007-05-24,12.489999771118164
2007-05-25,12.595000267028809
2007-05-29,12.670000076293945
2007-05-30,12.765000343322754
2007-05-31,12.824999809265137
2007-06-01,12.824999809265137
2007-06-04,12.869999885559082
2007-06-05,12.824999809265137
2007-06-06,12.675000190734863
2007-06-07,12.494999885559082
2007-06-08,12.670000076293945
2007-06-11,12.694999694824219
2007-06-12,12.545000076293945
2007-06-13,12.704999923706055
2007-06-14,12.824999809265137
2007-06-15,12.890000343322754
2007-06-18,12.925000190734863
2007-06-19,12.920000076293945
2007-06-20,12.845000267028809
2007-06-21,12.90999984741211
2007-06-22,12.765000343322754
2007-06-25,12.720000267028809
2007-06-26,12.675000190734863
2007-06-27,12.800000190734863
2007-06-28,12.845000267028809
2007-06-29,12.800000190734863
2007-07-02,12.90999984741211
2007-07-03,13.0
2007-07-05,13.050000190734863
2007-07-06,13.074999809265137
2007-07-09,13.149999618530273
2007-07-10,13.0
2007-07-11,13.074999809265137
2007-07-12,13.295000076293945
2007-07-13,13.324999809265137
2007-07-16,13.364999771118164
2007-07-17,13.40999984741211
2007-07-18,13.34000015258789
2007-07-19,13.449999809265137
2007-07-20,13.399999618530273
2007-07-23,13.420000076293945
2007-07-24,13.28499984741211
2007-07-25,13.300000190734863
2007-07-26,13.100000381469727
2007-07-27,12.819999694824219
2007-07-30,12.864999771118164
2007-07-31,12.774999618530273
2007-08-01,12.899999618530273
2007-08-02,12.925000190734863
2007-08-03,12.675000190734863
2007-08-06,12.875
2007-08-07,12.899999618530273
2007-08-08,13.100000381469727
2007-08-09,12.800000190734863
2007-08-10,12.619999885559082
2007-08-13,12.795000076293945
2007-08-14,12.53499984741211
2007-08-15,12.375
2007-08-16,12.295000076293945
2007-08-17,12.414999961853027
2007-08-20,12.460000038146973
2007-08-21,12.5
2007-08-22,12.664999961853027
2007-08-23,12.699999809265137
2007-08-24,12.880000114440918
2007-08-27,12.8100004196167
2007-08-28,12.579999923706055
2007-08-29,12.880000114440918
2007-08-30,12.9350004196167
2007-08-31,13.020000457763672
2007-09-04,13.220000267028809
2007-09-05,13.079999923706055
2007-09-06,13.145000457763672
2007-09-07,12.875
2007-09-10,12.850000381469727
2007-09-11,13.03499984741211
2007-09-12,13.0
2007-09-13,13.0
2007-09-14,12.9350004196167
2007-09-17,12.930000305175781
2007-09-18,13.1850004196167
2007-09-19,13.234999656677246
2007-09-20,13.28499984741211
2007-09-21,13.359999656677246
2007-09-24,13.324999809265137
2007-09-25,13.460000038146973
2007-09-26,13.545000076293945
2007-09-27,13.53499984741211
2007-09-28,13.484999656677246
2007-10-01,13.630000114440918
2007-10-02,13.680000305175781
2007-10-03,13.520000457763672
2007-10-04,13.555000305175781
2007-10-05,13.699999809265137
2007-10-08,13.725000381469727
2007-10-09,13.824999809265137
2007-10-10,13.869999885559082
2007-10-11,13.720000267028809
2007-10-12,13.854999542236328
2007-10-15,13.755000114440918
2007-10-16,13.755000114440918
2007-10-17,13.869999885559082
2007-10-18,13.904999732971191
2007-10-19,13.574999809265137
2007-10-22,13.65999984741211
2007-10-23,13.8100004196167
2007-10-24,13.670000076293945
2007-10-25,13.78499984741211
2007-10-26,13.970000267028809
2007-10-29,14.010000228881836
2007-10-30,14.03499984741211
2007-10-31,14.199999809265137
2007-11-01,14.045000076293945
2007-11-02,14.074999809265137
2007-11-05,14.055000305175781
2007-11-06,14.130000114440918
2007-11-07,13.75
2007-11-08,13.260000228881836
2007-11-09,12.984999656677246
2007-11-12,12.774999618530273
2007-11-13,13.210000038146973
2007-11-14,13.135000228881836
2007-11-15,12.975000381469727
2007-11-16,13.15999984741211
2007-11-19,12.899999618530273
2007-11-20,13.010000228881836
2007-11-21,12.765000343322754
2007-11-23,12.890000343322754
2007-11-26,12.619999885559082
2007-11-27,12.760000228881836
2007-11-28,13.135000228881836
2007-11-29,13.199999809265137
2007-11-30,13.130000114440918
2007-12-03,13.050000190734863
2007-12-04,13.0
2007-12-05,13.300000190734863
2007-12-06,13.4350004196167
2007-12-07,13.449999809265137
2007-12-10,13.515000343322754
2007-12-11,13.305000305175781
2007-12-12,13.53499984741211
2007-12-13,13.46500015258789
2007-12-14,13.380000114440918
2007-12-17,13.125
2007-12-18,13.125
2007-12-19,13.210000038146973
2007-12-20,13.399999618530273
2007-12-21,13.510000228881836
2007-12-24,13.609999656677246
2007-12-26,13.6850004196167
2007-12-27,13.494999885559082
2007-12-28,13.430000305175781
2007-12-31,13.329999923706055
2008-01-02,13.0600004196167
2008-01-03,13.079999923706055
2008-01-04,12.569999694824219
2008-01-07,12.460000038146973
2008-01-08,12.130000114440918
2008-01-09,12.300000190734863
2008-01-10,12.319999694824219
2008-01-11,12.140000343322754
2008-01-14,12.385000228881836
2008-01-15,12.125
2008-01-16,11.859999656677246
2008-01-17,11.755000114440918
2008-01-18,11.550000190734863
2008-01-22,11.335000038146973
2008-01-23,11.4350004196167
2008-01-24,11.600000381469727
2008-01-25,11.420000076293945
2008-01-28,11.470000267028809
2008-01-29,11.569999694824219
2008-01-30,11.479999542236328
2008-01-31,11.625
2008-02-01,11.824999809265137
2008-02-04,11.579999923706055
2008-02-05,11.289999961853027
2008-02-06,11.164999961853027
2008-02-07,11.234999656677246
2008-02-08,11.149999618530273
2008-02-11,11.345000267028809
2008-02-12,11.369999885559082
2008-02-13,11.630000114440918
2008-02-14,11.399999618530273
2008-02-15,11.359999656677246
2008-02-19,11.255000114440918
2008-02-20,11.274999618530273
2008-02-21,11.255000114440918
2008-02-22,11.244999885559082
2008-02-25,11.3100004196167
2008-02-26,11.4399995803833
2008-02-27,11.449999809265137
2008-02-28,11.305000305175781
2008-02-29,11.074999809265137
2008-03-03,11.069999694824219
2008-03-04,11.085000038146973
2008-03-05,11.164999961853027
2008-03-06,11.010000228881836
2008-03-07,11.010000228881836
2008-03-10,10.890000343322754
2008-03-11,11.274999618530273
2008-03-12,11.15999984741211
2008-03-13,11.114999771118164
2008-03-14,10.975000381469727
2008-03-17,10.925000190734863
2008-03-18,11.414999961853027
2008-03-19,11.074999809265137
2008-03-20,11.194999694824219
2008-03-24,11.59000015258789
2008-03-25,11.600000381469727
2008-03-26,11.375
2008-03-27,11.28499984741211
2008-03-28,11.21500015258789
2008-03-31,11.199999809265137
2008-04-01,11.524999618530273
2008-04-02,11.664999961853027
2008-04-03,11.65999984741211
2008-04-04,11.619999885559082
2008-04-07,11.630000114440918
2008-04-08,11.5600004196167
2008-04-09,11.510000228881836
2008-04-10,11.604999542236328
2008-04-11,11.295000076293945
2008-04-14,11.25
2008-04-15,11.25
2008-04-16,11.710000038146973
2008-04-17,11.704999923706055
2008-04-18,11.90999984741211
2008-04-21,11.984999656677246
2008-04-22,11.925000190734863
2008-04-23,12.0
2008-04-24,12.145000457763672
2008-04-25,12.0
2008-04-28,12.0
2008-04-29,12.114999771118164
2008-04-30,11.899999618530273
2008-05-01,12.399999618530273
2008-05-02,12.395000457763672
2008-05-05,12.34000015258789
2008-05-06,12.489999771118164
2008-05-07,12.270000457763672
2008-05-08,12.289999961853027
2008-05-09,12.25
2008-05-12,12.449999809265137
2008-05-13,12.449999809265137
2008-05-14,12.475000381469727
2008-05-15,12.71500015258789
2008-05-16,12.6850004196167
2008-05-19,12.75
2008-05-20,12.550000190734863
2008-05-21,12.220000267028809
2008-05-22,12.265000343322754
2008-05-23,12.239999771118164
2008-05-27,12.4399995803833
2008-05-28,12.510000228881836
2008-05-29,12.600000381469727
2008-05-30,12.675000190734863
2008-06-02,12.494999885559082
2008-06-03,12.425000190734863
2008-06-04,12.449999809265137
2008-06-05,12.704999923706055
2008-06-06,12.359999656677246
2008-06-09,12.335000038146973
2008-06-10,12.279999732971191
2008-06-11,11.96500015258789
2008-06-12,12.100000381469727
2008-06-13,12.229999542236328
2008-06-16,12.260000228881836
2008-06-17,12.210000038146973
2008-06-18,12.079999923706055
2008-06-19,12.125
2008-06-20,11.875
2008-06-23,11.765000343322754
2008-06-24,11.75
2008-06-25,11.850000381469727
2008-06-26,11.625
2008-06-27,11.470000267028809
2008-06-30,11.454999923706055
2008-07-01,11.375
2008-07-02,11.225000381469727
2008-07-03,11.175000190734863
2008-07-07,11.300000190734863
2008-07-08,11.414999961853027
2008-07-09,11.074999809265137
2008-07-10,11.21500015258789
2008-07-11,11.109999656677246
2008-07-14,11.024999618530273
2008-07-15,11.0
2008-07-16,11.15999984741211
2008-07-17,11.274999618530273
2008-07-18,11.399999618530273
2008-07-21,11.175000190734863
2008-07-22,11.114999771118164
2008-07-23,11.3149995803833
2008-07-24,11.024999618530273
2008-07-25,11.180000305175781
2008-07-28,10.944999694824219
2008-07-29,11.164999961853027
2008-07-30,11.239999771118164
2008-07-31,11.175000190734863
2008-08-01,11.050000190734863
2008-08-04,11.104999542236328
2008-08-05,11.3149995803833
2008-08-06,11.475000381469727
2008-08-07,11.454999923706055
2008-08-08,11.675000190734863
2008-08-11,11.75
2008-08-12,11.774999618530273
2008-08-13,11.729999542236328
2008-08-14,11.819999694824219
2008-08-15,11.864999771118164
2008-08-18,11.71500015258789
2008-08-19,11.510000228881836
2008-08-20,11.53499984741211
2008-08-21,11.489999771118164
2008-08-22,11.649999618530273
2008-08-25,11.5
2008-08-26,11.454999923706055
2008-08-27,11.5649995803833
2008-08-28,11.635000228881836
2008-08-29,11.375
2008-09-02,11.3100004196167
2008-09-03,11.15999984741211
2008-09-04,10.760000228881836
2008-09-05,10.760000228881836
2008-09-08,10.890000343322754
2008-09-09,10.699999809265137
2008-09-10,10.649999618530273
2008-09-11,10.824999809265137
2008-09-12,10.875
2008-09-15,10.350000381469727
2008-09-16,10.545000076293945
2008-09-17,9.960000038146973
2008-09-18,10.385000228881836
2008-09-19,10.425000190734863
2008-09-22,10.154999732971191
2008-09-23,10.149999618530273
2008-09-24,10.175000190734863
2008-09-25,10.350000381469727
2008-09-26,10.399999618530273
2008-09-29,9.5
2008-09-30,9.925000190734863
2008-10-01,9.835000038146973
2008-10-02,9.449999809265137
2008-10-03,9.3149995803833
2008-10-06,8.800000190734863
2008-10-07,8.350000381469727
2008-10-08,8.274999618530273
2008-10-09,8.0
2008-10-10,7.949999809265137
2008-10-13,8.880000114440918
2008-10-14,8.579999923706055
2008-10-15,7.934999942779541
2008-10-16,8.350000381469727
2008-10-17,8.270000457763672
2008-10-20,8.600000381469727
2008-10-21,8.149999618530273
2008-10-22,7.724999904632568
2008-10-23,7.900000095367432
2008-10-24,7.53000020980835
2008-10-27,7.375
2008-10-28,8.399999618530273
2008-10-29,8.074999809265137
2008-10-30,8.375
2008-10-31,8.324999809265137
2008-11-03,8.324999809265137
2008-11-04,8.675000190734863
2008-11-05,8.149999618530273
2008-11-06,7.699999809265137
2008-11-07,7.920000076293945
2008-11-10,7.835000038146973
2008-11-11,7.664999961853027
2008-11-12,7.304999828338623
2008-11-13,7.760000228881836
2008-11-14,7.40500020980835
2008-11-17,7.195000171661377
2008-11-18,7.295000076293945
2008-11-19,6.889999866485596
2008-11-20,6.59499979019165
2008-11-21,6.945000171661377
2008-11-24,7.284999847412109
2008-11-25,7.385000228881836
2008-11-26,7.614999771118164
2008-11-28,7.625
2008-12-01,7.074999809265137
2008-12-02,7.324999809265137
2008-12-03,7.534999847412109
2008-12-04,7.230000019073486
2008-12-05,7.514999866485596
2008-12-08,7.864999771118164
2008-12-09,7.815000057220459
2008-12-10,7.75
2008-12-11,7.585000038146973
2008-12-12,7.675000190734863
2008-12-15,7.590000152587891
2008-12-16,7.985000133514404
2008-12-17,7.829999923706055
2008-12-18,7.610000133514404
2008-12-19,7.635000228881836
2008-12-22,7.53000020980835
2008-12-23,7.425000190734863
2008-12-24,7.474999904632568
2008-12-26,7.465000152587891
2008-12-29,7.46999979019165
2008-12-30,7.610000133514404
2008-12-31,7.704999923706055
2009-01-02,7.994999885559082
2009-01-05,7.96999979019165
2009-01-06,8.154999732971191
2009-01-07,7.894999980926514
2009-01-08,7.949999809265137
2009-01-09,7.775000095367432
2009-01-12,7.635000228881836
2009-01-13,7.599999904632568
2009-01-14,7.369999885559082
2009-01-15,7.420000076293945
2009-01-16,7.46999979019165
2009-01-20,7.164999961853027
2009-01-21,7.510000228881836
2009-01-22,7.340000152587891
2009-01-23,7.445000171661377
2009-01-26,7.534999847412109
2009-01-27,7.579999923706055
2009-01-28,7.795000076293945
2009-01-29,7.565000057220459
2009-01-30,7.340000152587891
2009-02-02,7.454999923706055
2009-02-03,7.605000019073486
2009-02-04,7.599999904632568
2009-02-05,7.71999979019165
2009-02-06,7.985000133514404
2009-02-09,8.005000114440918
2009-02-10,7.679999828338623
2009-02-11,7.695000171661377
2009-02-12,7.730000019073486
2009-02-13,7.695000171661377
2009-02-17,7.375
2009-02-18,7.380000114440918
2009-02-19,7.199999809265137
2009-02-20,7.269999980926514
2009-02-23,6.934999942779541
2009-02-24,7.119999885559082
2009-02-25,7.184999942779541
2009-02-26,7.110000133514404
2009-02-27,7.059999942779541
2009-03-02,6.889999866485596
2009-03-03,6.824999809265137
2009-03-04,7.005000114440918
2009-03-05,6.789999961853027
2009-03-06,6.824999809265137
2009-03-09,6.610000133514404
2009-03-10,6.989999771118164
2009-03-11,7.144999980926514
2009-03-12,7.349999904632568
2009-03-13,7.349999904632568
2009-03-16,7.284999847412109
2009-03-17,7.550000190734863
2009-03-18,7.65500020980835
2009-03-19,7.675000190734863
2009-03-20,7.519999980926514
2009-03-23,7.965000152587891
2009-03-24,7.835000038146973
2009-03-25,7.880000114440918
2009-03-26,8.085000038146973
2009-03-27,7.909999847412109
2009-03-30,7.664999961853027
2009-03-31,7.809999942779541
2009-04-01,8.029999732971191
2009-04-02,8.239999771118164
2009-04-03,8.354999542236328
2009-04-06,8.270000457763672
2009-04-07,8.039999961853027
2009-04-08,8.15999984741211
2009-04-09,8.364999771118164
2009-04-13,8.364999771118164
2009-04-14,8.274999618530273
2009-04-15,8.25
2009-04-16,8.494999885559082
2009-04-17,8.479999542236328
2009-04-20,8.210000038146973
2009-04-21,8.350000381469727
2009-04-22,8.390000343322754
2009-04-23,8.430000305175781
2009-04-24,8.550000190734863
2009-04-27,8.510000228881836
2009-04-28,8.505000114440918
2009-04-29,8.600000381469727
2009-04-30,8.625
2009-05-01,8.739999771118164
2009-05-04,8.899999618530273
2009-05-05,8.845000267028809
2009-05-06,8.895000457763672
2009-05-07,8.555000305175781
2009-05-08,8.545000076293945
2009-05-11,8.569999694824219
2009-05-12,8.524999618530273
2009-05-13,8.3100004196167
2009-05-14,8.399999618530273
2009-05-15,8.399999618530273
2009-05-18,8.630000114440918
2009-05-19,8.680000305175781
2009-05-20,8.59000015258789
2009-05-21,8.4399995803833
2009-05-22,8.470000267028809
2009-05-26,8.6899995803833
2009-05-27,8.604999542236328
2009-05-28,8.729999542236328
2009-05-29,8.824999809265137
2009-06-01,9.074999809265137
2009-06-02,9.055000305175781
2009-06-03,8.954999923706055
2009-06-04,9.079999923706055
2009-06-05,9.170000076293945
2009-06-08,9.114999771118164
2009-06-09,9.154999732971191
2009-06-10,9.180000305175781
2009-06-11,9.21500015258789
2009-06-12,9.1899995803833
2009-06-15,9.095000267028809
2009-06-16,8.979999542236328
2009-06-17,9.029999732971191
2009-06-18,8.989999771118164
2009-06-19,9.0600004196167
2009-06-22,8.835000038146973
2009-06-23,8.84000015258789
2009-06-24,8.96500015258789
2009-06-25,9.095000267028809
2009-06-26,9.079999923706055
2009-06-29,9.175000190734863
2009-06-30,9.104999542236328
2009-07-01,9.145000457763672
2009-07-02,8.914999961853027
2009-07-06,8.890000343322754
2009-07-07,8.670000076293945
2009-07-08,8.675000190734863
2009-07-09,8.729999542236328
2009-07-10,8.765000343322754
2009-07-13,8.930000305175781
2009-07-14,8.9399995803833
2009-07-15,9.274999618530273
2009-07-16,9.40999984741211
2009-07-17,9.5
2009-07-20,9.585000038146973
2009-07-21,9.640000343322754
2009-07-22,9.694999694824219
2009-07-23,9.885000228881836
2009-07-24,9.824999809265137
2009-07-27,9.824999809265137
2009-07-28,9.845000267028809
2009-07-29,9.835000038146973
2009-07-30,9.885000228881836
2009-07-31,9.850000381469727
2009-08-03,9.984999656677246
2009-08-04,9.954999923706055
2009-08-05,9.864999771118164
2009-08-06,9.795000076293945
2009-08-07,9.895000457763672
2009-08-10,9.850000381469727
2009-08-11,9.710000038146973
2009-08-12,9.904999732971191
2009-08-13,9.949999809265137
2009-08-14,9.854999542236328
2009-08-17,9.619999885559082
2009-08-18,9.765000343322754
2009-08-19,9.789999961853027
2009-08-20,9.899999618530273
2009-08-21,10.045000076293945
2009-08-24,10.015000343322754
2009-08-25,10.039999961853027
2009-08-26,10.085000038146973
2009-08-27,10.104999542236328
2009-08-28,10.140000343322754
2009-08-31,10.010000228881836
2009-09-01,9.805000305175781
2009-09-02,9.824999809265137
2009-09-03,9.869999885559082
2009-09-04,10.045000076293945
2009-09-08,10.119999885559082
2009-09-09,10.194999694824219
2009-09-10,10.335000038146973
2009-09-11,10.345000267028809
2009-09-14,10.3100004196167
2009-09-15,10.380000114440918
2009-09-16,10.460000038146973
2009-09-17,10.420000076293945
2009-09-18,10.444999694824219
2009-09-21,10.399999618530273
2009-09-22,10.454999923706055
2009-09-23,10.454999923706055
2009-09-24,10.354999542236328
2009-09-25,10.289999961853027
2009-09-28,10.460000038146973
2009-09-29,10.404999732971191
2009-09-30,10.4350004196167
2009-10-01,10.125
2009-10-02,10.125
2009-10-05,10.210000038146973
2009-10-06,10.395000457763672
2009-10-07,10.375
2009-10-08,10.4399995803833
2009-10-09,10.510000228881836
2009-10-12,10.515000343322754
2009-10-13,10.555000305175781
2009-10-14,10.680000305175781
2009-10-15,10.65999984741211
2009-10-16,10.5600004196167
2009-10-19,10.675000190734863
2009-10-20,10.640000343322754
2009-10-21,10.645000457763672
2009-10-22,10.694999694824219
2009-10-23,10.664999961853027
2009-10-26,10.595000267028809
2009-10-27,10.539999961853027
2009-10-28,10.385000228881836
2009-10-29,10.585000038146973
2009-10-30,10.305000305175781
2009-11-02,10.364999771118164
2009-11-03,10.324999809265137
2009-11-04,10.385000228881836
2009-11-05,10.609999656677246
2009-11-06,10.625
2009-11-09,10.869999885559082
2009-11-10,10.864999771118164
2009-11-11,10.930000305175781
2009-11-12,10.850000381469727
2009-11-13,10.949999809265137
2009-11-16,11.069999694824219
2009-11-17,11.119999885559082
2009-11-18,11.0600004196167
2009-11-19,10.899999618530273
2009-11-20,10.845000267028809
2009-11-23,11.03499984741211
2009-11-24,11.015000343322754
2009-11-25,11.03499984741211
2009-11-27,10.854999542236328
2009-11-30,10.875
2009-12-01,11.050000190734863
2009-12-02,11.03499984741211
2009-12-03,11.039999961853027
2009-12-04,11.109999656677246
2009-12-07,11.09000015258789
2009-12-08,10.989999771118164
2009-12-09,11.095000267028809
2009-12-10,11.145000457763672
2009-12-11,11.119999885559082
2009-12-14,11.210000038146973
2009-12-15,11.140000343322754
2009-12-16,11.175000190734863
2009-12-17,11.039999961853027
2009-12-18,11.164999961853027
2009-12-21,11.265000343322754
2009-12-22,11.354999542236328
2009-12-23,11.399999618530273
2009-12-24,11.505000114440918
2009-12-28,11.539999961853027
2009-12-29,11.524999618530273
2009-12-30,11.5649995803833
2009-12-31,11.46500015258789
2010-01-04,11.635000228881836
2010-01-05,11.619999885559082
2010-01-06,11.489999771118164
2010-01-07,11.444999694824219
2010-01-08,11.520000457763672
2010-01-11,11.475000381469727
2010-01-12,11.350000381469727
2010-01-13,11.460000038146973
2010-01-14,11.489999771118164
2010-01-15,11.329999923706055
2010-01-19,11.524999618530273
2010-01-20,11.34000015258789
2010-01-21,11.220000267028809
2010-01-22,10.829999923706055
2010-01-25,10.920000076293945
2010-01-26,10.890000343322754
2010-01-27,10.979999542236328
2010-01-28,10.664999961853027
2010-01-29,10.479999542236328
2010-02-01,10.600000381469727
2010-02-02,10.704999923706055
2010-02-03,10.729999542236328
2010-02-04,10.430000305175781
2010-02-05,10.53499984741211
2010-02-08,10.489999771118164
2010-02-09,10.579999923706055
2010-02-10,10.550000190734863
2010-02-11,10.65999984741211
2010-02-12,10.680000305175781
2010-02-16,10.84000015258789
2010-02-17,10.869999885559082
2010-02-18,10.9399995803833
2010-02-19,10.90999984741211
2010-02-22,10.890000343322754
2010-02-23,10.755000114440918
2010-02-24,10.859999656677246
2010-02-25,10.829999923706055
2010-02-26,10.845000267028809
2010-03-01,10.984999656677246
2010-03-02,10.970000267028809
2010-03-03,10.975000381469727
2010-03-04,11.020000457763672
2010-03-05,11.154999732971191
2010-03-08,11.21500015258789
2010-03-09,11.265000343322754
2010-03-10,11.34000015258789
2010-03-11,11.385000228881836
2010-03-12,11.375
2010-03-15,11.364999771118164
2010-03-16,11.449999809265137
2010-03-17,11.484999656677246
2010-03-18,11.5
2010-03-19,11.395000457763672
2010-03-22,11.479999542236328
2010-03-23,11.59000015258789
2010-03-24,11.53499984741211
2010-03-25,11.555000305175781
2010-03-26,11.5
2010-03-29,11.53499984741211
2010-03-30,11.585000038146973
2010-03-31,11.550000190734863
2010-04-01,11.529999732971191
2010-04-05,11.664999961853027
2010-04-06,11.675000190734863
2010-04-07,11.630000114440918
2010-04-08,11.649999618530273
2010-04-09,11.739999771118164
2010-04-12,11.765000343322754
2010-04-13,11.800000190734863
2010-04-14,11.970000267028809
2010-04-15,12.024999618530273
2010-04-16,11.864999771118164
2010-04-19,11.890000343322754
2010-04-20,11.954999923706055
2010-04-21,11.979999542236328
2010-04-22,12.010000228881836
2010-04-23,12.039999961853027
2010-04-26,12.024999618530273
2010-04-27,11.789999961853027
2010-04-28,11.824999809265137
2010-04-29,11.944999694824219
2010-04-30,11.694999694824219
2010-05-03,11.854999542236328
2010-05-04,11.515000343322754
2010-05-05,11.46500015258789
2010-05-06,11.119999885559082
2010-05-07,10.875
2010-05-10,11.375
2010-05-11,11.300000190734863
2010-05-12,11.595000267028809
2010-05-13,11.425000190734863
2010-05-14,11.204999923706055
2010-05-17,11.260000228881836
2010-05-18,11.09000015258789
2010-05-19,11.005000114440918
2010-05-20,10.654999732971191
2010-05-21,10.734999656677246
2010-05-24,10.6850004196167
2010-05-25,10.654999732971191
2010-05-26,10.550000190734863
2010-05-27,10.90999984741211
2010-05-28,10.819999694824219
2010-06-01,10.71500015258789
2010-06-02,10.954999923706055
2010-06-03,11.0649995803833
2010-06-04,10.710000038146973
2010-06-07,10.555000305175781
2010-06-08,10.574999809265137
2010-06-09,10.520000457763672
2010-06-10,10.774999618530273
2010-06-11,10.869999885559082
2010-06-14,10.850000381469727
2010-06-15,11.135000228881836
2010-06-16,11.164999961853027
2010-06-17,11.204999923706055
2010-06-18,11.164999961853027
2010-06-21,11.085000038146973
2010-06-22,10.989999771118164
2010-06-23,10.970000267028809
2010-06-24,10.75
2010-06-25,10.739999771118164
2010-06-28,10.760000228881836
2010-06-29,10.359999656677246
2010-06-30,10.199999809265137
2010-07-01,10.15999984741211
2010-07-02,10.145000457763672
2010-07-06,10.244999885559082
2010-07-07,10.574999809265137
2010-07-08,10.640000343322754
2010-07-09,10.694999694824219
2010-07-12,10.744999885559082
2010-07-13,10.899999618530273
2010-07-14,10.96500015258789
2010-07-15,11.0
2010-07-16,10.6850004196167
2010-07-19,10.789999961853027
2010-07-20,10.859999656677246
2010-07-21,10.729999542236328
2010-07-22,11.020000457763672
2010-07-23,11.095000267028809
2010-07-26,11.164999961853027
2010-07-27,11.194999694824219
2010-07-28,11.104999542236328
2010-07-29,11.005000114440918
2010-07-30,10.960000038146973
2010-08-02,11.1899995803833
2010-08-03,11.130000114440918
2010-08-04,11.220000267028809
2010-08-05,11.170000076293945
2010-08-06,11.140000343322754
2010-08-09,11.21500015258789
2010-08-10,11.100000381469727
2010-08-11,10.835000038146973
2010-08-12,10.6850004196167
2010-08-13,10.635000228881836
2010-08-16,10.654999732971191
2010-08-17,10.770000457763672
2010-08-18,10.829999923706055
2010-08-19,10.699999809265137
2010-08-20,10.675000190734863
2010-08-23,10.579999923706055
2010-08-24,10.4350004196167
2010-08-25,10.5
2010-08-26,10.395000457763672
2010-08-27,10.520000457763672
2010-08-30,10.380000114440918
2010-08-31,10.345000267028809
2010-09-01,10.609999656677246
2010-09-02,10.704999923706055
2010-09-03,10.864999771118164
2010-09-07,10.774999618530273
2010-09-08,10.835000038146973
2010-09-09,10.864999771118164
2010-09-10,10.869999885559082
2010-09-13,11.0649995803833
2010-09-14,11.109999656677246
2010-09-15,11.180000305175781
2010-09-16,11.244999885559082
2010-09-17,11.265000343322754
2010-09-20,11.430000305175781
2010-09-21,11.40999984741211
2010-09-22,11.354999542236328
2010-09-23,11.34000015258789
2010-09-24,11.5600004196167
2010-09-27,11.5649995803833
2010-09-28,11.579999923706055
2010-09-29,11.555000305175781
2010-09-30,11.510000228881836
2010-10-01,11.515000343322754
2010-10-04,11.420000076293945
2010-10-05,11.645000457763672
2010-10-06,11.59000015258789
2010-10-07,11.59000015258789
2010-10-08,11.654999732971191
2010-10-11,11.675000190734863
2010-10-12,11.744999885559082
2010-10-13,11.84000015258789
2010-10-14,11.845000267028809
2010-10-15,12.045000076293945
2010-10-18,12.125
2010-10-19,11.90999984741211
2010-10-20,12.010000228881836
2010-10-21,12.020000457763672
2010-10-22,12.055000305175781
2010-10-25,12.09000015258789
2010-10-26,12.119999885559082
2010-10-27,12.154999732971191
2010-10-28,12.154999732971191
2010-10-29,12.175000190734863
2010-11-01,12.1850004196167
2010-11-02,12.305000305175781
2010-11-03,12.375
2010-11-04,12.5600004196167
2010-11-05,12.550000190734863
2010-11-08,12.5600004196167
2010-11-09,12.524999618530273
2010-11-10,12.53499984741211
2010-11-11,12.345000267028809
2010-11-12,12.170000076293945
2010-11-15,12.135000228881836
2010-11-16,11.914999961853027
2010-11-17,11.920000076293945
2010-11-18,12.119999885559082
2010-11-19,12.154999732971191
2010-11-22,12.225000381469727
2010-11-23,12.045000076293945
2010-11-24,12.244999885559082
2010-11-26,12.125
2010-11-29,12.095000267028809
2010-11-30,11.975000381469727
2010-12-01,12.229999542236328
2010-12-02,12.375
2010-12-03,12.404999732971191
2010-12-06,12.404999732971191
2010-12-07,12.420000076293945
2010-12-08,12.524999618530273
2010-12-09,12.53499984741211
2010-12-10,12.595000267028809
2010-12-13,12.569999694824219
2010-12-14,12.59000015258789
2010-12-15,12.539999961853027
2010-12-16,12.5600004196167
2010-12-17,12.539999961853027
2010-12-20,12.550000190734863
2010-12-21,12.625
2010-12-22,12.609999656677246
2010-12-23,12.604999542236328
2010-12-27,12.630000114440918
2010-12-28,12.614999771118164
2010-12-29,12.640000343322754
2010-12-30,12.609999656677246
2010-12-31,12.595000267028809
2011-01-03,12.734999656677246
2011-01-04,12.78499984741211
2011-01-05,12.859999656677246
2011-01-06,12.9350004196167
2011-01-07,12.875
2011-01-10,12.885000228881836
2011-01-11,12.864999771118164
2011-01-12,12.979999542236328
2011-01-13,12.970000267028809
2011-01-14,13.085000038146973
2011-01-18,13.100000381469727
2011-01-19,13.005000114440918
2011-01-20,12.9350004196167
2011-01-21,12.859999656677246
2011-01-24,13.039999961853027
2011-01-25,13.100000381469727
2011-01-26,13.175000190734863
2011-01-27,13.220000267028809
2011-01-28,12.914999961853027
2011-01-31,12.994999885559082
2011-02-01,13.21500015258789
2011-02-02,13.239999771118164
2011-02-03,13.260000228881836
2011-02-04,13.345000267028809
2011-02-07,13.40999984741211
2011-02-08,13.46500015258789
2011-02-09,13.4399995803833
2011-02-10,13.380000114440918
2011-02-11,13.449999809265137
2011-02-14,13.470000267028809
2011-02-15,13.420000076293945
2011-02-16,13.494999885559082
2011-02-17,13.520000457763672
2011-02-18,13.5
2011-02-22,13.170000076293945
2011-02-23,13.015000343322754
2011-02-24,13.0600004196167
2011-02-25,13.225000381469727
2011-02-28,13.279999732971191
2011-03-01,13.024999618530273
2011-03-02,13.104999542236328
2011-03-03,13.3149995803833
2011-03-04,13.210000038146973
2011-03-07,13.039999961853027
2011-03-08,13.149999618530273
2011-03-09,13.095000267028809
2011-03-10,12.850000381469727
2011-03-11,12.899999618530273
2011-03-14,12.84000015258789
2011-03-15,12.649999618530273
2011-03-16,12.34000015258789
2011-03-17,12.470000267028809
2011-03-18,12.449999809265137
2011-03-21,12.65999984741211
2011-03-22,12.640000343322754
2011-03-23,12.710000038146973
2011-03-24,12.90999984741211
2011-03-25,12.9399995803833
2011-03-28,12.90999984741211
2011-03-29,13.0
2011-03-30,13.055000305175781
2011-03-31,13.029999732971191
2011-04-01,13.005000114440918
2011-04-04,12.960000038146973
2011-04-05,12.9399995803833
2011-04-06,13.03499984741211
2011-04-07,13.039999961853027
2011-04-08,12.96500015258789
2011-04-11,12.944999694824219
2011-04-12,12.84000015258789
2011-04-13,12.920000076293945
2011-04-14,12.895000457763672
2011-04-15,12.869999885559082
2011-04-18,12.755000114440918
2011-04-19,12.789999961853027
2011-04-20,13.0600004196167
2011-04-21,13.175000190734863
2011-04-25,13.1850004196167
2011-04-26,13.295000076293945
2011-04-27,13.375
2011-04-28,13.380000114440918
2011-04-29,13.369999885559082
2011-05-02,13.319999694824219
2011-05-03,13.324999809265137
2011-05-04,13.28499984741211
2011-05-05,13.21500015258789
2011-05-06,13.239999771118164
2011-05-09,13.295000076293945
2011-05-10,13.414999961853027
2011-05-11,13.295000076293945
2011-05-12,13.395000457763672
2011-05-13,13.229999542236328
2011-05-16,13.039999961853027
2011-05-17,13.039999961853027
2011-05-18,13.135000228881836
2011-05-19,13.15999984741211
2011-05-20,13.085000038146973
2011-05-23,12.899999618530273
2011-05-24,12.859999656677246
2011-05-25,12.899999618530273
2011-05-26,12.984999656677246
2011-05-27,13.050000190734863
2011-05-31,13.229999542236328
2011-06-01,12.954999923706055
2011-06-02,12.96500015258789
2011-06-03,12.770000457763672
2011-06-06,12.675000190734863
2011-06-07,12.635000228881836
2011-06-08,12.550000190734863
2011-06-09,12.5600004196167
2011-06-10,12.385000228881836
2011-06-13,12.395000457763672
2011-06-14,12.550000190734863
2011-06-15,12.3149995803833
2011-06-16,12.28499984741211
2011-06-17,12.225000381469727
2011-06-20,12.270000457763672
2011-06-21,12.489999771118164
2011-06-22,12.399999618530273
2011-06-23,12.484999656677246
2011-06-24,12.270000457763672
2011-06-27,12.4350004196167
2011-06-28,12.59000015258789
2011-06-29,12.6899995803833
2011-06-30,12.850000381469727
2011-07-01,13.0600004196167
2011-07-05,13.079999923706055
2011-07-06,13.140000343322754
2011-07-07,13.300000190734863
2011-07-08,13.234999656677246
2011-07-11,13.015000343322754
2011-07-12,12.899999618530273
2011-07-13,12.930000305175781
2011-07-14,12.819999694824219
2011-07-15,12.960000038146973
2011-07-18,12.914999961853027
2011-07-19,13.225000381469727
2011-07-20,13.1850004196167
2011-07-21,13.244999885559082
2011-07-22,13.359999656677246
2011-07-25,13.324999809265137
2011-07-26,13.385000228881836
2011-07-27,13.029999732971191
2011-07-28,13.010000228881836
2011-07-29,12.904999732971191
2011-08-01,12.895000457763672
2011-08-02,12.625
2011-08-03,12.755000114440918
2011-08-04,12.239999771118164
2011-08-05,12.164999961853027
2011-08-08,11.479999542236328
2011-08-09,12.005000114440918
2011-08-10,11.53499984741211
2011-08-11,11.975000381469727
2011-08-12,12.0600004196167
2011-08-15,12.274999618530273
2011-08-16,12.1850004196167
2011-08-17,12.130000114440918
2011-08-18,11.539999961853027
2011-08-19,11.260000228881836
2011-08-22,11.319999694824219
2011-08-23,11.734999656677246
2011-08-24,11.84000015258789
2011-08-25,11.670000076293945
2011-08-26,11.899999618530273
2011-08-29,12.199999809265137
2011-08-30,12.25
2011-08-31,12.220000267028809
2011-09-01,12.085000038146973
2011-09-02,11.8100004196167
2011-09-06,11.755000114440918
2011-09-07,12.0600004196167
2011-09-08,12.0
2011-09-09,11.744999885559082
2011-09-12,11.885000228881836
2011-09-13,12.024999618530273
2011-09-14,12.204999923706055
2011-09-15,12.399999618530273
2011-09-16,12.489999771118164
2011-09-19,12.460000038146973
2011-09-20,12.430000305175781
2011-09-21,12.244999885559082
2011-09-22,11.864999771118164
2011-09-23,12.0
2011-09-26,12.149999618530273
2011-09-27,12.305000305175781
2011-09-28,12.130000114440918
2011-09-29,12.104999542236328
2011-09-30,11.800000190734863
2011-10-03,11.53499984741211
2011-10-04,11.770000457763672
2011-10-05,12.015000343322754
2011-10-06,12.194999694824219
2011-10-07,12.149999618530273
2011-10-10,12.524999618530273
2011-10-11,12.579999923706055
2011-10-12,12.635000228881836
2011-10-13,12.774999618530273
2011-10-14,13.0
2011-10-17,12.795000076293945
2011-10-18,12.90999984741211
2011-10-19,12.65999984741211
2011-10-20,12.604999542236328
2011-10-21,12.765000343322754
2011-10-24,12.96500015258789
2011-10-25,12.760000228881836
2011-10-26,12.8149995803833
2011-10-27,13.194999694824219
2011-10-28,13.239999771118164
2011-10-31,13.005000114440918
2011-11-01,12.645000457763672
2011-11-02,12.800000190734863
2011-11-03,13.104999542236328
2011-11-04,13.024999618530273
2011-11-07,13.104999542236328
2011-11-08,13.255000114440918
2011-11-09,12.795000076293945
2011-11-10,12.835000038146973
2011-11-11,13.079999923706055
2011-11-14,12.979999542236328
2011-11-15,13.154999732971191
2011-11-16,12.960000038146973
2011-11-17,12.710000038146973
2011-11-18,12.604999542236328
2011-11-21,12.385000228881836
2011-11-22,12.364999771118164
2011-11-23,12.069999694824219
2011-11-25,12.005000114440918
2011-11-28,12.399999618530273
2011-11-29,12.335000038146973
2011-11-30,12.8100004196167
2011-12-01,12.880000114440918
2011-12-02,12.869999885559082
2011-12-05,13.015000343322754
2011-12-06,13.010000228881836
2011-12-07,13.024999618530273
2011-12-08,12.819999694824219
2011-12-09,13.020000457763672
2011-12-12,12.854999542236328
2011-12-13,12.734999656677246
2011-12-14,12.539999961853027
2011-12-15,12.510000228881836
2011-12-16,12.489999771118164
2011-12-19,12.369999885559082
2011-12-20,12.720000267028809
2011-12-21,12.510000228881836
2011-12-22,12.654999732971191
2011-12-23,12.779999732971191
2011-12-27,12.800000190734863
2011-12-28,12.670000076293945
2011-12-29,12.765000343322754
2011-12-30,12.725000381469727
2012-01-03,12.904999732971191
2012-01-04,12.9399995803833
2012-01-05,12.979999542236328
2012-01-06,12.984999656677246
2012-01-09,12.96500015258789
2012-01-10,13.010000228881836
2012-01-11,13.050000190734863
2012-01-12,13.114999771118164
2012-01-13,13.039999961853027
2012-01-17,13.100000381469727
2012-01-18,13.289999961853027
2012-01-19,13.385000228881836
2012-01-20,13.399999618530273
2012-01-23,13.444999694824219
2012-01-24,13.4350004196167
2012-01-25,13.539999961853027
2012-01-26,13.449999809265137
2012-01-27,13.449999809265137
2012-01-30,13.489999771118164
2012-01-31,13.515000343322754
2012-02-01,13.649999618530273
2012-02-02,13.6850004196167
2012-02-03,13.859999656677246
2012-02-06,13.864999771118164
2012-02-07,13.899999618530273
2012-02-08,13.984999656677246
2012-02-09,14.119999885559082
2012-02-10,14.015000343322754
2012-02-13,14.104999542236328
2012-02-14,14.130000114440918
2012-02-15,14.055000305175781
2012-02-16,14.260000228881836
2012-02-17,14.260000228881836
2012-02-21,14.319999694824219
2012-02-22,14.270000457763672
2012-02-23,14.324999809265137
2012-02-24,14.40999984741211
2012-02-27,14.4350004196167
2012-02-28,14.539999961853027
2012-02-29,14.475000381469727
2012-03-01,14.5600004196167
2012-03-02,14.539999961853027
2012-03-05,14.414999961853027
2012-03-06,14.274999618530273
2012-03-07,14.380000114440918
2012-03-08,14.524999618530273
2012-03-09,14.59000015258789
2012-03-12,14.609999656677246
2012-03-13,14.899999618530273
2012-03-14,14.954999923706055
2012-03-15,14.994999885559082
2012-03-16,14.9399995803833
2012-03-19,15.050000190734863
2012-03-20,15.03499984741211
2012-03-21,15.029999732971191
2012-03-22,14.994999885559082
2012-03-23,14.994999885559082
2012-03-26,15.21500015258789
2012-03-27,15.210000038146973
2012-03-28,15.154999732971191
2012-03-29,15.125
2012-03-30,15.079999923706055
2012-04-02,15.239999771118164
2012-04-03,15.229999542236328
2012-04-04,15.050000190734863
2012-04-05,15.085000038146973
2012-04-09,14.979999542236328
2012-04-10,14.770000457763672
2012-04-11,14.854999542236328
2012-04-12,15.039999961853027
2012-04-13,14.805000305175781
2012-04-16,14.649999618530273
2012-04-17,14.970000267028809
2012-04-18,14.859999656677246
2012-04-19,14.694999694824219
2012-04-20,14.640000343322754
2012-04-23,14.524999618530273
2012-04-24,14.494999885559082
2012-04-25,14.904999732971191
2012-04-26,15.020000457763672
2012-04-27,15.015000343322754
2012-04-30,14.90999984741211
2012-05-01,14.960000038146973
2012-05-02,14.970000267028809
2012-05-03,14.845000267028809
2012-05-04,14.53499984741211
2012-05-07,14.494999885559082
2012-05-08,14.444999694824219
2012-05-09,14.444999694824219
2012-05-10,14.335000038146973
2012-05-11,14.345000267028809
2012-05-14,14.220000267028809
2012-05-15,14.180000305175781
2012-05-16,14.0649995803833
2012-05-17,13.864999771118164
2012-05-18,13.734999656677246
2012-05-21,14.074999809265137
2012-05-22,14.029999732971191
2012-05-23,14.045000076293945
2012-05-24,13.96500015258789
2012-05-25,13.9350004196167
2012-05-29,14.119999885559082
2012-05-30,14.029999732971191
2012-05-31,13.96500015258789
2012-06-01,13.600000381469727
2012-06-04,13.680000305175781
2012-06-05,13.765000343322754
2012-06-06,14.079999923706055
2012-06-07,14.010000228881836
2012-06-08,14.164999961853027
2012-06-11,13.96500015258789
2012-06-12,14.104999542236328
2012-06-13,14.020000457763672
2012-06-14,14.09000015258789
2012-06-15,14.1850004196167
2012-06-18,14.289999961853027
2012-06-19,14.399999618530273
2012-06-20,14.425000190734863
2012-06-21,14.085000038146973
2012-06-22,14.239999771118164
2012-06-25,13.949999809265137
2012-06-26,14.005000114440918
2012-06-27,14.09000015258789
2012-06-28,13.975000381469727
2012-06-29,14.364999771118164
2012-07-02,14.444999694824219
2012-07-03,14.5600004196167
2012-07-05,14.5600004196167
2012-07-06,14.345000267028809
2012-07-09,14.3149995803833
2012-07-10,14.154999732971191
2012-07-11,14.09000015258789
2012-07-12,13.949999809265137
2012-07-13,14.135000228881836
2012-07-16,14.119999885559082
2012-07-17,14.175000190734863
2012-07-18,14.420000076293945
2012-07-19,14.545000076293945
2012-07-20,14.380000114440918
2012-07-23,14.239999771118164
2012-07-24,14.095000267028809
2012-07-25,14.039999961853027
2012-07-26,14.255000114440918
2012-07-27,14.5649995803833
2012-07-30,14.569999694824219
2012-07-31,14.630000114440918
2012-08-01,14.579999923706055
2012-08-02,14.484999656677246
2012-08-03,14.770000457763672
2012-08-06,14.875
2012-08-07,14.975000381469727
2012-08-08,14.979999542236328
2012-08-09,15.029999732971191
2012-08-10,15.0649995803833
2012-08-13,15.109999656677246
2012-08-14,15.079999923706055
2012-08-15,15.085000038146973
2012-08-16,15.289999961853027
2012-08-17,15.375
2012-08-20,15.390000343322754
2012-08-21,15.289999961853027
2012-08-22,15.3149995803833
2012-08-23,15.1899995803833
2012-08-24,15.28499984741211
2012-08-27,15.300000190734863
2012-08-28,15.265000343322754
2012-08-29,15.295000076293945
2012-08-30,15.125
2012-08-31,15.244999885559082
2012-09-04,15.244999885559082
2012-09-05,15.229999542236328
2012-09-06,15.569999694824219
2012-09-07,15.545000076293945
2012-09-10,15.380000114440918
2012-09-11,15.420000076293945
2012-09-12,15.505000114440918
2012-09-13,15.71500015258789
2012-09-14,15.789999961853027
2012-09-17,15.805000305175781
2012-09-18,15.8149995803833
2012-09-19,15.829999923706055
2012-09-20,15.800000190734863
2012-09-21,15.755000114440918
2012-09-24,15.654999732971191
2012-09-25,15.4350004196167
2012-09-26,15.324999809265137
2012-09-27,15.524999618530273
2012-09-28,15.414999961853027
2012-10-01,15.380000114440918
2012-10-02,15.399999618530273
2012-10-03,15.479999542236328
2012-10-04,15.524999618530273
2012-10-05,15.444999694824219
2012-10-08,15.28499984741211
2012-10-09,15.09000015258789
2012-10-10,15.029999732971191
2012-10-11,14.970000267028809
2012-10-12,14.960000038146973
2012-10-15,15.03499984741211
2012-10-16,15.239999771118164
2012-10-17,15.15999984741211
2012-10-18,14.984999656677246
2012-10-19,14.645000457763672
2012-10-22,14.744999885559082
2012-10-23,14.585000038146973
2012-10-24,14.5
2012-10-25,14.470000267028809
2012-10-26,14.494999885559082
2012-10-31,14.4350004196167
2012-11-01,14.670000076293945
2012-11-02,14.479999542236328
2012-11-05,14.5600004196167
2012-11-06,14.625
2012-11-07,14.260000228881836
2012-11-08,14.055000305175781
2012-11-09,14.119999885559082
2012-11-12,14.100000381469727
2012-11-13,14.029999732971191
2012-11-14,13.890000343322754
2012-11-15,13.8100004196167
2012-11-16,13.829999923706055
2012-11-19,14.210000038146973
2012-11-20,14.149999618530273
2012-11-21,14.194999694824219
2012-11-23,14.425000190734863
2012-11-26,14.489999771118164
2012-11-27,14.425000190734863
2012-11-28,14.510000228881836
2012-11-29,14.579999923706055
2012-11-30,14.5649995803833
2012-12-03,14.545000076293945
2012-12-04,14.520000457763672
2012-12-05,14.375
2012-12-06,14.460000038146973
2012-12-07,14.385000228881836
2012-12-10,14.420000076293945
2012-12-11,14.614999771118164
2012-12-12,14.59000015258789
2012-12-13,14.484999656677246
2012-12-14,14.345000267028809
2012-12-17,14.520000457763672
2012-12-18,14.734999656677246
2012-12-19,14.65999984741211
2012-12-20,14.6850004196167
2012-12-21,14.475000381469727
2012-12-24,14.4350004196167
2012-12-26,14.354999542236328
2012-12-27,14.34000015258789
2012-12-28,14.180000305175781
2012-12-31,14.425000190734863
2013-01-02,14.904999732971191
2013-01-03,14.8100004196167
2013-01-04,14.75
2013-01-07,14.729999542236328
2013-01-08,14.675000190734863
2013-01-09,14.699999809265137
2013-01-10,14.774999618530273
2013-01-11,14.795000076293945
2013-01-14,14.699999809265137
2013-01-15,14.604999542236328
2013-01-16,14.654999732971191
2013-01-17,14.71500015258789
2013-01-18,14.694999694824219
2013-01-22,14.734999656677246
2013-01-23,14.890000343322754
2013-01-24,14.635000228881836
2013-01-25,14.649999618530273
2013-01-28,14.699999809265137
2013-01-29,14.720000267028809
2013-01-30,14.675000190734863
2013-01-31,14.699999809265137
2013-02-01,14.864999771118164
2013-02-04,14.670000076293945
2013-02-05,14.84000015258789
2013-02-06,14.835000038146973
2013-02-07,14.835000038146973
2013-02-08,14.96500015258789
2013-02-11,14.994999885559082
2013-02-12,14.944999694824219
2013-02-13,14.9399995803833
2013-02-14,14.899999618530273
2013-02-15,14.890000343322754
2013-02-19,14.989999771118164
2013-02-20,14.78499984741211
2013-02-21,14.664999961853027
2013-02-22,14.845000267028809
2013-02-25,14.635000228881836
2013-02-26,14.720000267028809
2013-02-27,14.845000267028809
2013-02-28,14.8149995803833
2013-03-01,14.84000015258789
2013-03-04,14.885000228881836
2013-03-05,15.09000015258789
2013-03-06,15.079999923706055
2013-03-07,15.114999771118164
2013-03-08,15.145000457763672
2013-03-11,15.180000305175781
2013-03-12,15.125
2013-03-13,15.114999771118164
2013-03-14,15.225000381469727
2013-03-15,15.100000381469727
2013-03-18,15.104999542236328
2013-03-19,15.085000038146973
2013-03-20,15.15999984741211
2013-03-21,14.989999771118164
2013-03-22,15.085000038146973
2013-03-25,15.050000190734863
2013-03-26,15.145000457763672
2013-03-27,15.104999542236328
2013-03-28,15.135000228881836
2013-04-01,15.03499984741211
2013-04-02,15.095000267028809
2013-04-03,14.975000381469727
2013-04-04,14.979999542236328
2013-04-05,14.864999771118164
2013-04-08,14.930000305175781
2013-04-09,15.03499984741211
2013-04-10,15.300000190734863
2013-04-11,15.25
2013-04-12,15.1850004196167
2013-04-15,14.9350004196167
2013-04-16,15.119999885559082
2013-04-17,14.8100004196167
2013-04-18,14.654999732971191
2013-04-19,14.675000190734863
2013-04-22,14.789999961853027
2013-04-23,14.949999809265137
2013-04-24,14.975000381469727
2013-04-25,15.024999618530273
2013-04-26,15.020000457763672
2013-04-29,15.234999656677246
2013-04-30,15.399999618530273
2013-05-01,15.265000343322754
2013-05-02,15.460000038146973
2013-05-03,15.604999542236328
2013-05-06,15.680000305175781
2013-05-07,15.670000076293945
2013-05-08,15.795000076293945
2013-05-09,15.75
2013-05-10,15.795000076293945
2013-05-13,15.755000114440918
2013-05-14,15.805000305175781
2013-05-15,15.854999542236328
2013-05-16,15.9399995803833
2013-05-17,16.100000381469727
2013-05-20,16.100000381469727
2013-05-21,16.049999237060547
2013-05-22,15.875
2013-05-23,15.869999885559082
2013-05-24,15.845000267028809
2013-05-28,15.920000076293945
2013-05-29,15.880000114440918
2013-05-30,15.979999542236328
2013-05-31,15.829999923706055
2013-06-03,15.90999984741211
2013-06-04,15.84000015258789
2013-06-05,15.6850004196167
2013-06-06,15.720000267028809
2013-06-07,15.864999771118164
2013-06-10,15.899999618530273
2013-06-11,15.734999656677246
2013-06-12,15.630000114440918
2013-06-13,15.8100004196167
2013-06-14,15.6899995803833
2013-06-17,15.835000038146973
2013-06-18,15.960000038146973
2013-06-19,15.774999618530273
2013-06-20,15.425000190734863
2013-06-21,15.255000114440918
2013-06-24,15.069999694824219
2013-06-25,15.194999694824219
2013-06-26,15.28499984741211
2013-06-27,15.359999656677246
2013-06-28,15.295000076293945
2013-07-01,15.375
2013-07-02,15.399999618530273
2013-07-03,15.489999771118164
2013-07-05,15.59000015258789
2013-07-08,15.579999923706055
2013-07-09,15.640000343322754
2013-07-10,15.6899995803833
2013-07-11,15.954999923706055
2013-07-12,15.96500015258789
2013-07-15,16.010000228881836
2013-07-16,16.020000457763672
2013-07-17,16.03499984741211
2013-07-18,15.994999885559082
2013-07-19,15.725000381469727
2013-07-22,15.770000457763672
2013-07-23,15.704999923706055
2013-07-24,15.8100004196167
2013-07-25,15.819999694824219
2013-07-26,15.864999771118164
2013-07-29,15.84000015258789
2013-07-30,15.920000076293945
2013-07-31,15.864999771118164
2013-08-01,16.03499984741211
2013-08-02,16.104999542236328
2013-08-05,16.139999389648438
2013-08-06,16.05500030517578
2013-08-07,16.014999389648438
2013-08-08,16.065000534057617
2013-08-09,15.984999656677246
2013-08-12,16.09000015258789
2013-08-13,16.200000762939453
2013-08-14,16.184999465942383
2013-08-15,15.925000190734863
2013-08-16,15.90999984741211
2013-08-19,15.859999656677246
2013-08-20,15.885000228881836
2013-08-21,15.850000381469727
2013-08-22,15.920000076293945
2013-08-23,16.03499984741211
2013-08-26,15.960000038146973
2013-08-27,15.680000305175781
2013-08-28,15.6899995803833
2013-08-29,15.774999618530273
2013-08-30,15.699999809265137
2013-09-03,15.71500015258789
2013-09-04,15.864999771118164
2013-09-05,15.875
2013-09-06,15.885000228881836
2013-09-09,16.075000762939453
2013-09-10,16.174999237060547
2013-09-11,16.100000381469727
2013-09-12,16.114999771118164
2013-09-13,16.1299991607666
2013-09-16,16.104999542236328
2013-09-17,16.184999465942383
2013-09-18,16.389999389648438
2013-09-19,16.399999618530273
2013-09-20,16.204999923706055
2013-09-23,16.2549991607666
2013-09-24,16.184999465942383
2013-09-25,16.15999984741211
2013-09-26,16.219999313354492
2013-09-27,16.1200008392334
2013-09-30,16.020000457763672
2013-10-01,16.15999984741211
2013-10-02,16.165000915527344
2013-10-03,16.024999618530273
2013-10-04,16.09000015258789
2013-10-07,16.020000457763672
2013-10-08,15.765000343322754
2013-10-09,15.824999809265137
2013-10-10,16.09000015258789
2013-10-11,16.225000381469727
2013-10-14,16.280000686645508
2013-10-15,16.18000030517578
2013-10-16,16.334999084472656
2013-10-17,16.34000015258789
2013-10-18,16.6200008392334
2013-10-21,16.709999084472656
2013-10-22,16.704999923706055
2013-10-23,16.625
2013-10-24,16.665000915527344
2013-10-25,16.75
2013-10-28,16.80500030517578
2013-10-29,16.915000915527344
2013-10-30,16.8799991607666
2013-10-31,16.825000762939453
2013-11-01,16.829999923706055
2013-11-04,16.895000457763672
2013-11-05,16.850000381469727
2013-11-06,17.020000457763672
2013-11-07,16.799999237060547
2013-11-08,16.950000762939453
2013-11-11,16.969999313354492
2013-11-12,17.014999389648438
2013-11-13,17.15999984741211
2013-11-14,17.114999771118164
2013-11-15,17.149999618530273
2013-11-18,17.084999084472656
2013-11-19,17.024999618530273
2013-11-20,16.969999313354492
2013-11-21,17.114999771118164
2013-11-22,17.079999923706055
2013-11-25,17.079999923706055
2013-11-26,17.139999389648438
2013-11-27,17.274999618530273
2013-11-29,17.344999313354492
2013-12-02,17.290000915527344
2013-12-03,17.329999923706055
2013-12-04,17.344999313354492
2013-12-05,17.290000915527344
2013-12-06,17.40999984741211
2013-12-09,17.46500015258789
2013-12-10,17.43000030517578
2013-12-11,17.270000457763672
2013-12-12,17.155000686645508
2013-12-13,17.100000381469727
2013-12-16,17.270000457763672
2013-12-17,17.264999389648438
2013-12-18,17.399999618530273
2013-12-19,17.43000030517578
2013-12-20,17.479999542236328
2013-12-23,17.709999084472656
2013-12-24,17.760000228881836
2013-12-26,17.80500030517578
2013-12-27,17.790000915527344
2013-12-30,17.7549991607666
2013-12-31,17.8700008392334
2014-01-02,17.69499969482422
2014-01-03,17.610000610351562
2014-01-06,17.579999923706055
2014-01-07,17.739999771118164
2014-01-08,17.739999771118164
2014-01-09,17.625
2014-01-10,17.65999984741211
2014-01-13,17.469999313354492
2014-01-14,17.764999389648438
2014-01-15,17.979999542236328
2014-01-16,17.975000381469727
2014-01-17,17.875
2014-01-21,17.96500015258789
2014-01-22,17.94499969482422
2014-01-23,17.90999984741211
2014-01-24,17.565000534057617
2014-01-27,17.399999618530273
2014-01-28,17.295000076293945
2014-01-29,17.15999984741211
2014-01-30,17.3700008392334
2014-01-31,17.40999984741211
2014-02-03,17.045000076293945
2014-02-04,17.110000610351562
2014-02-05,17.125
2014-02-06,17.315000534057617
2014-02-07,17.549999237060547
2014-02-10,17.584999084472656
2014-02-11,17.799999237060547
2014-02-12,17.8700008392334
2014-02-13,18.0
2014-02-14,18.03499984741211
2014-02-18,18.045000076293945
2014-02-19,17.985000610351562
2014-02-20,18.045000076293945
2014-02-21,17.975000381469727
2014-02-24,18.045000076293945
2014-02-25,17.9950008392334
2014-02-26,18.010000228881836
2014-02-27,18.155000686645508
2014-02-28,18.174999237060547
2014-03-03,17.979999542236328
2014-03-04,18.21500015258789
2014-03-05,18.239999771118164
2014-03-06,18.264999389648438
2014-03-07,18.209999084472656
2014-03-10,18.18000030517578
2014-03-11,18.139999389648438
2014-03-12,18.170000076293945
2014-03-13,17.924999237060547
2014-03-14,17.815000534057617
2014-03-17,18.024999618530273
2014-03-18,18.260000228881836
2014-03-19,18.184999465942383
2014-03-20,18.325000762939453
2014-03-21,18.155000686645508
2014-03-24,18.139999389648438
2014-03-25,18.25
2014-03-26,18.030000686645508
2014-03-27,17.96500015258789
2014-03-28,18.03499984741211
2014-03-31,18.174999237060547
2014-04-01,18.389999389648438
2014-04-02,18.399999618530273
2014-04-03,18.309999465942383
2014-04-04,17.959999084472656
2014-04-07,17.81999969482422
2014-04-08,17.979999542236328
2014-04-09,18.219999313354492
2014-04-10,17.799999237060547
2014-04-11,17.600000381469727
2014-04-14,17.774999618530273
2014-04-15,17.864999771118164
2014-04-16,18.040000915527344
2014-04-17,18.014999389648438
2014-04-21,18.084999084472656
2014-04-22,18.15999984741211
2014-04-23,17.96500015258789
2014-04-24,18.104999542236328
2014-04-25,17.875
2014-04-28,18.045000076293945
2014-04-29,18.170000076293945
2014-04-30,18.225000381469727
2014-05-01,18.2450008392334
2014-05-02,18.19499969482422
2014-05-05,18.290000915527344
2014-05-06,18.084999084472656
2014-05-07,18.094999313354492
2014-05-08,18.145000457763672
2014-05-09,18.165000915527344
2014-05-12,18.40999984741211
2014-05-13,18.420000076293945
2014-05-14,18.334999084472656
2014-05-15,18.225000381469727
2014-05-16,18.34000015258789
2014-05-19,18.459999084472656
2014-05-20,18.354999542236328
2014-05-21,18.479999542236328
2014-05-22,18.514999389648438
2014-05-23,18.670000076293945
2014-05-27,18.829999923706055
2014-05-28,18.780000686645508
2014-05-29,18.889999389648438
2014-05-30,18.90999984741211
2014-06-02,18.8799991607666
2014-06-03,18.850000381469727
2014-06-04,18.885000228881836
2014-06-05,19.010000228881836
2014-06-06,19.094999313354492
2014-06-09,19.155000686645508
2014-06-10,19.165000915527344
2014-06-11,19.1200008392334
2014-06-12,18.954999923706055
2014-06-13,19.065000534057617
2014-06-16,19.065000534057617
2014-06-17,19.110000610351562
2014-06-18,19.209999084472656
2014-06-19,19.174999237060547
2014-06-20,19.045000076293945
2014-06-23,19.100000381469727
2014-06-24,19.0
2014-06-25,19.075000762939453
2014-06-26,19.05500030517578
2014-06-27,19.170000076293945
2014-06-30,19.174999237060547
2014-07-01,19.3700008392334
2014-07-02,19.389999389648438
2014-07-03,19.475000381469727
2014-07-07,19.4950008392334
2014-07-08,19.31999969482422
2014-07-09,19.415000915527344
2014-07-10,19.360000610351562
2014-07-11,19.459999084472656
2014-07-14,19.600000381469727
2014-07-15,19.565000534057617
2014-07-16,19.7450008392334
2014-07-17,19.489999771118164
2014-07-18,19.725000381469727
2014-07-21,19.700000762939453
2014-07-22,19.864999771118164
2014-07-23,19.899999618530273
2014-07-24,19.885000228881836
2014-07-25,19.860000610351562
2014-07-28,19.895000457763672
2014-07-29,19.854999542236328
2014-07-30,19.875
2014-07-31,19.5
2014-08-01,19.395000457763672
2014-08-04,19.53499984741211
2014-08-05,19.350000381469727
2014-08-06,19.290000915527344
2014-08-07,19.209999084472656
2014-08-08,19.334999084472656
2014-08-11,19.43000030517578
2014-08-12,19.420000076293945
2014-08-13,19.610000610351562
2014-08-14,19.645000457763672
2014-08-15,19.645000457763672
2014-08-18,19.829999923706055
2014-08-19,19.954999923706055
2014-08-20,19.954999923706055
2014-08-21,20.049999237060547
2014-08-22,20.05500030517578
2014-08-25,20.075000762939453
2014-08-26,20.084999084472656
2014-08-27,20.079999923706055
2014-08-28,20.049999237060547
2014-08-29,20.139999389648438
2014-09-02,20.145000457763672
2014-09-03,20.03499984741211
2014-09-04,20.024999618530273
2014-09-05,20.145000457763672
2014-09-08,20.174999237060547
2014-09-09,20.030000686645508
2014-09-10,20.149999618530273
2014-09-11,20.19499969482422
2014-09-12,20.110000610351562
2014-09-15,19.989999771118164
2014-09-16,20.139999389648438
2014-09-17,20.18000030517578
2014-09-18,20.299999237060547
2014-09-19,20.170000076293945
2014-09-22,20.03499984741211
2014-09-23,19.989999771118164
2014-09-24,20.1200008392334
2014-09-25,19.68000030517578
2014-09-26,19.895000457763672
2014-09-29,19.889999389648438
2014-09-30,19.950000762939453
2014-10-01,19.639999389648438
2014-10-02,19.6299991607666
2014-10-03,19.790000915527344
2014-10-06,19.795000076293945
2014-10-07,19.485000610351562
2014-10-08,19.854999542236328
2014-10-09,19.524999618530273
2014-10-10,19.024999618530273
2014-10-13,18.815000534057617
2014-10-14,18.844999313354492
2014-10-15,18.71500015258789
2014-10-16,18.604999542236328
2014-10-17,18.825000762939453
2014-10-20,18.959999084472656
2014-10-21,19.329999923706055
2014-10-22,19.239999771118164
2014-10-23,19.454999923706055
2014-10-24,19.625
2014-10-27,19.645000457763672
2014-10-28,19.915000915527344
2014-10-29,19.895000457763672
2014-10-30,19.959999084472656
2014-10-31,20.270000457763672
2014-11-03,20.354999542236328
2014-11-04,20.350000381469727
2014-11-05,20.405000686645508
2014-11-06,20.395000457763672
2014-11-07,20.420000076293945
2014-11-10,20.475000381469727
2014-11-11,20.485000610351562
2014-11-12,20.549999237060547
2014-11-13,20.65999984741211
2014-11-14,20.80500030517578
2014-11-17,20.764999389648438
2014-11-18,20.834999084472656
2014-11-19,20.700000762939453
2014-11-20,20.80500030517578
2014-11-21,20.834999084472656
2014-11-24,20.94499969482422
2014-11-25,20.954999923706055
2014-11-26,21.145000457763672
2014-11-28,21.2450008392334
2014-12-01,21.0049991607666
2014-12-02,21.010000228881836
2014-12-03,21.084999084472656
2014-12-04,21.084999084472656
2014-12-05,21.059999465942383
2014-12-08,20.844999313354492
2014-12-09,20.84000015258789
2014-12-10,20.524999618530273
2014-12-11,20.614999771118164
2014-12-12,20.309999465942383
2014-12-15,20.184999465942383
2014-12-16,19.915000915527344
2014-12-17,20.290000915527344
2014-12-18,20.8700008392334
2014-12-19,20.78499984741211
2014-12-22,21.03499984741211
2014-12-23,21.09000015258789
2014-12-24,21.06999969482422
2014-12-26,21.15999984741211
2014-12-29,21.05500030517578
2014-12-30,20.905000686645508
2014-12-31,20.674999237060547
2015-01-02,20.635000228881836
2015-01-05,20.31999969482422
2015-01-06,20.075000762939453
2015-01-07,20.2450008392334
2015-01-08,20.690000534057617
2015-01-09,20.625
2015-01-12,20.385000228881836
2015-01-13,20.3700008392334
2015-01-14,20.2549991607666
2015-01-15,19.9950008392334
2015-01-16,20.190000534057617
2015-01-20,20.360000610351562
2015-01-21,20.395000457763672
2015-01-22,20.729999542236328
2015-01-23,20.725000381469727
2015-01-26,20.639999389648438
2015-01-27,20.045000076293945
2015-01-28,20.010000228881836
2015-01-29,20.200000762939453
2015-01-30,19.950000762939453
2015-02-02,20.155000686645508
2015-02-03,20.385000228881836
2015-02-04,20.424999237060547
2015-02-05,20.614999771118164
2015-02-06,20.549999237060547
2015-02-09,20.520000457763672
2015-02-10,20.825000762939453
2015-02-11,20.905000686645508
2015-02-12,21.190000534057617
2015-02-13,21.325000762939453
2015-02-17,21.334999084472656
2015-02-18,21.354999542236328
2015-02-19,21.43000030517578
2015-02-20,21.540000915527344
2015-02-23,21.55500030517578
2015-02-24,21.6200008392334
2015-02-25,21.485000610351562
2015-02-26,21.6200008392334
2015-02-27,21.545000076293945
2015-03-02,21.71500015258789
2015-03-03,21.56999969482422
2015-03-04,21.485000610351562
2015-03-05,21.459999084472656
2015-03-06,21.19499969482422
2015-03-09,21.295000076293945
2015-03-10,20.860000610351562
2015-03-11,20.725000381469727
2015-03-12,20.860000610351562
2015-03-13,20.7450008392334
2015-03-16,20.989999771118164
2015-03-17,20.9950008392334
2015-03-18,21.280000686645508
2015-03-19,21.219999313354492
2015-03-20,21.270000457763672
2015-03-23,21.270000457763672
2015-03-24,21.200000762939453
2015-03-25,20.655000686645508
2015-03-26,20.670000076293945
2015-03-27,20.684999465942383
2015-03-30,20.934999465942383
2015-03-31,20.719999313354492
2015-04-01,20.690000534057617
2015-04-02,20.684999465942383
2015-04-06,20.885000228881836
2015-04-07,20.84000015258789
2015-04-08,20.905000686645508
2015-04-09,20.959999084472656
2015-04-10,21.040000915527344
2015-04-13,20.979999542236328
2015-04-14,20.915000915527344
2015-04-15,21.100000381469727
2015-04-16,21.024999618530273
2015-04-17,20.735000610351562
2015-04-20,21.09000015258789
2015-04-21,21.079999923706055
2015-04-22,21.295000076293945
2015-04-23,21.3799991607666
2015-04-24,21.565000534057617
2015-04-27,21.625
2015-04-28,21.69499969482422
2015-04-29,21.59000015258789
2015-04-30,21.290000915527344
2015-05-01,21.549999237060547
2015-05-04,21.56999969482422
2015-05-05,21.235000610351562
2015-05-06,21.05500030517578
2015-05-07,21.209999084472656
2015-05-08,21.514999389648438
2015-05-11,21.405000686645508
2015-05-12,21.290000915527344
2015-05-13,21.3799991607666
2015-05-14,21.725000381469727
2015-05-15,21.655000686645508
2015-05-18,21.760000228881836
2015-05-19,21.704999923706055
2015-05-20,21.719999313354492
2015-05-21,21.815000534057617
2015-05-22,21.799999237060547
2015-05-26,21.485000610351562
2015-05-27,21.889999389648438
2015-05-28,21.844999313354492
2015-05-29,21.684999465942383
2015-06-01,21.7450008392334
2015-06-02,21.700000762939453
2015-06-03,21.7450008392334
2015-06-04,21.545000076293945
2015-06-05,21.475000381469727
2015-06-08,21.235000610351562
2015-06-09,21.184999465942383
2015-06-10,21.514999389648438
2015-06-11,21.524999618530273
2015-06-12,21.334999084472656
2015-06-15,21.204999923706055
2015-06-16,21.344999313354492
2015-06-17,21.354999542236328
2015-06-18,21.545000076293945
2015-06-19,21.270000457763672
2015-06-22,21.44499969482422
2015-06-23,21.459999084472656
2015-06-24,21.360000610351562
2015-06-25,21.309999465942383
2015-06-26,21.1299991607666
2015-06-29,20.68000030517578
2015-06-30,20.700000762939453
2015-07-01,20.84000015258789
2015-07-02,20.8700008392334
2015-07-06,20.78499984741211
2015-07-07,20.815000534057617
2015-07-08,20.475000381469727
2015-07-09,20.395000457763672
2015-07-10,20.719999313354492
2015-07-13,21.03499984741211
2015-07-14,21.114999771118164
2015-07-15,21.1200008392334
2015-07-16,21.389999389648438
2015-07-17,21.719999313354492
2015-07-20,21.834999084472656
2015-07-21,21.690000534057617
2015-07-22,21.34000015258789
2015-07-23,21.295000076293945
2015-07-24,21.18000030517578
2015-07-27,20.989999771118164
2015-07-28,21.18000030517578
2015-07-29,21.31999969482422
2015-07-30,21.360000610351562
2015-07-31,21.290000915527344
2015-08-03,21.174999237060547
2015-08-04,21.049999237060547
2015-08-05,21.2549991607666
2015-08-06,21.045000076293945
2015-08-07,21.059999465942383
2015-08-10,21.389999389648438
2015-08-11,21.06999969482422
2015-08-12,21.165000915527344
2015-08-13,21.104999542236328
2015-08-14,21.209999084472656
2015-08-17,21.329999923706055
2015-08-18,21.219999313354492
2015-08-19,21.079999923706055
2015-08-20,20.565000534057617
2015-08-21,19.780000686645508
2015-08-24,19.0
2015-08-25,18.850000381469727
2015-08-26,19.799999237060547
2015-08-27,20.260000228881836
2015-08-28,20.299999237060547
2015-08-31,20.114999771118164
2015-09-01,19.469999313354492
2015-09-02,19.940000534057617
2015-09-03,19.954999923706055
2015-09-04,19.649999618530273
2015-09-08,20.200000762939453
2015-09-09,19.934999465942383
2015-09-10,20.135000228881836
2015-09-11,20.229999542236328
2015-09-14,20.18000030517578
2015-09-15,20.440000534057617
2015-09-16,20.524999618530273
2015-09-17,20.385000228881836
2015-09-18,20.030000686645508
2015-09-21,20.229999542236328
2015-09-22,19.889999389648438
2015-09-23,19.940000534057617
2015-09-24,19.940000534057617
2015-09-25,19.905000686645508
2015-09-28,19.450000762939453
2015-09-29,19.364999771118164
2015-09-30,19.75
2015-10-01,19.760000228881836
2015-10-02,20.040000915527344
2015-10-05,20.434999465942383
2015-10-06,20.459999084472656
2015-10-07,20.55500030517578
2015-10-08,20.649999618530273
2015-10-09,20.739999771118164
2015-10-12,20.764999389648438
2015-10-13,20.719999313354492
2015-10-14,20.68000030517578
2015-10-15,20.94499969482422
2015-10-16,20.985000610351562
2015-10-19,21.065000534057617
2015-10-20,21.010000228881836
2015-10-21,20.850000381469727
2015-10-22,21.31999969482422
2015-10-23,21.915000915527344
2015-10-26,21.829999923706055
2015-10-27,21.704999923706055
2015-10-28,22.030000686645508
2015-10-29,21.969999313354492
2015-10-30,21.825000762939453
2015-11-02,22.020000457763672
2015-11-03,22.135000228881836
2015-11-04,22.15999984741211
2015-11-05,22.094999313354492
2015-11-06,22.170000076293945
2015-11-09,21.954999923706055
2015-11-10,21.809999465942383
2015-11-11,21.799999237060547
2015-11-12,21.610000610351562
2015-11-13,21.184999465942383
2015-11-16,21.510000228881836
2015-11-17,21.514999389648438
2015-11-18,21.84000015258789
2015-11-19,21.940000534057617
2015-11-20,22.100000381469727
2015-11-23,21.969999313354492
2015-11-24,21.975000381469727
2015-11-25,21.905000686645508
2015-11-27,21.954999923706055
2015-11-30,21.979999542236328
2015-12-01,22.174999237060547
2015-12-02,22.03499984741211
2015-12-03,21.75
2015-12-04,22.28499984741211
2015-12-07,22.174999237060547
2015-12-08,22.1200008392334
2015-12-09,21.795000076293945
2015-12-10,21.854999542236328
2015-12-11,21.399999618530273
2015-12-14,21.565000534057617
2015-12-15,21.65999984741211
2015-12-16,21.954999923706055
2015-12-17,21.610000610351562
2015-12-18,21.084999084472656
2015-12-21,21.299999237060547
2015-12-22,21.454999923706055
2015-12-23,21.635000228881836
2015-12-24,21.625
2015-12-28,21.610000610351562
2015-12-29,21.905000686645508
2015-12-30,21.719999313354492
2015-12-31,21.415000915527344
2016-01-04,21.135000228881836
2016-01-05,21.079999923706055
2016-01-06,20.81999969482422
2016-01-07,20.204999923706055
2016-01-08,20.045000076293945
2016-01-11,20.174999237060547
2016-01-12,20.415000915527344
2016-01-13,19.864999771118164
2016-01-14,20.239999771118164
2016-01-15,19.670000076293945
2016-01-19,19.690000534057617
2016-01-20,19.53499984741211
2016-01-21,19.645000457763672
2016-01-22,20.190000534057617
2016-01-25,19.954999923706055
2016-01-26,20.149999618530273
2016-01-27,19.735000610351562
2016-01-28,19.989999771118164
2016-01-29,20.6200008392334
2016-02-01,20.69499969482422
2016-02-02,20.325000762939453
2016-02-03,20.299999237060547
2016-02-04,20.31999969482422
2016-02-05,19.75
2016-02-08,19.46500015258789
2016-02-09,19.375
2016-02-10,19.405000686645508
2016-02-11,19.364999771118164
2016-02-12,19.635000228881836
2016-02-16,19.985000610351562
2016-02-17,20.395000457763672
2016-02-18,20.315000534057617
2016-02-19,20.329999923706055
2016-02-22,20.600000381469727
2016-02-23,20.274999618530273
2016-02-24,20.43000030517578
2016-02-25,20.684999465942383
2016-02-26,20.6299991607666
2016-02-29,20.485000610351562
2016-03-01,21.094999313354492
2016-03-02,21.155000686645508
2016-03-03,21.155000686645508
2016-03-04,21.209999084472656
2016-03-07,21.079999923706055
2016-03-08,20.950000762939453
2016-03-09,21.1299991607666
2016-03-10,21.110000610351562
2016-03-11,21.434999465942383
2016-03-14,21.459999084472656
2016-03-15,21.540000915527344
2016-03-16,21.790000915527344
2016-03-17,21.8700008392334
2016-03-18,21.795000076293945
2016-03-21,21.8700008392334
2016-03-22,21.875
2016-03-23,21.75
2016-03-24,21.809999465942383
2016-03-28,21.7549991607666
2016-03-29,22.094999313354492
2016-03-30,22.225000381469727
2016-03-31,22.18000030517578
2016-04-01,22.350000381469727
2016-04-04,22.264999389648438
2016-04-05,22.049999237060547
2016-04-06,22.264999389648438
2016-04-07,21.94499969482422
2016-04-08,21.94499969482422
2016-04-11,21.885000228881836
2016-04-12,22.03499984741211
2016-04-13,22.260000228881836
2016-04-14,22.2549991607666
2016-04-15,22.170000076293945
2016-04-18,22.264999389648438
2016-04-19,22.139999389648438
2016-04-20,22.184999465942383
2016-04-21,22.104999542236328
2016-04-22,21.719999313354492
2016-04-25,21.725000381469727
2016-04-26,21.6200008392334
2016-04-27,21.520000457763672
2016-04-28,21.25
2016-04-29,21.065000534057617
2016-05-02,21.219999313354492
2016-05-03,21.024999618530273
2016-05-04,20.959999084472656
2016-05-05,20.969999313354492
2016-05-06,21.125
2016-05-09,21.125
2016-05-10,21.399999618530273
2016-05-11,21.2450008392334
2016-05-12,21.184999465942383
2016-05-13,21.104999542236328
2016-05-16,21.399999618530273
2016-05-17,21.184999465942383
2016-05-18,21.225000381469727
2016-05-19,21.110000610351562
2016-05-20,21.364999771118164
2016-05-23,21.325000762939453
2016-05-24,21.725000381469727
2016-05-25,21.875
2016-05-26,21.94499969482422
2016-05-27,22.049999237060547
2016-05-31,22.094999313354492
2016-06-01,22.040000915527344
2016-06-02,22.020000457763672
2016-06-03,21.969999313354492
2016-06-06,22.010000228881836
2016-06-07,22.100000381469727
2016-06-08,22.145000457763672
2016-06-09,22.149999618530273
2016-06-10,21.979999542236328
2016-06-13,21.735000610351562
2016-06-14,21.78499984741211
2016-06-15,21.729999542236328
2016-06-16,21.774999618530273
2016-06-17,21.524999618530273
2016-06-20,21.614999771118164
2016-06-21,21.764999389648438
2016-06-22,21.690000534057617
2016-06-23,21.985000610351562
2016-06-24,21.139999389648438
2016-06-27,20.71500015258789
2016-06-28,21.125
2016-06-29,21.450000762939453
2016-06-30,21.684999465942383
2016-07-01,21.735000610351562
2016-07-05,21.575000762939453
2016-07-06,21.725000381469727
2016-07-07,21.725000381469727
2016-07-08,22.065000534057617
2016-07-11,22.19499969482422
2016-07-12,22.375
2016-07-13,22.3799991607666
2016-07-14,22.524999618530273
2016-07-15,22.5049991607666
2016-07-18,22.655000686645508
2016-07-19,22.604999542236328
2016-07-20,22.899999618530273
2016-07-21,22.780000686645508
2016-07-22,22.915000915527344
2016-07-25,22.885000228881836
2016-07-26,22.934999465942383
2016-07-27,23.125
2016-07-28,23.139999389648438
2016-07-29,23.225000381469727
2016-08-01,23.270000457763672
2016-08-02,23.094999313354492
2016-08-03,23.174999237060547
2016-08-04,23.299999237060547
2016-08-05,23.524999618530273
2016-08-08,23.520000457763672
2016-08-09,23.56999969482422
2016-08-10,23.4950008392334
2016-08-11,23.579999923706055
2016-08-12,23.55500030517578
2016-08-15,23.670000076293945
2016-08-16,23.4950008392334
2016-08-17,23.485000610351562
2016-08-18,23.4950008392334
2016-08-19,23.510000228881836
2016-08-22,23.510000228881836
2016-08-23,23.594999313354492
2016-08-24,23.46500015258789
2016-08-25,23.514999389648438
2016-08-26,23.524999618530273
2016-08-29,23.614999771118164
2016-08-30,23.53499984741211
2016-08-31,23.4950008392334
2016-09-01,23.56999969482422
2016-09-02,23.674999237060547
2016-09-06,23.795000076293945
2016-09-07,23.854999542236328
2016-09-08,23.65999984741211
2016-09-09,23.079999923706055
2016-09-12,23.46500015258789
2016-09-13,23.295000076293945
2016-09-14,23.405000686645508
2016-09-15,23.790000915527344
2016-09-16,23.604999542236328
2016-09-19,23.559999465942383
2016-09-20,23.545000076293945
2016-09-21,23.809999465942383
2016-09-22,23.954999923706055
2016-09-23,23.7450008392334
2016-09-26,23.604999542236328
2016-09-27,23.864999771118164
2016-09-28,23.90999984741211
2016-09-29,23.764999389648438
2016-09-30,23.889999389648438
2016-10-03,23.81999969482422
2016-10-04,23.735000610351562
2016-10-05,23.81999969482422
2016-10-06,23.875
2016-10-07,23.809999465942383
2016-10-10,23.975000381469727
2016-10-11,23.704999923706055
2016-10-12,23.7450008392334
2016-10-13,23.594999313354492
2016-10-14,23.684999465942383
2016-10-17,23.635000228881836
2016-10-18,23.764999389648438
2016-10-19,23.809999465942383
2016-10-20,23.700000762939453
2016-10-21,23.764999389648438
2016-10-24,23.9950008392334
2016-10-25,23.90999984741211
2016-10-26,23.774999618530273
2016-10-27,23.7450008392334
2016-10-28,23.719999313354492
2016-10-31,23.709999084472656
2016-11-01,23.5049991607666
2016-11-02,23.354999542236328
2016-11-03,23.1299991607666
2016-11-04,23.09000015258789
2016-11-07,23.59000015258789
2016-11-08,23.704999923706055
2016-11-09,23.674999237060547
2016-11-10,23.295000076293945
2016-11-11,23.364999771118164
2016-11-14,23.010000228881836
2016-11-15,23.334999084472656
2016-11-16,23.549999237060547
2016-11-17,23.700000762939453
2016-11-18,23.68000030517578
2016-11-21,23.920000076293945
2016-11-22,23.9950008392334
2016-11-23,23.899999618530273
2016-11-25,24.0
2016-11-28,24.020000457763672
2016-11-29,24.03499984741211
2016-11-30,23.75
2016-12-01,23.260000228881836
2016-12-02,23.344999313354492
2016-12-05,23.56999969482422
2016-12-06,23.639999389648438
2016-12-07,24.09000015258789
2016-12-08,24.149999618530273
2016-12-09,24.325000762939453
2016-12-12,24.25
2016-12-13,24.55500030517578
2016-12-14,24.469999313354492
2016-12-15,24.579999923706055
2016-12-16,24.295000076293945
2016-12-19,24.469999313354492
2016-12-20,24.559999465942383
2016-12-21,24.510000228881836
2016-12-22,24.459999084472656
2016-12-23,24.485000610351562
2016-12-27,24.584999084472656
2016-12-28,24.364999771118164
2016-12-29,24.3700008392334
2016-12-30,24.18000030517578
2017-01-03,24.395000457763672
2017-01-04,24.479999542236328
2017-01-05,24.520000457763672
2017-01-06,24.700000762939453
2017-01-09,24.69499969482422
2017-01-10,24.700000762939453
2017-01-11,24.815000534057617
2017-01-12,24.7549991607666
2017-01-13,24.829999923706055
2017-01-17,24.735000610351562
2017-01-18,24.799999237060547
2017-01-19,24.764999389648438
2017-01-20,24.899999618530273
2017-01-23,24.94499969482422
2017-01-24,25.100000381469727
2017-01-25,25.34000015258789
2017-01-26,25.270000457763672
2017-01-27,25.3700008392334
2017-01-30,25.165000915527344
2017-01-31,25.040000915527344
2017-02-01,25.229999542236328
2017-02-02,25.18000030517578
2017-02-03,25.344999313354492
2017-02-06,25.360000610351562
2017-02-07,25.459999084472656
2017-02-08,25.5049991607666
2017-02-09,25.584999084472656
2017-02-10,25.65999984741211
2017-02-13,25.774999618530273
2017-02-14,25.860000610351562
2017-02-15,25.94499969482422
2017-02-16,26.0049991607666
2017-02-17,26.094999313354492
2017-02-21,26.229999542236328
2017-02-22,26.260000228881836
2017-02-23,26.2549991607666
2017-02-24,26.315000534057617
2017-02-27,26.299999237060547
2017-02-28,26.174999237060547
2017-03-01,26.545000076293945
2017-03-02,26.3700008392334
2017-03-03,26.43000030517578
2017-03-06,26.389999389648438
2017-03-07,26.389999389648438
2017-03-08,26.420000076293945
2017-03-09,26.415000915527344
2017-03-10,26.55500030517578
2017-03-13,26.579999923706055
2017-03-14,26.520000457763672
2017-03-15,26.700000762939453
2017-03-16,26.71500015258789
2017-03-17,26.670000076293945
2017-03-20,26.69499969482422
2017-03-21,26.30500030517578
2017-03-22,26.469999313354492
2017-03-23,26.399999618530273
2017-03-24,26.420000076293945
2017-03-27,26.420000076293945
2017-03-28,26.610000610351562
2017-03-29,26.655000686645508
2017-03-30,26.704999923706055
2017-03-31,26.655000686645508
2017-04-03,26.6299991607666
2017-04-04,26.649999618530273
2017-04-05,26.540000915527344
2017-04-06,26.545000076293945
2017-04-07,26.530000686645508
2017-04-10,26.479999542236328
2017-04-11,26.3799991607666
2017-04-12,26.290000915527344
2017-04-13,26.184999465942383
2017-04-17,26.424999237060547
2017-04-18,26.420000076293945
2017-04-19,26.399999618530273
2017-04-20,26.639999389648438
2017-04-21,26.584999084472656
2017-04-24,26.899999618530273
2017-04-25,27.040000915527344
2017-04-26,27.010000228881836
2017-04-27,27.1200008392334
2017-04-28,27.190000534057617
2017-05-01,27.395000457763672
2017-05-02,27.454999923706055
2017-05-03,27.405000686645508
2017-05-04,27.385000228881836
2017-05-05,27.485000610351562
2017-05-08,27.604999542236328
2017-05-09,27.639999389648438
2017-05-10,27.7450008392334
2017-05-11,27.709999084472656
2017-05-12,27.780000686645508
2017-05-15,27.934999465942383
2017-05-16,28.065000534057617
2017-05-17,27.299999237060547
2017-05-18,27.459999084472656
2017-05-19,27.6200008392334
2017-05-22,27.84000015258789
2017-05-23,27.889999389648438
2017-05-24,28.0049991607666
2017-05-25,28.204999923706055
2017-05-26,28.190000534057617
2017-05-30,28.309999465942383
2017-05-31,28.264999389648438
2017-06-01,28.334999084472656
2017-06-02,28.594999313354492
2017-06-05,28.6200008392334
2017-06-06,28.565000534057617
2017-06-07,28.655000686645508
2017-06-08,28.719999313354492
2017-06-09,28.010000228881836
2017-06-12,27.844999313354492
2017-06-13,28.045000076293945
2017-06-14,27.90999984741211
2017-06-15,27.78499984741211
2017-06-16,27.625
2017-06-19,28.03499984741211
2017-06-20,27.809999465942383
2017-06-21,27.96500015258789
2017-06-22,27.975000381469727
2017-06-23,28.149999618530273
2017-06-26,28.0
2017-06-27,27.540000915527344
2017-06-28,27.885000228881836
2017-06-29,27.385000228881836
2017-06-30,27.360000610351562
2017-07-03,27.170000076293945
2017-07-05,27.440000534057617
2017-07-06,27.190000534057617
2017-07-07,27.5049991607666
2017-07-10,27.704999923706055
2017-07-11,27.764999389648438
2017-07-12,28.125
2017-07-13,28.18000030517578
2017-07-14,28.43000030517578
2017-07-17,28.434999465942383
2017-07-18,28.565000534057617
2017-07-19,28.709999084472656
2017-07-20,28.770000457763672
2017-07-21,28.735000610351562
2017-07-24,28.80500030517578
2017-07-25,28.75
2017-07-26,28.860000610351562
2017-07-27,28.75
2017-07-28,28.719999313354492
2017-07-31,28.579999923706055
2017-08-01,28.725000381469727
2017-08-02,28.80500030517578
2017-08-03,28.739999771118164
2017-08-04,28.80500030517578
2017-08-07,28.979999542236328
2017-08-08,28.940000534057617
2017-08-09,28.924999237060547
2017-08-10,28.354999542236328
2017-08-11,28.549999237060547
2017-08-14,29.0049991607666
2017-08-15,29.049999237060547
2017-08-16,29.135000228881836
2017-08-17,28.565000534057617
2017-08-18,28.53499984741211
2017-08-21,28.524999618530273
2017-08-22,28.950000762939453
2017-08-23,28.8799991607666
2017-08-24,28.854999542236328
2017-08-25,28.850000381469727
2017-08-28,28.905000686645508
2017-08-29,29.030000686645508
2017-08-30,29.239999771118164
2017-08-31,29.415000915527344
2017-09-01,29.389999389648438
2017-09-05,29.1299991607666
2017-09-06,29.155000686645508
2017-09-07,29.2549991607666
2017-09-08,29.014999389648438
2017-09-11,29.424999237060547
2017-09-12,29.4950008392334
2017-09-13,29.454999923706055
2017-09-14,29.354999542236328
2017-09-15,29.3700008392334
2017-09-18,29.395000457763672
2017-09-19,29.524999618530273
2017-09-20,29.405000686645508
2017-09-21,29.2450008392334
2017-09-22,29.260000228881836
2017-09-25,28.915000915527344
2017-09-26,29.020000457763672
2017-09-27,29.315000534057617
2017-09-28,29.350000381469727
2017-09-29,29.549999237060547
2017-10-02,29.594999313354492
2017-10-03,29.665000915527344
2017-10-04,29.645000457763672
2017-10-05,29.93000030517578
2017-10-06,29.975000381469727
2017-10-09,30.049999237060547
2017-10-10,30.079999923706055
2017-10-11,30.18000030517578
2017-10-12,30.104999542236328
2017-10-13,30.25
2017-10-16,30.360000610351562
2017-10-17,30.360000610351562
2017-10-18,30.434999465942383
2017-10-19,30.344999313354492
2017-10-20,30.549999237060547
2017-10-23,30.405000686645508
2017-10-24,30.489999771118164
2017-10-25,30.325000762939453
2017-10-26,30.450000762939453
2017-10-27,31.270000457763672
2017-10-30,31.34000015258789
2017-10-31,31.475000381469727
2017-11-01,31.479999542236328
2017-11-02,31.4950008392334
2017-11-03,31.7450008392334
2017-11-06,31.815000534057617
2017-11-07,31.829999923706055
2017-11-08,32.005001068115234
2017-11-09,31.75
2017-11-10,31.75
2017-11-13,31.739999771118164
2017-11-14,31.674999237060547
2017-11-15,31.440000534057617
2017-11-16,31.8799991607666
2017-11-17,31.674999237060547
2017-11-20,31.795000076293945
2017-11-21,32.130001068115234
2017-11-22,32.06999969482422
2017-11-24,32.25
2017-11-27,32.25
2017-11-28,32.35499954223633
2017-11-29,31.639999389648438
2017-11-30,31.920000076293945
2017-12-01,31.7549991607666
2017-12-04,31.2450008392334
2017-12-05,31.2549991607666
2017-12-06,31.454999923706055
2017-12-07,31.649999618530273
2017-12-08,31.799999237060547
2017-12-11,32.07500076293945
2017-12-12,32.064998626708984
2017-12-13,32.07500076293945
2017-12-14,32.03499984741211
2017-12-15,32.279998779296875
2017-12-18,32.564998626708984
2017-12-19,32.3650016784668
2017-12-20,32.35499954223633
2017-12-21,32.290000915527344
2017-12-22,32.27000045776367
2017-12-26,32.05500030517578
2017-12-27,32.09000015258789
2017-12-28,32.14500045776367
2017-12-29,31.975000381469727
2018-01-02,32.369998931884766
2018-01-03,32.63999938964844
2018-01-04,32.80500030517578
2018-01-05,33.150001525878906
2018-01-08,33.275001525878906
2018-01-09,33.189998626708984
2018-01-10,33.07500076293945
2018-01-11,33.209999084472656
2018-01-12,33.404998779296875
2018-01-16,33.275001525878906
2018-01-17,33.775001525878906
2018-01-18,33.834999084472656
2018-01-19,33.900001525878906
2018-01-22,34.22999954223633
2018-01-23,34.380001068115234
2018-01-24,34.1150016784668
2018-01-25,34.05500030517578
2018-01-26,34.595001220703125
2018-01-29,34.279998779296875
2018-01-30,33.970001220703125
2018-01-31,34.224998474121094
2018-02-01,34.255001068115234
2018-02-02,33.2400016784668
2018-02-05,31.850000381469727
2018-02-06,32.76499938964844
2018-02-07,32.345001220703125
2018-02-08,31.0049991607666
2018-02-09,31.764999389648438
2018-02-12,32.334999084472656
2018-02-13,32.415000915527344
2018-02-14,33.0099983215332
2018-02-15,33.63999938964844
2018-02-16,33.59000015258789
2018-02-20,33.619998931884766
2018-02-21,33.404998779296875
2018-02-22,33.44499969482422
2018-02-23,34.14500045776367
2018-02-26,34.68000030517578
2018-02-27,34.33000183105469
2018-02-28,34.084999084472656
2018-03-01,33.52000045776367
2018-03-02,33.84000015258789
2018-03-05,34.185001373291016
2018-03-06,34.2599983215332
2018-03-07,34.45000076293945
2018-03-08,34.599998474121094
2018-03-09,35.255001068115234
2018-03-12,35.3650016784668
2018-03-13,34.959999084472656
2018-03-14,34.93000030517578
2018-03-15,34.95000076293945
2018-03-16,34.80500030517578
2018-03-19,34.1150016784668
2018-03-20,34.099998474121094
2018-03-21,33.89500045776367
2018-03-22,33.02000045776367
2018-03-23,32.13999938964844
2018-03-26,33.36000061035156
2018-03-27,32.290000915527344
2018-03-28,32.07500076293945
2018-03-29,32.709999084472656
2018-04-02,31.93000030517578
2018-04-03,32.244998931884766
2018-04-04,32.69499969482422
2018-04-05,32.83000183105469
2018-04-06,32.025001525878906
2018-04-09,32.275001525878906
2018-04-10,33.06999969482422
2018-04-11,32.875
2018-04-12,33.27000045776367
2018-04-13,33.15999984741211
2018-04-16,33.415000915527344
2018-04-17,34.03499984741211
2018-04-18,33.94499969482422
2018-04-19,33.56999969482422
2018-04-20,33.10499954223633
2018-04-23,32.98500061035156
2018-04-24,32.40999984741211
2018-04-25,32.415000915527344
2018-04-26,33.005001068115234
2018-04-27,32.94499969482422
2018-04-30,32.72999954223633
2018-05-01,33.13999938964844
2018-05-02,33.10499954223633
2018-05-03,33.18000030517578
2018-05-04,33.810001373291016
2018-05-07,34.04499816894531
2018-05-08,34.119998931884766
2018-05-09,34.540000915527344
2018-05-10,34.9900016784668
2018-05-11,34.939998626708984
2018-05-14,34.935001373291016
2018-05-15,34.60499954223633
2018-05-16,34.7599983215332
2018-05-17,34.58000183105469
2018-05-18,34.435001373291016
2018-05-21,34.73500061035156
2018-05-22,34.685001373291016
2018-05-23,34.939998626708984
2018-05-24,34.900001525878906
2018-05-25,34.875
2018-05-29,34.685001373291016
2018-05-30,34.939998626708984
2018-05-31,34.95000076293945
2018-06-01,35.54499816894531
2018-06-04,35.83000183105469
2018-06-05,35.95500183105469
2018-06-06,36.189998626708984
2018-06-07,35.900001525878906
2018-06-08,35.84000015258789
2018-06-11,35.880001068115234
2018-06-12,36.05500030517578
2018-06-13,35.869998931884766
2018-06-14,36.125
2018-06-15,35.86000061035156
2018-06-18,35.900001525878906
2018-06-19,35.71500015258789
2018-06-20,35.790000915527344
2018-06-21,35.51499938964844
2018-06-22,35.400001525878906
2018-06-25,34.665000915527344
2018-06-26,34.80500030517578
2018-06-27,34.33000183105469
2018-06-28,34.75
2018-06-29,34.73500061035156
2018-07-02,35.04499816894531
2018-07-03,34.630001068115234
2018-07-05,35.119998931884766
2018-07-06,35.529998779296875
2018-07-09,35.79999923706055
2018-07-10,35.8849983215332
2018-07-11,35.744998931884766
2018-07-12,36.310001373291016
2018-07-13,36.27000045776367
2018-07-16,36.185001373291016
2018-07-17,36.45500183105469
2018-07-18,36.39500045776367
2018-07-19,36.26499938964844
2018-07-20,36.275001525878906
2018-07-23,36.459999084472656
2018-07-24,36.65999984741211
2018-07-25,37.119998931884766
2018-07-26,36.54999923706055
2018-07-27,35.92499923706055
2018-07-30,35.3650016784668
2018-07-31,35.459999084472656
2018-08-01,35.779998779296875
2018-08-02,36.22999954223633
2018-08-03,36.36000061035156
2018-08-06,36.55500030517578
2018-08-07,36.69499969482422
2018-08-08,36.79499816894531
2018-08-09,36.810001373291016
2018-08-10,36.51499938964844
2018-08-13,36.46500015258789
2018-08-14,36.689998626708984
2018-08-15,36.36000061035156
2018-08-16,36.52000045776367
2018-08-17,36.57500076293945
2018-08-20,36.52000045776367
2018-08-21,36.58000183105469
2018-08-22,36.689998626708984
2018-08-23,36.77000045776367
2018-08-24,37.13999938964844
2018-08-27,37.47999954223633
2018-08-28,37.54499816894531
2018-08-29,37.8849983215332
2018-08-30,37.77000045776367
2018-08-31,37.79999923706055
2018-09-04,37.654998779296875
2018-09-05,37.185001373291016
2018-09-06,36.915000915527344
2018-09-07,36.790000915527344
2018-09-10,36.904998779296875
2018-09-11,37.220001220703125
2018-09-12,37.064998626708984
2018-09-13,37.5
2018-09-14,37.470001220703125
2018-09-17,37.0
2018-09-18,37.23500061035156
2018-09-19,37.13999938964844
2018-09-20,37.58000183105469
2018-09-21,37.30500030517578
2018-09-24,37.4900016784668
2018-09-25,37.44499969482422
2018-09-26,37.30500030517578
2018-09-27,37.525001525878906
2018-09-28,37.665000915527344
2018-10-01,37.845001220703125
2018-10-02,37.849998474121094
2018-10-03,37.96500015258789
2018-10-04,37.279998779296875
2018-10-05,36.810001373291016
2018-10-08,36.39500045776367
2018-10-09,36.525001525878906
2018-10-10,34.755001068115234
2018-10-11,34.314998626708984
2018-10-12,35.415000915527344
2018-10-15,34.834999084472656
2018-10-16,35.8849983215332
2018-10-17,35.720001220703125
2018-10-18,35.02000045776367
2018-10-19,35.005001068115234
2018-10-22,35.29499816894531
2018-10-23,35.15999984741211
2018-10-24,33.584999084472656
2018-10-25,34.7400016784668
2018-10-26,34.04499816894531
2018-10-29,33.470001220703125
2018-10-30,33.845001220703125
2018-10-31,34.650001525878906
2018-11-01,35.05500030517578
2018-11-02,34.369998931884766
2018-11-05,34.334999084472656
2018-11-06,34.54999923706055
2018-11-07,35.564998626708984
2018-11-08,35.53499984741211
2018-11-09,34.91999816894531
2018-11-12,33.689998626708984
2018-11-13,33.72999954223633
2018-11-14,33.32500076293945
2018-11-15,34.15999984741211
2018-11-16,34.10499954223633
2018-11-19,32.80500030517578
2018-11-20,32.099998474121094
2018-11-21,32.334999084472656
2018-11-23,32.040000915527344
2018-11-26,32.76499938964844
2018-11-27,32.83000183105469
2018-11-28,33.97999954223633
2018-11-29,33.650001525878906
2018-11-30,33.970001220703125
2018-12-03,34.720001220703125
2018-12-04,33.404998779296875
2018-12-06,33.47999954223633
2018-12-07,32.29999923706055
2018-12-10,32.744998931884766
2018-12-11,32.78499984741211
2018-12-12,33.040000915527344
2018-12-13,33.095001220703125
2018-12-14,32.28499984741211
2018-12-17,31.600000381469727
2018-12-18,31.850000381469727
2018-12-19,31.219999313354492
2018-12-20,30.65999984741211
2018-12-21,29.600000381469727
2018-12-24,28.809999465942383
2018-12-26,30.549999237060547
2018-12-27,30.770000457763672
2018-12-28,30.700000762939453
2018-12-31,30.989999771118164
2019-01-02,31.010000228881836
2019-01-03,29.44499969482422
2019-01-04,30.75
2019-01-07,31.024999618530273
2019-01-08,31.28499984741211
2019-01-09,31.690000534057617
2019-01-10,31.829999923706055
2019-01-11,31.770000457763672
2019-01-14,31.475000381469727
2019-01-15,31.950000762939453
2019-01-16,31.979999542236328
2019-01-17,32.185001373291016
2019-01-18,32.67499923706055
2019-01-22,32.125
2019-01-23,32.23500061035156
2019-01-24,32.505001068115234
2019-01-25,32.96500015258789
2019-01-28,32.525001525878906
2019-01-29,32.17499923706055
2019-01-30,33.17499923706055
2019-01-31,33.13999938964844
2019-02-01,33.334999084472656
2019-02-04,33.869998931884766
2019-02-05,34.154998779296875
2019-02-06,34.27000045776367
2019-02-07,33.79999923706055
2019-02-08,33.994998931884766
2019-02-11,33.97999954223633
2019-02-12,34.43000030517578
2019-02-13,34.474998474121094
2019-02-14,34.53499984741211
2019-02-15,34.810001373291016
2019-02-19,34.81999969482422
2019-02-20,34.86000061035156
2019-02-21,34.875
2019-02-22,35.31999969482422
2019-02-25,35.4900016784668
2019-02-26,35.564998626708984
2019-02-27,35.529998779296875
2019-02-28,35.43000030517578
2019-03-01,35.66999816894531
2019-03-04,35.53499984741211
2019-03-05,35.43000030517578
2019-03-06,35.244998931884766
2019-03-07,34.90999984741211
2019-03-08,34.904998779296875
2019-03-11,35.654998779296875
2019-03-12,35.8650016784668
2019-03-13,36.099998474121094
2019-03-14,36.17499923706055
2019-03-15,36.494998931884766
2019-03-18,36.650001525878906
2019-03-19,36.724998474121094
2019-03-20,36.625
2019-03-21,37.54499816894531
2019-03-22,36.65999984741211
2019-03-25,36.5
2019-03-26,36.70000076293945
2019-03-27,36.4900016784668
2019-03-28,36.63999938964844
2019-03-29,37.0
2019-04-01,37.505001068115234
2019-04-02,37.6349983215332
2019-04-03,37.939998626708984
2019-04-04,37.779998779296875
2019-04-05,37.959999084472656
2019-04-08,38.10499954223633
2019-04-09,37.92499923706055
2019-04-10,38.189998626708984
2019-04-11,38.13999938964844
2019-04-12,38.404998779296875
2019-04-15,38.38999938964844
2019-04-16,38.584999084472656
2019-04-17,38.79999923706055
2019-04-18,38.90999984741211
2019-04-22,39.0
2019-04-23,39.42499923706055
2019-04-24,39.439998626708984
2019-04-25,39.43000030517578
2019-04-26,39.279998779296875
2019-04-29,39.290000915527344
2019-04-30,39.35499954223633
2019-05-01,39.255001068115234
2019-05-02,39.04999923706055
2019-05-03,39.41999816894531
2019-05-06,39.1150016784668
2019-05-07,38.275001525878906
2019-05-08,38.22999954223633
2019-05-09,37.970001220703125
2019-05-10,38.09000015258789
2019-05-13,36.654998779296875
2019-05-14,37.244998931884766
2019-05-15,37.650001525878906
2019-05-16,37.994998931884766
2019-05-17,37.689998626708984
2019-05-20,37.03499984741211
2019-05-21,37.4900016784668
2019-05-22,37.29499816894531
2019-05-23,36.63999938964844
2019-05-24,36.650001525878906
2019-05-28,36.54499816894531
2019-05-29,36.33000183105469
2019-05-30,36.55500030517578
2019-05-31,35.94499969482422
2019-06-03,35.314998626708984
2019-06-04,36.494998931884766
2019-06-05,36.970001220703125
2019-06-06,37.400001525878906
2019-06-07,38.095001220703125
2019-06-10,38.48500061035156
2019-06-11,38.48500061035156
2019-06-12,38.27000045776367
2019-06-13,38.3849983215332
2019-06-14,38.04999923706055
2019-06-17,38.08000183105469
2019-06-18,38.77000045776367
2019-06-19,38.90999984741211
2019-06-20,39.47999954223633
2019-06-21,39.154998779296875
2019-06-24,39.22999954223633
2019-06-25,38.5099983215332
2019-06-26,38.92499923706055
2019-06-27,39.025001525878906
2019-06-28,39.02000045776367
2019-07-01,39.63999938964844
2019-07-02,39.744998931884766
2019-07-03,40.04999923706055
2019-07-05,39.974998474121094
2019-07-08,39.66999816894531
2019-07-09,39.810001373291016
2019-07-10,40.125
2019-07-11,40.275001525878906
2019-07-12,40.56999969482422
2019-07-15,40.70500183105469
2019-07-16,40.32500076293945
2019-07-17,40.220001220703125
2019-07-18,40.52000045776367
2019-07-19,40.345001220703125
2019-07-22,40.810001373291016
2019-07-23,41.03499984741211
2019-07-24,41.375
2019-07-25,41.20500183105469
2019-07-26,41.29499816894531
2019-07-29,41.27000045776367
2019-07-30,41.005001068115234
2019-07-31,40.3849983215332
2019-08-01,40.18000030517578
2019-08-02,39.525001525878906
2019-08-05,37.875
2019-08-06,38.505001068115234
2019-08-07,38.744998931884766
2019-08-08,39.69499969482422
2019-08-09,39.244998931884766
2019-08-12,38.72999954223633
2019-08-13,39.70000076293945
2019-08-14,38.47999954223633
2019-08-15,38.40999984741211
2019-08-16,39.13999938964844
2019-08-19,39.73500061035156
2019-08-20,39.53499984741211
2019-08-21,40.0
2019-08-22,39.904998779296875
2019-08-23,38.584999084472656
2019-08-26,39.119998931884766
2019-08-27,39.060001373291016
2019-08-28,39.095001220703125
2019-08-29,39.775001525878906
2019-08-30,39.76499938964844
2019-09-03,39.279998779296875
2019-09-04,39.95000076293945
2019-09-05,40.78499984741211
2019-09-06,40.75
2019-09-09,40.44499969482422
2019-09-10,40.2400016784668
2019-09-11,40.65999984741211
2019-09-12,40.880001068115234
2019-09-13,40.58000183105469
2019-09-16,40.47999954223633
2019-09-17,40.64500045776367
2019-09-18,40.63999938964844
2019-09-19,40.72999954223633
2019-09-20,40.130001068115234
2019-09-23,40.255001068115234
2019-09-24,39.8650016784668
2019-09-25,40.34000015258789
2019-09-26,40.3849983215332
2019-09-27,39.845001220703125
2019-09-30,40.26499938964844
2019-10-01,39.88999938964844
2019-10-02,39.13999938964844
2019-10-03,39.619998931884766
2019-10-04,40.275001525878906
2019-10-07,40.10499954223633
2019-10-08,39.369998931884766
2019-10-09,39.95500183105469
2019-10-10,40.22999954223633
2019-10-11,40.78499984741211
2019-10-14,40.7599983215332
2019-10-15,41.209999084472656
2019-10-16,40.92499923706055
2019-10-17,40.845001220703125
2019-10-18,40.45500183105469
2019-10-21,40.88999938964844
2019-10-22,40.34000015258789
2019-10-23,40.375
2019-10-24,40.96500015258789
2019-10-25,41.459999084472656
2019-10-28,41.98500061035156
2019-10-29,41.60499954223633
2019-10-30,41.86000061035156
2019-10-31,41.834999084472656
2019-11-01,42.334999084472656
2019-11-04,42.55500030517578
2019-11-05,42.505001068115234
2019-11-06,42.48500061035156
2019-11-07,42.81999969482422
2019-11-08,43.060001373291016
2019-11-11,43.08000183105469
2019-11-12,43.224998474121094
2019-11-13,43.31999969482422
2019-11-14,43.27000045776367
2019-11-15,43.619998931884766
2019-11-18,43.75
2019-11-19,43.834999084472656
2019-11-20,43.56999969482422
2019-11-21,43.349998474121094
2019-11-22,43.29499816894531
2019-11-25,43.92499923706055
2019-11-26,43.96500015258789
2019-11-27,44.209999084472656
2019-11-29,44.08000183105469
2019-12-02,43.45000076293945
2019-12-03,43.064998626708984
2019-12-04,43.2400016784668
2019-12-05,43.400001525878906
2019-12-06,43.880001068115234
2019-12-09,43.650001525878906
2019-12-10,43.685001373291016
2019-12-11,43.97999954223633
2019-12-12,44.45000076293945
2019-12-13,44.744998931884766
2019-12-16,45.14500045776367
2019-12-17,45.040000915527344
2019-12-18,45.03499984741211
2019-12-19,45.36000061035156
2019-12-20,45.474998474121094
2019-12-23,45.60499954223633
2019-12-24,45.619998931884766
2019-12-26,45.959999084472656
2019-12-27,45.95500183105469
2019-12-30,45.689998626708984
2019-12-31,45.834999084472656
2020-01-02,46.69499969482422
2020-01-03,46.16999816894531
2020-01-06,46.279998779296875
2020-01-07,46.2599983215332
2020-01-08,46.755001068115234
2020-01-09,47.28499984741211
2020-01-10,47.17499923706055
2020-01-13,47.76499938964844
2020-01-14,47.540000915527344
2020-01-15,47.595001220703125
2020-01-16,48.23500061035156
2020-01-17,48.560001373291016
2020-01-21,48.540000915527344
2020-01-22,48.71500015258789
2020-01-23,48.94499969482422
2020-01-24,48.71500015258789
2020-01-27,47.55500030517578
2020-01-28,48.46500015258789
2020-01-29,48.59000015258789
2020-01-30,49.0099983215332
2020-01-31,47.665000915527344
2020-02-03,48.29499816894531
2020-02-04,49.560001373291016
2020-02-05,49.849998474121094
2020-02-06,50.30500030517578
2020-02-07,49.845001220703125
2020-02-10,50.52000045776367
2020-02-11,50.349998474121094
2020-02-12,50.89500045776367
2020-02-13,50.7599983215332
2020-02-14,50.97999954223633
2020-02-18,50.790000915527344
2020-02-19,51.39500045776367
2020-02-20,50.86000061035156
2020-02-21,49.720001220703125
2020-02-24,47.665000915527344
2020-02-25,46.13999938964844
2020-02-26,46.349998474121094
2020-02-27,43.849998474121094
2020-02-28,44.185001373291016
2020-03-02,46.7400016784668
2020-03-03,44.96500015258789
2020-03-04,46.89500045776367
2020-03-05,45.415000915527344
2020-03-06,44.45500183105469
2020-03-09,41.08000183105469
2020-03-10,43.81999969482422
2020-03-11,41.75
2020-03-12,37.67499923706055
2020-03-13,42.095001220703125
2020-03-16,36.279998779296875
2020-03-17,38.75
2020-03-18,37.290000915527344
2020-03-19,37.42499923706055
2020-03-20,35.709999084472656
2020-03-23,35.20000076293945
2020-03-24,38.80500030517578
2020-03-25,38.755001068115234
2020-03-26,41.154998779296875
2020-03-27,39.29499816894531
2020-03-30,40.95000076293945
2020-03-31,40.185001373291016
2020-04-01,38.27000045776367
2020-04-02,39.165000915527344
2020-04-03,38.560001373291016
2020-04-06,41.849998474121094
2020-04-07,41.474998474121094
2020-04-08,42.59000015258789
2020-04-09,42.599998474121094
2020-04-13,42.69499969482422
2020-04-14,44.48500061035156
2020-04-15,43.51499938964844
2020-04-16,44.04499816894531
2020-04-17,44.630001068115234
2020-04-20,43.915000915527344
2020-04-21,42.07500076293945
2020-04-22,43.69499969482422
2020-04-23,43.39500045776367
2020-04-24,44.314998626708984
2020-04-27,44.69499969482422
2020-04-28,44.099998474121094
2020-04-29,45.90999984741211
2020-04-30,45.70500183105469
2020-05-01,44.45000076293945
2020-05-04,45.040000915527344
2020-05-05,45.65999984741211
2020-05-06,46.01499938964844
2020-05-07,46.70500183105469
2020-05-08,47.38999938964844
2020-05-11,47.70500183105469
2020-05-12,46.720001220703125
2020-05-13,45.915000915527344
2020-05-14,46.5
2020-05-15,46.73500061035156
2020-05-18,47.880001068115234
2020-05-19,47.70500183105469
2020-05-20,48.75
2020-05-21,48.06999969482422
2020-05-22,48.244998931884766
2020-05-26,48.19499969482422
2020-05-27,48.470001220703125
2020-05-28,48.375
2020-05-29,48.98500061035156
2020-06-01,48.970001220703125
2020-06-02,49.43000030517578
2020-06-03,49.814998626708984
2020-06-04,49.404998779296875
2020-06-05,50.70500183105469
2020-06-08,50.959999084472656
2020-06-09,51.20000076293945
2020-06-10,52.05500030517578
2020-06-11,49.06999969482422
2020-06-12,49.70500183105469
2020-06-15,50.185001373291016
2020-06-16,51.255001068115234
2020-06-17,51.244998931884766
2020-06-18,51.474998474121094
2020-06-19,51.119998931884766
2020-06-22,51.939998626708984
2020-06-23,52.314998626708984
2020-06-24,51.1349983215332
2020-06-25,51.790000915527344
2020-06-26,50.77000045776367
2020-06-29,51.32500076293945
2020-06-30,52.244998931884766
2020-07-01,52.33000183105469
2020-07-02,52.6349983215332
2020-07-06,53.55500030517578
2020-07-07,52.994998931884766
2020-07-08,53.86000061035156
2020-07-09,54.05500030517578
2020-07-10,54.040000915527344
2020-07-13,52.91999816894531
2020-07-14,53.529998779296875
2020-07-15,53.81999969482422
2020-07-16,53.154998779296875
2020-07-17,53.415000915527344
2020-07-20,54.779998779296875
2020-07-21,54.22999954223633
2020-07-22,54.665000915527344
2020-07-23,53.244998931884766
2020-07-24,52.599998474121094
2020-07-27,53.43000030517578
2020-07-28,52.80500030517578
2020-07-29,53.56999969482422
2020-07-30,53.869998931884766
2020-07-31,55.21500015258789
2020-08-03,56.57500076293945
2020-08-04,56.720001220703125
2020-08-05,56.93000030517578
2020-08-06,57.72999954223633
2020-08-07,56.869998931884766
2020-08-10,56.709999084472656
2020-08-11,55.689998626708984
2020-08-12,56.95500183105469
2020-08-13,56.97999954223633
2020-08-14,56.939998626708984
2020-08-17,57.31999969482422
2020-08-18,57.53499984741211
2020-08-19,57.46500015258789
2020-08-20,58.22999954223633
2020-08-21,58.970001220703125
2020-08-24,59.47999954223633
2020-08-25,59.779998779296875
2020-08-26,60.994998931884766
2020-08-27,61.04499816894531
2020-08-28,61.58000183105469
2020-08-31,61.775001525878906
2020-09-01,62.95500183105469
2020-09-02,63.51499938964844
2020-09-03,59.89500045776367
2020-09-04,59.060001373291016
2020-09-08,56.38999938964844
2020-09-09,58.22999954223633
2020-09-10,56.915000915527344
2020-09-11,56.47999954223633
2020-09-14,57.665000915527344
2020-09-15,58.23500061035156
2020-09-16,57.334999084472656
2020-09-17,56.86000061035156
2020-09-18,55.880001068115234
2020-09-21,56.220001220703125
2020-09-22,57.11000061035156
2020-09-23,55.33000183105469
2020-09-24,55.63999938964844
2020-09-25,56.970001220703125
2020-09-28,58.060001373291016
2020-09-29,57.8650016784668
2020-09-30,58.349998474121094
2020-10-01,58.96500015258789
2020-10-02,57.470001220703125
2020-10-05,58.72999954223633
2020-10-06,57.81999969482422
2020-10-07,58.880001068115234
2020-10-08,59.185001373291016
2020-10-09,60.09000015258789
2020-10-12,61.72999954223633
2020-10-13,61.334999084472656
2020-10-14,61.0099983215332
2020-10-15,60.73500061035156
2020-10-16,60.560001373291016
2020-10-19,59.45000076293945
2020-10-20,59.654998779296875
2020-10-21,59.564998626708984
2020-10-22,59.28499984741211
2020-10-23,59.220001220703125
2020-10-26,57.935001373291016
2020-10-27,58.224998474121094
2020-10-28,55.755001068115234
2020-10-29,56.685001373291016
2020-10-30,55.43000030517578
2020-11-02,55.56999969482422
2020-11-03,56.54999923706055
2020-11-04,58.75
2020-11-05,60.57500076293945
2020-11-06,60.790000915527344
2020-11-09,60.349998474121094
2020-11-10,59.224998474121094
2020-11-11,60.630001068115234
2020-11-12,60.09000015258789
2020-11-13,60.599998474121094
2020-11-16,61.185001373291016
2020-11-17,60.845001220703125
2020-11-18,60.19499969482422
2020-11-19,60.68000030517578
2020-11-20,60.05500030517578
2020-11-23,60.040000915527344
2020-11-24,60.875
2020-11-25,61.005001068115234
2020-11-27,61.33000183105469
2020-11-30,61.7400016784668
2020-12-01,62.529998779296875
2020-12-02,62.435001373291016
2020-12-03,62.39500045776367
2020-12-04,63.02000045776367
2020-12-07,63.20000076293945
2020-12-08,63.404998779296875
2020-12-09,62.189998626708984
2020-12-10,62.279998779296875
2020-12-11,62.150001525878906
2020-12-14,62.375
2020-12-15,63.415000915527344
2020-12-16,63.845001220703125
2020-12-17,64.3499984741211
2020-12-18,64.125
2020-12-21,64.04000091552734
2020-12-22,64.59500122070312
2020-12-23,64.1050033569336
2020-12-24,64.52999877929688
2020-12-28,65.26000213623047
2020-12-29,64.94999694824219
2020-12-30,64.91500091552734
2020-12-31,65.01000213623047
2021-01-04,63.95000076293945
2021-01-05,64.36499786376953
2021-01-06,63.255001068115234
2021-01-07,64.95999908447266
2021-01-08,65.37999725341797
2021-01-11,64.83999633789062
2021-01-12,64.52999877929688
2021-01-13,64.94000244140625
2021-01-14,64.37000274658203
2021-01-15,63.709999084472656
2021-01-19,64.54000091552734
2021-01-20,65.81999969482422
2021-01-21,66.66999816894531
2021-01-22,66.41500091552734
2021-01-25,66.97000122070312
2021-01-26,67.01499938964844
2021-01-27,65.75
2021-01-28,66.0199966430664
2021-01-29,64.46499633789062
2021-02-01,66.08000183105469
2021-02-02,66.9749984741211
2021-02-03,66.74500274658203
2021-02-04,67.80999755859375
2021-02-05,67.66000366210938
2021-02-08,68.37000274658203
2021-02-09,68.29000091552734
2021-02-10,68.19000244140625
2021-02-11,68.94000244140625
2021-02-12,69.29499816894531
2021-02-16,69.06999969482422
2021-02-17,68.45999908447266
2021-02-18,68.125
2021-02-19,68.0250015258789
2021-02-22,66.5250015258789
2021-02-23,66.33999633789062
2021-02-24,67.3550033569336
2021-02-25,65.0
2021-02-26,65.34500122070312
2021-03-01,67.44999694824219
2021-03-02,66.37999725341797
2021-03-03,64.70999908447266
2021-03-04,63.279998779296875
2021-03-05,64.4749984741211
2021-03-08,62.915000915527344
2021-03-09,65.05500030517578
2021-03-10,64.79499816894531
2021-03-11,66.18000030517578
2021-03-12,65.70500183105469
2021-03-15,66.40499877929688
2021-03-16,66.90499877929688
2021-03-17,66.8499984741211
2021-03-18,64.99500274658203
2021-03-19,64.80000305175781
2021-03-22,65.93499755859375
2021-03-23,65.5250015258789
2021-03-24,64.7300033569336
2021-03-25,64.69000244140625
2021-03-26,66.33499908447266
2021-03-29,65.98999786376953
2021-03-30,65.36499786376953
2021-03-31,66.40499877929688
2021-04-01,67.73999786376953
2021-04-05,69.13999938964844
2021-04-06,68.84500122070312
2021-04-07,69.20999908447266
2021-04-08,70.20999908447266
2021-04-09,70.88500213623047
2021-04-12,70.54499816894531
2021-04-13,71.20999908447266
2021-04-14,70.45500183105469
2021-04-15,71.66500091552734
2021-04-16,71.6500015258789
2021-04-19,71.05500030517578
2021-04-20,70.42500305175781
2021-04-21,71.13500213623047
2021-04-22,70.30000305175781
2021-04-23,71.3499984741211
2021-04-26,71.71499633789062
2021-04-27,71.54000091552734
2021-04-28,70.875
2021-04-29,70.81500244140625
2021-04-30,69.8499984741211
2021-05-03,69.65499877929688
2021-05-04,68.40499877929688
2021-05-05,68.23999786376953
2021-05-06,68.92500305175781
2021-05-07,69.51499938964844
2021-05-10,67.76000213623047
2021-05-11,67.55500030517578
2021-05-12,65.65499877929688
2021-05-13,66.5250015258789
2021-05-14,67.98999786376953
2021-05-17,67.48999786376953
2021-05-18,66.94999694824219
2021-05-19,67.18499755859375
2021-05-20,68.47000122070312
2021-05-21,68.09500122070312
2021-05-24,69.30500030517578
2021-05-25,69.32499694824219
2021-05-26,69.31999969482422
2021-05-27,68.95500183105469
2021-05-28,69.19999694824219
2021-06-01,68.86000061035156
2021-06-02,69.33499908447266
2021-06-03,68.69000244140625
2021-06-04,70.01000213623047
2021-06-07,69.99500274658203
2021-06-08,70.0
2021-06-09,70.05000305175781
2021-06-10,70.56500244140625
2021-06-11,70.98500061035156
2021-06-14,71.70500183105469
2021-06-15,71.26499938964844
2021-06-16,70.87999725341797
2021-06-17,71.69999694824219
2021-06-18,71.04499816894531
2021-06-21,71.67500305175781
2021-06-22,72.32499694824219
2021-06-23,72.24500274658203
2021-06-24,72.69999694824219
2021-06-25,72.61499786376953
2021-06-28,73.375
2021-06-29,73.91000366210938
2021-06-30,73.83000183105469
2021-07-01,73.95500183105469
2021-07-02,74.93000030517578
2021-07-06,75.21499633789062
2021-07-07,75.625
2021-07-08,74.91000366210938
2021-07-09,75.5999984741211
2021-07-12,75.66000366210938
2021-07-13,75.97000122070312
2021-07-14,76.52999877929688
2021-07-15,75.9000015258789
2021-07-16,75.1500015258789
2021-07-19,74.11499786376953
2021-07-20,75.21499633789062
2021-07-21,75.94000244140625
2021-07-22,76.5
2021-07-23,77.26000213623047
2021-07-26,77.22000122070312
2021-07-27,76.48999786376953
2021-07-28,76.3949966430664
2021-07-29,76.75
2021-07-30,76.69999694824219
2021-08-02,76.42500305175781
2021-08-03,76.91500091552734
2021-08-04,77.06999969482422
2021-08-05,77.49500274658203
2021-08-06,77.43000030517578
2021-08-09,77.18000030517578
2021-08-10,76.625
2021-08-11,76.63500213623047
2021-08-12,77.07499694824219
2021-08-13,77.49500274658203
2021-08-16,77.84500122070312
2021-08-17,77.19999694824219
2021-08-18,76.13500213623047
2021-08-19,76.87999725341797
2021-08-20,77.87000274658203
2021-08-23,78.875
2021-08-24,78.78500366210938
2021-08-25,78.73999786376953
2021-08-26,78.24500274658203
2021-08-27,79.0
2021-08-30,79.8499984741211
2021-08-31,79.43000030517578
2021-09-01,79.44999694824219
2021-09-02,79.36499786376953
2021-09-03,79.68000030517578
2021-09-07,79.69999694824219
2021-09-08,79.3949966430664
2021-09-09,79.09500122070312
2021-09-10,78.31500244140625
2021-09-13,78.33999633789062
2021-09-14,78.23999786376953
2021-09-15,78.92500305175781
2021-09-16,78.97000122070312
2021-09-17,77.73999786376953
2021-09-20,76.19000244140625
2021-09-21,76.22000122070312
2021-09-22,77.26499938964844
2021-09-23,78.30000305175781
2021-09-24,78.3550033569336
2021-09-27,77.59500122070312
2021-09-28,75.29499816894531
2021-09-29,75.19999694824219
2021-09-30,74.66000366210938
2021-10-01,75.78500366210938
2021-10-04,74.02999877929688
2021-10-05,75.08499908447266
2021-10-06,75.57499694824219
2021-10-07,76.26499938964844
2021-10-08,75.9800033569336
2021-10-11,75.55999755859375
2021-10-12,75.16999816894531
2021-10-13,75.62999725341797
2021-10-14,77.33499908447266
2021-10-15,77.95500183105469
2021-10-18,78.61499786376953
2021-10-19,79.3949966430664
2021-10-20,79.17500305175781
2021-10-21,79.4800033569336
2021-10-22,79.20500183105469
2021-10-25,79.46499633789062
2021-10-26,79.69000244140625
2021-10-27,79.62000274658203
2021-10-28,80.41999816894531
2021-10-29,80.76499938964844
2021-11-01,80.6449966430664
2021-11-02,81.3550033569336
2021-11-03,81.83000183105469
2021-11-04,83.11000061035156
2021-11-05,83.54000091552734
2021-11-08,83.98999786376953
2021-11-09,83.6449966430664
2021-11-10,82.26499938964844
2021-11-11,82.6500015258789
2021-11-12,83.65499877929688
2021-11-15,83.56999969482422
2021-11-16,84.44999694824219
2021-11-17,84.19499969482422
2021-11-18,85.03500366210938
2021-11-19,85.65499877929688
2021-11-22,84.69999694824219
2021-11-23,84.50499725341797
2021-11-24,85.12000274658203
2021-11-26,82.99500274658203
2021-11-29,85.06999969482422
2021-11-30,84.36000061035156
2021-12-01,83.20500183105469
2021-12-02,83.97000122070312
2021-12-03,82.56500244140625
2021-12-06,83.3499984741211
2021-12-07,86.26000213623047
2021-12-08,86.65499877929688
2021-12-09,85.72000122070312
2021-12-10,87.44000244140625
2021-12-13,86.13999938964844
2021-12-14,84.7249984741211
2021-12-15,86.97000122070312
2021-12-16,84.50499725341797
2021-12-17,83.94000244140625
2021-12-20,82.78500366210938
2021-12-21,84.87999725341797
2021-12-22,85.98999786376953
2021-12-23,86.47000122070312
2021-12-27,88.32499694824219
2021-12-28,87.86499786376953
2021-12-29,87.94000244140625
2021-12-30,87.36000061035156
2021-12-31,86.93499755859375
2022-01-03,87.76000213623047
2022-01-04,86.83000183105469
2022-01-05,84.16000366210938
2022-01-06,83.73500061035156
2022-01-07,82.96499633789062
2022-01-10,82.9800033569336
2022-01-11,83.9749984741211
2022-01-12,84.37000274658203
2022-01-13,82.18499755859375
2022-01-14,82.87999725341797
2022-01-18,80.88999938964844
2022-01-19,79.76000213623047
2022-01-20,78.7300033569336
2022-01-21,77.16500091552734
2022-01-24,77.56500244140625
2022-01-25,75.7699966430664
2022-01-26,76.21499633789062
2022-01-27,75.69000244140625
2022-01-28,79.0
2022-01-31,80.98500061035156
2022-02-01,81.19499969482422
2022-02-02,81.8550033569336
2022-02-03,79.4800033569336
2022-02-04,79.80000305175781
2022-02-07,79.2699966430664
2022-02-08,80.25
2022-02-09,82.02999877929688
2022-02-10,79.88500213623047
2022-02-11,77.44499969482422
2022-02-14,77.41999816894531
2022-02-15,79.45500183105469
2022-02-16,79.375
2022-02-17,77.0
2022-02-18,76.22000122070312
2022-02-22,75.51499938964844
2022-02-23,73.625
2022-02-24,76.13999938964844
2022-02-25,77.17500305175781
2022-02-28,77.03500366210938
2022-03-01,75.49500274658203
2022-03-02,77.12999725341797
2022-03-03,76.20999908447266
2022-03-04,74.875
2022-03-07,72.13500213623047
2022-03-08,71.78500366210938
2022-03-09,74.625
2022-03-10,73.31999969482422
2022-03-11,72.02999877929688
2022-03-14,70.69499969482422
2022-03-15,73.06999969482422
2022-03-16,75.44499969482422
2022-03-17,75.9800033569336
2022-03-18,77.53500366210938
2022-03-21,77.24500274658203
2022-03-22,78.3550033569336
2022-03-23,77.1500015258789
2022-03-24,79.15499877929688
2022-03-25,79.11000061035156
2022-03-28,80.05000305175781
2022-03-29,81.75
2022-03-30,80.66000366210938
2022-03-31,79.46499633789062
2022-04-01,79.2300033569336
2022-04-04,80.73500061035156
2022-04-05,79.03500366210938
2022-04-06,77.16500091552734
2022-04-07,77.28500366210938
2022-04-08,76.20500183105469
2022-04-11,74.28500366210938
2022-04-12,73.95500183105469
2022-04-13,75.1449966430664
2022-04-14,73.31999969482422
2022-04-18,73.55999755859375
2022-04-19,74.94000244140625
2022-04-20,74.87000274658203
2022-04-21,73.5999984741211
2022-04-22,71.54000091552734
2022-04-25,72.61499786376953
2022-04-26,69.91000366210938
2022-04-27,70.94499969482422
2022-04-28,73.78500366210938
2022-04-29,70.70999908447266
2022-05-02,71.78500366210938
2022-05-03,71.91000366210938
2022-05-04,74.43499755859375
2022-05-05,70.8550033569336
2022-05-06,70.28500366210938
2022-05-09,67.56500244140625
2022-05-10,68.59500122070312
2022-05-11,66.43000030517578
2022-05-12,65.74500274658203
2022-05-13,67.93000030517578
2022-05-16,67.33000183105469
2022-05-17,69.27999877929688
2022-05-18,66.11000061035156
2022-05-19,65.38500213623047
2022-05-20,65.52999877929688
2022-05-23,67.03500366210938
2022-05-24,66.04000091552734
2022-05-25,66.80999755859375
2022-05-26,68.41500091552734
2022-05-27,70.7300033569336
2022-05-31,70.2249984741211
2022-06-01,70.01499938964844
2022-06-02,71.70999908447266
2022-06-03,69.99500274658203
2022-06-06,70.0
2022-06-07,70.83499908447266
2022-06-08,70.03500366210938
2022-06-09,68.16500091552734
2022-06-10,65.54499816894531
2022-06-13,62.63999938964844
2022-06-14,63.03499984741211
2022-06-15,64.36499786376953
2022-06-16,61.744998931884766
2022-06-17,62.310001373291016
2022-06-21,63.72999954223633
2022-06-22,63.459999084472656
2022-06-23,64.41000366210938
2022-06-24,66.7249984741211
2022-06-27,66.2750015258789
2022-06-28,64.29000091552734
2022-06-29,64.41999816894531
2022-06-30,63.560001373291016
2022-07-01,63.70500183105469
2022-07-05,64.50499725341797
2022-07-06,65.05999755859375
2022-07-07,66.40499877929688
2022-07-08,66.43499755859375
2022-07-11,65.5199966430664
2022-07-12,64.625
2022-07-13,64.45500183105469
2022-07-14,65.04499816894531
2022-07-15,66.19000244140625
2022-07-18,65.55000305175781
2022-07-19,67.55000305175781
2022-07-20,68.6050033569336
2022-07-21,69.56999969482422
2022-07-22,68.61000061035156
2022-07-25,68.17500305175781
2022-07-26,67.06999969482422
2022-07-27,69.95500183105469
2022-07-28,71.0199966430664
2022-07-29,72.11000061035156
2022-08-01,71.95500183105469
2022-08-02,71.44499969482422
2022-08-03,73.34500122070312
2022-08-04,73.68000030517578
2022-08-05,73.51000213623047
2022-08-08,72.88500213623047
2022-08-09,72.15499877929688
2022-08-10,74.125
2022-08-11,73.83499908447266
2022-08-12,75.30500030517578
2022-08-15,75.77999877929688
2022-08-16,75.57499694824219
2022-08-17,75.03500366210938
2022-08-18,75.42500305175781
2022-08-19,74.05500030517578
2022-08-22,71.98999786376953
2022-08-23,71.80000305175781
2022-08-24,71.84500122070312
2022-08-25,73.05999755859375
2022-08-26,69.94000244140625
2022-08-29,69.01499938964844
2022-08-30,68.29499816894531
2022-08-31,67.62999725341797
2022-09-01,67.30000305175781
2022-09-02,66.42500305175781
2022-09-06,65.98500061035156
2022-09-07,67.04000091552734
2022-09-08,67.2699966430664
2022-09-09,68.5999984741211
2022-09-12,69.69999694824219
2022-09-13,66.0
2022-09-14,66.23999786376953
2022-09-15,64.71499633789062
2022-09-16,64.3550033569336
2022-09-19,64.72000122070312
2022-09-20,64.33999633789062
2022-09-21,63.334999084472656
2022-09-22,62.689998626708984
2022-09-23,61.869998931884766
2022-09-26,61.439998626708984
2022-09-27,61.52000045776367
2022-09-28,62.16999816894531
2022-09-29,60.54999923706055
2022-09-30,59.38999938964844
2022-10-03,61.22999954223633
2022-10-04,63.28499984741211
2022-10-05,63.494998931884766
2022-10-06,62.974998474121094
2022-10-07,60.3849983215332
2022-10-10,59.369998931884766
2022-10-11,58.459999084472656
2022-10-12,58.279998779296875
2022-10-13,60.09000015258789
2022-10-14,58.400001525878906
2022-10-17,60.18000030517578
2022-10-18,60.689998626708984
2022-10-19,60.51499938964844
2022-10-20,60.54999923706055
2022-10-21,62.16999816894531
2022-10-24,63.029998779296875
2022-10-25,64.23500061035156
2022-10-26,62.80500030517578
2022-10-27,62.09000015258789
2022-10-28,64.79000091552734
2022-10-31,63.935001373291016
2022-11-01,63.400001525878906
2022-11-02,61.209999084472656
2022-11-03,59.40999984741211
2022-11-04,60.494998931884766
2022-11-07,61.505001068115234
2022-11-08,62.095001220703125
2022-11-09,60.47999954223633
2022-11-10,65.44999694824219
2022-11-11,66.56999969482422
2022-11-14,66.0
2022-11-15,66.80000305175781
2022-11-16,65.88500213623047
2022-11-17,65.97000122070312
2022-11-18,66.04499816894531
2022-11-21,65.33499908447266
2022-11-22,66.5999984741211
2022-11-23,67.19000244140625
2022-11-25,66.80000305175781
2022-11-28,65.37000274658203
2022-11-29,64.7300033569336
2022-11-30,67.9800033569336
2022-12-01,68.07499694824219
2022-12-02,67.68000030517578
2022-12-05,66.55500030517578
2022-12-06,65.12999725341797
2022-12-07,64.80000305175781
2022-12-08,65.86000061035156
2022-12-09,65.45500183105469
2022-12-12,66.88500213623047
2022-12-13,67.67500305175781
2022-12-14,67.1050033569336
2022-12-15,64.59500122070312
2022-12-16,63.7400016784668
2022-12-19,62.709999084472656
2022-12-20,62.80500030517578
2022-12-21,63.845001220703125
2022-12-22,62.23500061035156
2022-12-23,62.29999923706055
2022-12-27,61.709999084472656
2022-12-28,60.71500015258789
2022-12-29,62.30500030517578
2022-12-30,62.220001220703125
2023-01-03,61.630001068115234
2023-01-04,61.790000915527344
2023-01-05,60.59000015258789
2023-01-06,62.3650016784668
2023-01-09,63.09000015258789
2023-01-10,63.47999954223633
2023-01-11,64.58000183105469
2023-01-12,65.05999755859375
2023-01-13,65.24500274658203
2023-01-17,65.54000091552734
2023-01-18,64.69499969482422
2023-01-19,63.939998626708984
2023-01-20,65.66999816894531
2023-01-23,67.16500091552734
2023-01-24,67.13500213623047
2023-01-25,66.99500274658203
2023-01-26,68.06500244140625
2023-01-27,68.3499984741211
2023-01-30,67.04499816894531
2023-01-31,67.9800033569336
2023-02-01,69.58000183105469
2023-02-02,71.4800033569336
2023-02-03,70.88500213623047
2023-02-06,70.0199966430664
2023-02-07,71.7699966430664
2023-02-08,70.90499877929688
2023-02-09,70.51499938964844
2023-02-10,70.19000244140625
2023-02-13,71.40499877929688
2023-02-14,71.70999908447266
2023-02-15,72.04499816894531
2023-02-16,70.79499816894531
2023-02-17,69.91000366210938
2023-02-21,68.25
2023-02-22,68.1500015258789
2023-02-23,69.27999877929688
2023-02-24,68.04499816894531
2023-02-27,68.41000366210938
2023-02-28,68.26000213623047
2023-03-01,67.76000213623047
2023-03-02,68.59500122070312
2023-03-03,70.06999969482422
2023-03-06,70.40499877929688
2023-03-07,69.52999877929688
2023-03-08,70.1050033569336
2023-03-09,69.0999984741211
2023-03-10,67.88500213623047
2023-03-13,68.25499725341797
2023-03-14,69.83000183105469
2023-03-15,69.87000274658203
2023-03-16,71.83000183105469
2023-03-17,71.7300033569336
2023-03-20,71.76499938964844
2023-03-21,72.34500122070312
2023-03-22,71.625
2023-03-23,72.79000091552734
2023-03-24,72.9800033569336
2023-03-27,72.41500091552734
2023-03-28,72.07499694824219
2023-03-29,73.58499908447266
2023-03-30,74.44000244140625
2023-03-31,75.50499725341797
2023-04-03,75.38500213623047
2023-04-04,74.97000122070312
2023-04-05,74.11499786376953
2023-04-06,74.53500366210938
2023-04-10,74.49500274658203
2023-04-11,73.79499816894531
2023-04-12,73.375
2023-04-13,74.73999786376953
2023-04-14,74.32499694824219
2023-04-17,74.59500122070312
2023-04-18,74.82499694824219
2023-04-19,74.61000061035156
2023-04-20,74.12000274658203
2023-04-21,73.87999725341797
2023-04-24,73.55500030517578
2023-04-25,71.98500061035156
2023-04-26,73.05500030517578
2023-04-27,74.6050033569336
2023-04-28,75.41500091552734
2023-05-01,75.45999908447266
2023-05-02,74.75499725341797
2023-05-03,74.125
2023-05-04,73.7699966430664
2023-05-05,75.62000274658203
2023-05-08,75.58000183105469
2023-05-09,75.0
2023-05-10,75.91500091552734
2023-05-11,75.57499694824219
2023-05-12,75.4749984741211
2023-05-15,76.0999984741211
2023-05-16,76.18000030517578
2023-05-17,77.19499969482422
2023-05-18,78.7750015258789
2023-05-19,78.73999786376953
2023-05-22,78.88999938964844
2023-05-23,77.7249984741211
2023-05-24,77.15499877929688
2023-05-25,80.11499786376953
2023-05-26,82.38999938964844
2023-05-30,82.83000183105469
2023-05-31,82.13999938964844
2023-06-01,82.9749984741211
2023-06-02,83.44999694824219
2023-06-05,82.97000122070312
2023-06-06,82.94999694824219
2023-06-07,81.70999908447266
2023-06-08,82.59500122070312
2023-06-09,83.00499725341797
2023-06-12,84.80999755859375
2023-06-13,85.32499694824219
2023-06-14,86.20500183105469
2023-06-15,87.31500244140625
2023-06-16,86.59500122070312
2023-06-20,85.83000183105469
2023-06-21,84.55999755859375
2023-06-22,85.25
2023-06-23,84.32499694824219
2023-06-26,83.72000122070312
2023-06-27,85.37000274658203
2023-06-28,85.41999816894531
2023-06-29,85.56999969482422
2023-06-30,86.93000030517578
2023-07-03,86.74500274658203
2023-07-05,86.20999908447266
2023-07-06,85.9800033569336
2023-07-07,85.6050033569336
2023-07-10,85.83000183105469
2023-07-11,86.01499938964844
2023-07-12,86.98999786376953
2023-07-13,88.125
2023-07-14,87.99500274658203
2023-07-17,89.12000274658203
2023-07-18,90.12999725341797
2023-07-19,89.90499877929688
2023-07-20,88.11000061035156
2023-07-21,88.06500244140625
2023-07-24,88.22000122070312
2023-07-25,89.2300033569336
2023-07-26,88.02999877929688
2023-07-27,87.7750015258789
2023-07-28,88.97000122070312
2023-07-31,89.17500305175781
2023-08-01,89.32499694824219
2023-08-02,87.11499786376953
2023-08-03,86.76000213623047
2023-08-04,85.58000183105469
2023-08-07,85.81999969482422
2023-08-08,85.16000366210938
2023-08-09,84.05999755859375
2023-08-10,84.06999969482422
2023-08-11,83.44999694824219
2023-08-14,84.77999877929688
2023-08-15,83.94499969482422
2023-08-16,83.1449966430664
2023-08-17,82.3550033569336
2023-08-18,82.4800033569336
2023-08-21,84.05500030517578
2023-08-22,83.95999908447266
2023-08-23,85.4749984741211
2023-08-24,83.50499725341797
2023-08-25,84.3550033569336
2023-08-28,85.04499816894531
2023-08-29,86.75
2023-08-30,87.40499877929688
2023-08-31,87.83000183105469
2023-09-01,88.0999984741211
2023-09-05,88.41500091552734
2023-09-06,87.4800033569336
2023-09-07,86.21499633789062
2023-09-08,86.3949966430664
2023-09-11,86.84500122070312
2023-09-12,85.2699966430664
2023-09-13,85.48500061035156
2023-09-14,86.1050033569336
2023-09-15,84.44999694824219
2023-09-18,84.67500305175781
2023-09-19,84.62999725341797
2023-09-20,83.30000305175781
2023-09-21,82.02999877929688
2023-09-22,82.20500183105469
2023-09-25,82.47000122070312
2023-09-26,80.98500061035156
2023-09-27,81.11000061035156
2023-09-28,81.68499755859375
2023-09-29,81.96499633789062
2023-10-02,82.84500122070312
2023-10-03,81.44000244140625
2023-10-04,82.45500183105469
2023-10-05,82.56500244140625
2023-10-06,84.11000061035156
2023-10-09,84.54499816894531
2023-10-10,84.67500305175781
2023-10-11,85.45999908447266
2023-10-12,85.54000091552734
2023-10-13,84.31500244140625
2023-10-16,85.125
2023-10-17,84.7300033569336
2023-10-18,83.86000061035156
2023-10-19,83.37999725341797
2023-10-20,81.97000122070312
2023-10-23,82.06500244140625
2023-10-24,82.62999725341797
2023-10-25,81.65499877929688
2023-10-26,80.09500122070312
2023-10-27,80.55999755859375
2023-10-30,81.42500305175781
2023-10-31,82.00499725341797
2023-11-01,83.58999633789062
2023-11-02,85.00499725341797
2023-11-03,85.87999725341797
2023-11-06,86.44499969482422
2023-11-07,87.38999938964844
2023-11-08,87.88500213623047
2023-11-09,87.4749984741211
2023-11-10,89.76000213623047
2023-11-13,89.23500061035156
2023-11-14,91.0199966430664
2023-11-15,91.13500213623047
2023-11-16,91.58999633789062
2023-11-17,91.4000015258789
2023-11-20,92.7249984741211
2023-11-21,91.9749984741211
2023-11-22,92.38500213623047
2023-11-24,92.20500183105469
2023-11-27,92.19999694824219
2023-11-28,92.375
2023-11-29,92.44499969482422
2023-11-30,92.58000183105469
2023-12-01,92.79000091552734
2023-12-04,91.66000366210938
2023-12-05,92.20999908447266
2023-12-06,91.43000030517578
2023-12-07,92.54000091552734
2023-12-08,93.33000183105469
2023-12-11,94.1449966430664
2023-12-12,94.7699966430664
2023-12-13,95.6050033569336
2023-12-14,95.37000274658203
2023-12-15,95.8499984741211
2023-12-18,95.92500305175781
2023-12-19,96.29000091552734
2023-12-20,94.83499908447266
2023-12-21,95.9000015258789
2023-12-22,96.0250015258789
2023-12-26,96.42500305175781
2023-12-27,96.41999816894531
2023-12-28,96.53500366210938
2023-12-29,96.23999786376953
2024-01-02,93.72000122070312
2024-01-03,92.76499938964844
2024-01-04,92.08499908447266
2024-01-05,92.05999755859375
2024-01-08,94.37000274658203
2024-01-09,94.5199966430664
2024-01-10,95.32499694824219
2024-01-11,95.80999755859375
2024-01-12,96.12000274658203
2024-01-16,96.36000061035156
2024-01-17,95.88500213623047
2024-01-18,97.83000183105469
2024-01-19,100.08499908447266
2024-01-22,100.5250015258789
2024-01-23,100.93000030517578
2024-01-24,101.625
2024-01-25,102.05000305175781
2024-01-26,100.875
2024-01-29,101.80000305175781
2024-01-30,100.95999908447266
2024-01-31,98.83999633789062
2024-02-01,100.08499908447266
2024-02-02,101.12000274658203
2024-02-05,101.3499984741211
2024-02-06,100.88500213623047
2024-02-07,102.22000122070312
2024-02-08,102.54000091552734
2024-02-09,103.91999816894531
2024-02-12,103.12999725341797
2024-02-13,101.37999725341797
2024-02-14,102.44000244140625
2024-02-15,102.2249984741211
2024-02-16,101.28500366210938
2024-02-20,100.25499725341797
2024-02-21,99.625
2024-02-22,102.88500213623047
2024-02-23,102.6449966430664
2024-02-26,102.74500274658203
2024-02-27,102.83499908447266
2024-02-28,102.3499984741211
2024-02-29,103.48999786376953
2024-03-01,105.37999725341797
2024-03-04,105.37999725341797
2024-03-05,102.79000091552734
2024-03-06,103.6050033569336
2024-03-07,105.23999786376953
2024-03-08,103.67500305175781
2024-03-11,103.38999938964844
2024-03-12,105.51000213623047
2024-03-13,104.37000274658203
2024-03-14,104.38999938964844
2024-03-15,102.81500244140625
2024-03-18,103.1500015258789
2024-03-19,103.68499755859375
2024-03-20,104.84500122070312
2024-03-21,104.91999816894531
2024-03-22,104.95500183105469
2024-03-25,104.26000213623047
2024-03-26,103.83000183105469
2024-03-27,104.36000061035156
2024-03-28,104.13500213623047
2024-04-01,104.42500305175781
2024-04-02,103.41999816894531
2024-04-03,103.69499969482422
2024-04-04,102.05500030517578
2024-04-05,103.2249984741211
2024-04-08,103.1050033569336
2024-04-09,103.625
2024-04-10,102.3550033569336
2024-04-11,104.4000015258789
2024-04-12,102.70999908447266
2024-04-15,100.76000213623047
2024-04-16,100.87999725341797
2024-04-17,99.42500305175781
2024-04-18,98.29000091552734
2024-04-19,96.26499938964844
2024-04-22,97.125
2024-04-23,98.56500244140625
2024-04-24,99.01499938964844
2024-04-25,98.80000305175781
2024-04-26,99.91500091552734
2024-04-29,100.34500122070312
2024-04-30,98.13500213623047
2024-05-01,97.12999725341797
2024-05-02,98.52999877929688
2024-05-03,101.2750015258789
2024-05-06,102.46499633789062
2024-05-07,102.12999725341797
2024-05-08,102.41999816894531
2024-05-09,102.38999938964844
2024-05-10,102.7699966430664
2024-05-13,103.25499725341797
2024-05-14,104.16999816894531
2024-05-15,106.51499938964844
2024-05-16,106.1449966430664
2024-05-17,105.91000366210938
2024-05-20,107.15499877929688
2024-05-21,107.33000183105469
2024-05-22,107.56999969482422
2024-05-23,106.69499969482422
2024-05-24,107.59500122070312
2024-05-28,108.05000305175781
2024-05-29,107.36499786376953
2024-05-30,104.91500091552734
2024-05-31,105.08000183105469
2024-06-03,105.34500122070312
2024-06-04,105.56500244140625
2024-06-05,107.91000366210938
2024-06-06,107.55000305175781
2024-06-07,107.80000305175781
2024-06-10,108.07499694824219
2024-06-11,110.08499908447266
2024-06-12,112.5199966430664
2024-06-13,113.41000366210938
2024-06-14,113.83499908447266
2024-06-17,115.55999755859375
2024-06-18,115.70500183105469
2024-06-20,114.40499877929688
2024-06-21,114.20500183105469
2024-06-24,111.20999908447266
2024-06-25,113.25
2024-06-26,113.12000274658203
2024-06-27,113.17500305175781
2024-06-28,113.11499786376953
2024-07-01,113.97000122070312
2024-07-02,114.54000091552734
2024-07-03,116.08499908447266
2024-07-05,116.44000244140625
2024-07-08,117.23500061035156
2024-07-09,117.13999938964844
2024-07-10,118.83999633789062
2024-07-11,115.86499786376953
2024-07-12,116.9000015258789
2024-07-15,117.11000061035156
2024-07-16,116.72000122070312
2024-07-17,112.18000030517578
2024-07-18,112.19000244140625
2024-07-19,110.43499755859375
2024-07-22,113.05000305175781
2024-07-23,112.5999984741211
2024-07-24,107.94000244140625
2024-07-25,106.78500366210938
2024-07-26,108.13999938964844
2024-07-29,107.66000366210938
2024-07-30,104.95500183105469
2024-07-31,109.4000015258789
2024-08-01,105.31999969482422
2024-08-02,102.36000061035156
2024-08-05,98.94999694824219
2024-08-06,100.29499816894531
2024-08-07,98.66999816894531
2024-08-08,102.3550033569336
2024-08-09,102.81500244140625
2024-08-12,103.65499877929688
2024-08-13,106.83999633789062
2024-08-14,107.42500305175781
2024-08-15,110.51499938964844
2024-08-16,110.69999694824219
2024-08-19,112.5250015258789
2024-08-20,112.12999725341797
2024-08-21,112.79000091552734
2024-08-22,110.19499969482422
2024-08-23,111.9800033569336
2024-08-26,110.57499694824219
2024-08-27,111.24500274658203
2024-08-28,109.70999908447266
2024-08-29,108.72000122070312
2024-08-30,110.16500091552734
2024-09-03,105.1050033569336
2024-09-04,104.83499908447266
2024-09-05,104.67500305175781
2024-09-06,101.95999908447266
2024-09-09,103.62999725341797
2024-09-10,105.18000030517578
2024-09-11,108.7699966430664
2024-09-12,109.66999816894531
2024-09-13,110.22000122070312
2024-09-16,109.80000305175781
2024-09-17,109.58499908447266
2024-09-18,108.58499908447266
2024-09-19,111.80999755859375
2024-09-20,111.26499938964844
2024-09-23,111.04499816894531
2024-09-24,111.80500030517578
2024-09-25,112.125
2024-09-26,113.61000061035156
2024-09-27,112.55000305175781
2024-09-30,112.87999725341797
2024-10-01,110.12999725341797
2024-10-02,110.94499969482422
2024-10-03,111.40499877929688
2024-10-04,112.6449966430664
2024-10-07,111.87000274658203
2024-10-08,113.95999908447266
2024-10-09,115.23500061035156
2024-10-10,115.20500183105469
2024-10-11,115.40499877929688
2024-10-14,116.91000366210938
2024-10-15,114.33999633789062
2024-10-16,114.69499969482422
2024-10-17,115.04499816894531
2024-10-18,115.45500183105469
2024-10-21,115.99500274658203
2024-10-22,115.875
2024-10-23,114.21499633789062
2024-10-24,114.55000305175781
2024-10-25,115.1449966430664
2024-10-28,115.11000061035156
2024-10-29,116.66000366210938
2024-10-30,114.80500030517578
2024-10-31,111.12000274658203
2024-11-01,111.95500183105469
2024-11-04,111.87000274658203
2024-11-05,113.44499969482422
2024-11-06,116.67500305175781
2024-11-07,118.70999908447266
2024-11-08,118.58000183105469
2024-11-11,117.92500305175781
2024-11-12,118.07499694824219
2024-11-13,117.66500091552734
2024-11-14,117.26499938964844
2024-11-15,114.3550033569336
2024-11-18,114.7249984741211
2024-11-19,115.66500091552734
2024-11-20,115.56500244140625
2024-11-21,116.73999786376953
2024-11-22,116.80000305175781
2024-11-25,116.79499816894531
2024-11-26,117.37999725341797
2024-11-27,115.79000091552734
2024-11-29,116.86499786376953
2024-12-02,117.9749984741211
2024-12-03,118.4000015258789
2024-12-04,120.56500244140625
2024-12-05,119.95500183105469
2024-12-06,120.41999816894531
2024-12-09,119.63500213623047
2024-12-10,117.9749984741211
2024-12-11,119.68499755859375
2024-12-12,119.01499938964844
2024-12-13,119.5250015258789
2024-12-16,120.72000122070312
2024-12-17,119.98999786376953
2024-12-18,116.12000274658203
2024-12-19,116.24500274658203
2024-12-20,117.9800033569336
2024-12-23,119.03500366210938
2024-12-24,120.26499938964844
2024-12-26,120.34500122070312
2024-12-27,118.74500274658203
2024-12-30,117.23500061035156
2024-12-31,116.26000213623047
2025-01-02,115.98500061035156
2025-01-03,117.875
2025-01-06,119.375
2025-01-07,116.9800033569336
2025-01-08,116.94000244140625
2025-01-10,114.38999938964844
2025-01-13,113.58000183105469
2025-01-14,113.87999725341797
2025-01-15,116.1449966430664
2025-01-16,115.25
2025-01-17,117.05500030517578
2025-01-21,118.02999877929688
2025-01-22,120.69499969482422
2025-01-23,120.91000366210938
2025-01-24,119.6500015258789
2025-01-27,113.78500366210938
2025-01-28,116.81999969482422
2025-01-29,115.87000274658203
2025-01-30,116.08499908447266
2025-01-31,115.40499877929688
2025-02-03,113.8499984741211
2025-02-04,115.48999786376953
2025-02-05,117.09500122070312
2025-02-06,117.41500091552734
2025-02-07,116.41000366210938
2025-02-10,118.11000061035156
2025-02-11,118.16500091552734
2025-02-12,117.91000366210938
2025-02-13,119.58000183105469
2025-02-14,119.98500061035156
2025-02-18,121.08000183105469
2025-02-19,121.08999633789062
2025-02-20,120.70500183105469
2025-02-21,117.43499755859375
2025-02-24,115.75499725341797
2025-02-25,114.25499725341797
2025-02-26,115.5
2025-02-27,111.29499816894531
2025-02-28,112.76499938964844
2025-03-03,109.33499908447266
2025-03-04,109.25
2025-03-05,110.78500366210938
2025-03-06,107.70999908447266
2025-03-07,109.2699966430664
2025-03-10,104.625
2025-03-11,104.19999694824219
2025-03-12,105.83999633789062
2025-03-13,103.83000183105469
2025-03-14,106.97000122070312
2025-03-17,107.71499633789062
2025-03-18,106.07499694824219
2025-03-19,107.45500183105469
2025-03-20,106.69000244140625
2025-03-21,106.9800033569336
2025-03-24,108.81500244140625
2025-03-25,109.17500305175781
2025-03-26,106.73999786376953
2025-03-27,105.75499725341797
2025-03-28,103.19000244140625
2025-03-31,103.23999786376953
2025-04-01,103.99500274658203
2025-04-02,104.76499938964844
2025-04-03,97.61499786376953
2025-04-04,91.18499755859375
2025-04-07,91.7300033569336
2025-04-08,89.86499786376953
2025-04-09,101.93000030517578
2025-04-10,97.18499755859375
2025-04-11,99.17500305175781
2025-04-14,100.08000183105469
2025-04-15,100.44499969482422
2025-04-16,96.95500183105469
2025-04-17,96.43000030517578
2025-04-21,93.94000244140625
2025-04-22,96.2300033569336
2025-04-23,99.0199966430664
2025-04-24,102.71499633789062
2025-04-25,104.23500061035156
2025-04-28,104.06500244140625
2025-04-29,104.55000305175781
2025-04-30,104.98500061035156
2025-05-01,106.5250015258789
2025-05-02,108.30500030517578
2025-05-05,107.7300033569336
2025-05-06,106.83499908447266
2025-05-07,107.90499877929688
2025-05-08,108.93499755859375
2025-05-09,108.80000305175781
2025-05-12,113.8499984741211
2025-05-13,116.30999755859375
2025-05-14,117.06500244140625
2025-05-15,117.2249984741211
2025-05-16,117.44499969482422
2025-05-19,117.2750015258789
2025-05-20,116.83499908447266
2025-05-21,114.63999938964844
2025-05-22,114.66999816894531
2025-05-23,113.40499877929688
2025-05-27,116.0999984741211
2025-05-28,115.62000274658203
2025-05-29,115.81500244140625
2025-05-30,115.45500183105469
2025-06-02,116.4749984741211
2025-06-03,118.2249984741211
2025-06-04,118.4000015258789
2025-06-05,118.06500244140625
2025-06-06,119.18000030517578
2025-06-09,119.76499938964844
2025-06-10,120.43499755859375
2025-06-11,120.16999816894531
2025-06-12,121.28500366210938
2025-06-13,119.58499908447266
2025-06-16,121.5199966430664
2025-06-17,120.66000366210938
2025-06-18,120.80500030517578
2025-06-20,120.2699966430664
2025-06-23,121.44000244140625
2025-06-24,123.62000274658203
2025-06-25,124.67500305175781
2025-06-26,125.53500366210938
2025-06-27,125.38500213623047
2025-06-30,126.61499786376953
2025-07-01,125.48500061035156
2025-07-02,126.80999755859375
2025-07-03,128.47999572753906
2025-07-07,127.45999908447266
2025-07-08,128.14500427246094
2025-07-09,128.9149932861328
2025-07-10,128.49000549316406
2025-07-11,127.92500305175781
2025-07-14,127.81999969482422
2025-07-15,128.9550018310547
2025-07-16,129.35499572753906
2025-07-17,130.52999877929688
2025-07-18,130.44500732421875
2025-07-21,130.61500549316406
2025-07-22,129.40499877929688
2025-07-23,130.14500427246094
2025-07-24,130.69500732421875
2025-07-25,130.9949951171875
2025-07-28,132.0399932861328
2025-07-29,132.0449981689453
2025-07-30,132.33999633789062
2025-07-31,131.3699951171875
2025-08-01,128.53500366210938
2025-08-04,131.14500427246094
2025-08-05,130.05999755859375
2025-08-06,131.52499389648438
2025-08-07,131.64500427246094
2025-08-08,132.9600067138672
2025-08-11,132.05999755859375
2025-08-12,134.10499572753906
2025-08-13,134.15499877929688
2025-08-14,133.86500549316406
2025-08-15,132.85000610351562
2025-08-18,133.13499450683594
2025-08-19,130.80999755859375
2025-08-20,129.9250030517578
2025-08-21,129.4550018310547
2025-08-22,131.2100067138672
2025-08-25,130.9149932861328
2025-08-26,131.51499938964844
2025-08-27,132.22500610351562
2025-08-28,133.27000427246094
2025-08-29,131.22500610351562
2025-09-02,129.89999389648438
2025-09-03,130.6750030517578
2025-09-04,131.32000732421875
2025-09-05,131.42999267578125
2025-09-08,132.4149932861328
2025-09-09,132.6699981689453
2025-09-10,135.0749969482422
2025-09-11,135.52999877929688
2025-09-12,135.44000244140625
2025-09-15,136.66000366210938
2025-09-16,136.18499755859375
2025-09-17,135.71499633789062
2025-09-18,138.05999755859375
2025-09-19,139.4600067138672
2025-09-22,141.3300018310547
2025-09-23,140.11000061035156
2025-09-24,139.2449951171875
2025-09-25,139.0
2025-09-26,139.4199981689453
2025-09-29,140.1649932861328
2025-09-30,140.92999267578125
2025-10-01,142.30999755859375
2025-10-02,143.0800018310547
2025-10-03,142.36000061035156
2025-10-06,143.8000030517578
2025-10-07,142.83999633789062
2025-10-08,145.34500122070312
2025-10-09,145.10000610351562
2025-10-10,139.19500732421875
2025-10-13,142.5850067138672
2025-10-14,140.7550048828125
2025-10-15,142.14999389648438
2025-10-16,142.2550048828125
2025-10-17,142.5050048828125
2025-10-20,144.09500122070312
2025-10-21,144.1699981689453
2025-10-22,142.7449951171875
2025-10-23,144.5449981689453
2025-10-24,146.7899932861328
2025-10-27,149.5
2025-10-28,150.97999572753906
2025-10-29,152.06500244140625
2025-10-30,150.19500732421875
2025-10-31,150.33999633789062
2025-11-03,150.9550018310547
2025-11-04,146.97000122070312
2025-11-05,147.5449981689453
2025-11-06,144.5800018310547
2025-11-07,144.0800018310547
2025-11-10,147.76499938964844
2025-11-11,146.5050048828125
2025-11-12,146.9600067138672
2025-11-13,143.2949981689453
2025-11-14,144.0749969482422
2025-11-17,141.82000732421875
2025-11-18,139.51499938964844
2025-11-19,140.48500061035156
2025-11-20,136.0749969482422
2025-11-21,136.60000610351562
2025-11-24,139.85499572753906
2025-11-25,140.22999572753906
2025-11-26,141.88999938964844
2025-11-28,143.11000061035156
2025-12-01,143.1750030517578
2025-12-02,144.64999389648438
2025-12-03,144.9949951171875
2025-12-04,145.53500366210938
2025-12-05,146.60000610351562
2025-12-08,147.6300048828125
2025-12-09,148.02000427246094
2025-12-10,148.72999572753906
2025-12-11,147.97000122070312
2025-12-12,143.69000244140625
2025-12-15,142.3000030517578
2025-12-16,142.55999755859375
2025-12-17,139.38999938964844
2025-12-18,141.5399932861328
2025-12-19,144.60000610351562
2025-12-22,145.16000366210938
2025-12-23,145.9499969482422
2025-12-24,146.3000030517578
2025-12-26,146.52999877929688
2025-12-29,145.8699951171875
2025-12-30,145.41000366210938
2025-12-31,143.97000122070312
2026-01-02,144.3000030517578
2026-01-05,144.6199951171875
2026-01-06,146.64999389648438
2026-01-07,146.52999877929688
2026-01-08,144.24000549316406
2026-01-09,146.14999389648438
2026-01-12,146.7899932861328
2026-01-13,146.47999572753906
2026-01-14,144.6999969482422
2026-01-15,145.4600067138672
2026-01-16,145.6199951171875
2026-01-20,141.83999633789062
2026-01-21,143.80999755859375
2026-01-22,144.8800048828125
2026-01-23,145.08999633789062
2026-01-26,146.0800018310547
2026-01-27,148.0500030517578
2026-01-28,149.22999572753906
2026-01-29,146.8699951171875
2026-01-30,143.8800048828125
2026-02-02,145.25999450683594
2026-02-03,142.0800018310547
2026-02-04,138.1199951171875
2026-02-05,135.6300048828125
2026-02-06,141.1300048828125
2026-02-09,143.35000610351562
2026-02-10,142.5500030517578
2026-02-11,142.97000122070312
2026-02-12,139.2100067138672
2026-02-13,139.55999755859375
2026-02-17,139.47999572753906
2026-02-18,140.91000366210938
2026-02-19,140.2100067138672
2026-02-20,140.8800048828125
2026-02-23,138.52000427246094
2026-02-24,140.32000732421875
2026-02-25,143.00999450683594
2026-02-26,141.00999450683594
2026-02-27,138.75999450683594
2026-03-02,139.5399932861328
2026-03-03,137.5
2026-03-04,139.83999633789062
2026-03-05,140.17999267578125
2026-03-06,137.2899932861328
2026-03-09,139.75999450683594
2026-03-10,139.75999450683594
2026-03-11,140.42999267578125
2026-03-12,137.83999633789062
2026-03-13,136.8000030517578
2026-03-16,138.77999877929688
2026-03-17,139.5399932861328
2026-03-18,137.9600067138672
2026-03-19,138.42999267578125
2026-03-20,135.2899932861328
2026-03-23,136.9499969482422
2026-03-24,136.14999389648438
2026-03-25,136.75999450683594
2026-03-26,132.5
2026-03-27,129.9199981689453
2026-03-30,127.5
2026-03-31,132.89999389648438
2026-04-01,134.91000366210938
2026-04-02,135.99000549316406
2026-04-06,136.77999877929688
2026-04-07,137.42999267578125
2026-04-08,141.69000244140625
2026-04-09,142.07000732421875
2026-04-10,142.6199951171875
2026-04-13,145.61000061035156
2026-04-14,147.94000244140625
2026-04-15,150.3000030517578
2026-04-16,152.02000427246094
2026-04-17,154.35000610351562
2026-04-20,154.55999755859375
2026-04-21,154.69000244140625
2026-04-22,158.08999633789062
2026-04-23,155.83999633789062
2026-04-24,160.22000122070312
2026-04-27,160.57000732421875
2026-04-28,157.85000610351562
2026-04-29,159.11000061035156
2026-04-30,159.5
2026-05-01,161.8699951171875
2026-05-04,162.0500030517578
2026-05-05,165.6300048828125
2026-05-06,170.02999877929688
2026-05-07,169.69000244140625
2026-05-08,175.52000427246094
2026-05-11,177.8800048828125
2026-05-12,175.1999969482422
2026-05-13,176.85000610351562
2026-05-14,179.5
2026-05-15,176.25999450683594
2026-05-18,174.36000061035156
2026-05-19,173.24000549316406
2026-05-20,177.13999938964844
2026-05-21,178.60000610351562
2026-05-22,180.38999938964844
2026-05-26,185.13999938964844
